CustomerId,Geography,County
15634602,France,Paris
15647311,Spain,Madrid
15619304,France,Marseille
15701354,France,Lyon
15737888,Spain,Barcelona
15574012,Spain,Barcelona
15592531,France,Paris
15656148,Germany,Frankfurt
15792365,France,Paris
15592389,France,Nice
15767821,France,Toulouse
15737173,Spain,Madrid
15632264,France,Paris
15691483,France,Paris
15600882,Spain,Barcelona
15643966,Germany,Hamburg
15737452,Germany,Frankfurt
15788218,Spain,Bilbao
15661507,Spain,Madrid
15568982,France,Nice
15577657,France,Lyon
15597945,Spain,Bilbao
15699309,Spain,Seville
15725737,France,Lyon
15625047,France,Toulouse
15738191,France,Nice
15736816,Germany,Munich
15700772,France,Paris
15728693,Germany,Hamburg
15656300,France,Toulouse
15589475,Spain,Valencia
15706552,France,Marseille
15750181,Germany,Hamburg
15659428,Spain,Barcelona
15732963,Spain,Valencia
15794171,France,Paris
15788448,Spain,Madrid
15729599,Spain,Seville
15717426,France,Paris
15585768,Germany,Munich
15619360,Spain,Valencia
15738148,France,Nice
15687946,France,Marseille
15755196,France,Paris
15684171,Spain,Seville
15754849,Germany,Frankfurt
15602280,Germany,Berlin
15771573,Germany,Cologne
15766205,Germany,Berlin
15771873,Germany,Frankfurt
15616550,Germany,Munich
15768193,Germany,Frankfurt
15683553,France,Marseille
15702298,Germany,Frankfurt
15569590,Germany,Hamburg
15760861,France,Paris
15630053,France,Paris
15647091,Germany,Hamburg
15623944,Spain,Valencia
15804771,France,Paris
15651280,Germany,Hamburg
15773469,Germany,Berlin
15702014,Spain,Seville
15751208,Spain,Valencia
15592461,Germany,Cologne
15789484,Germany,Munich
15696061,Germany,Hamburg
15641582,Germany,Munich
15638424,Germany,Munich
15755648,France,Lyon
15703793,Germany,Munich
15620344,France,Paris
15812518,Spain,Bilbao
15779052,Germany,Hamburg
15770811,France,Nice
15780961,France,Lyon
15614049,France,Lyon
15662085,France,Toulouse
15575185,Spain,Seville
15803136,Germany,Munich
15706021,France,Nice
15663706,France,Lyon
15641732,France,Marseille
15701164,France,Paris
15738751,France,Lyon
15805254,Spain,Madrid
15762418,Spain,Valencia
15625759,France,Toulouse
15622897,France,Marseille
15767954,Germany,Berlin
15757535,Spain,Barcelona
15731511,France,Nice
15809248,France,Marseille
15640635,France,Lyon
15676966,Spain,Seville
15699461,Spain,Seville
15738721,Spain,Seville
15693683,Germany,Hamburg
15604348,Spain,Valencia
15633059,France,Lyon
15808582,France,Lyon
15743192,France,Nice
15580146,France,Nice
15776605,Spain,Valencia
15804919,Spain,Bilbao
15613854,Spain,Seville
15599195,Germany,Frankfurt
15812878,Germany,Cologne
15602312,Spain,Valencia
15744689,Germany,Hamburg
15803526,Germany,Hamburg
15665790,Germany,Frankfurt
15715951,France,Toulouse
15591100,Spain,Madrid
15609618,Germany,Berlin
15675522,Germany,Berlin
15705512,Germany,Hamburg
15698028,France,Lyon
15661670,Germany,Cologne
15600781,Germany,Frankfurt
15682472,France,Paris
15580203,Spain,Seville
15690673,France,Toulouse
15760085,Germany,Frankfurt
15779659,France,Toulouse
15627360,France,Nice
15671137,France,Marseille
15782688,Germany,Frankfurt
15575492,France,Paris
15591607,France,Paris
15740404,France,Nice
15718369,Germany,Munich
15677871,France,Marseille
15642004,France,Paris
15712543,Germany,Munich
15584518,Germany,Cologne
15802381,Germany,Hamburg
15610156,France,Toulouse
15594408,Spain,Madrid
15640905,Spain,Valencia
15698932,Germany,Frankfurt
15724944,France,Lyon
15628145,France,Nice
15713483,Spain,Madrid
15612350,France,Marseille
15800703,Spain,Bilbao
15705707,Spain,Bilbao
15754105,France,Lyon
15703264,France,Lyon
15794413,France,Marseille
15650237,Spain,Barcelona
15759618,France,Nice
15811589,Spain,Bilbao
15689044,France,Paris
15709368,France,Nice
15679145,Spain,Valencia
15655007,France,Toulouse
15623595,Spain,Madrid
15589975,France,Paris
15804017,Germany,Munich
15692132,Spain,Valencia
15641122,France,Lyon
15630910,France,Paris
15680772,Spain,Barcelona
15658929,Spain,Bilbao
15585388,Germany,Berlin
15724623,Germany,Berlin
15588537,Spain,Seville
15574692,Spain,Madrid
15611325,Germany,Frankfurt
15587562,France,Lyon
15613172,Germany,Hamburg
15651022,Germany,Cologne
15586310,France,Nice
15625524,France,Lyon
15755209,Spain,Valencia
15645248,France,Nice
15790355,Germany,Frankfurt
15762615,Spain,Seville
15625426,Germany,Hamburg
15716334,Spain,Bilbao
15789669,France,Lyon
15621075,Germany,Munich
15810845,France,Toulouse
15719377,France,Marseille
15654506,France,Toulouse
15771977,France,Nice
15708710,Spain,Seville
15726676,Spain,Madrid
15587421,Germany,Hamburg
15726931,France,Lyon
15771086,France,Paris
15756850,France,Marseille
15702741,France,Paris
15679200,Spain,Bilbao
15594815,France,Nice
15635905,Spain,Barcelona
15777892,Germany,Frankfurt
15656176,France,Lyon
15811127,France,Paris
15604482,Spain,Madrid
15622911,France,Paris
15600974,Spain,Barcelona
15727868,France,Paris
15627801,Spain,Madrid
15773039,France,Marseille
15755262,Spain,Madrid
15679531,France,Nice
15684181,France,Lyon
15612087,France,Marseille
15752047,Germany,Cologne
15624592,France,Lyon
15573152,France,Nice
15594917,France,Lyon
15785542,Germany,Frankfurt
15723488,Germany,Frankfurt
15680920,France,Toulouse
15786308,Spain,Barcelona
15659366,France,Toulouse
15774854,France,Toulouse
15725311,France,Lyon
15787155,Spain,Madrid
15727829,France,Paris
15733247,France,Toulouse
15568748,Germany,Munich
15699029,France,Toulouse
15774393,France,Toulouse
15676895,Germany,Cologne
15637753,Germany,Berlin
15605461,Germany,Berlin
15808473,France,Paris
15627000,France,Toulouse
15787174,France,Marseille
15723886,Germany,Berlin
15704769,France,Lyon
15772896,Germany,Hamburg
15711540,France,Lyon
15764866,Germany,Frankfurt
15794056,France,Toulouse
15795149,France,Lyon
15812009,Spain,Seville
15651001,Germany,Hamburg
15813844,France,Marseille
15596175,Germany,Cologne
15576269,Spain,Barcelona
15797219,France,Paris
15685500,Germany,Cologne
15599792,France,Nice
15657566,Germany,Berlin
15772423,Germany,Berlin
15628112,Germany,Frankfurt
15753754,Spain,Madrid
15793726,France,Paris
15694717,Germany,Hamburg
15665834,Spain,Barcelona
15765297,Spain,Seville
15636684,France,Toulouse
15592979,Germany,Cologne
15750803,France,Lyon
15607178,Germany,Cologne
15713853,Germany,Berlin
15673481,Spain,Barcelona
15686776,France,Toulouse
15673693,France,Paris
15700696,Spain,Seville
15813163,Spain,Valencia
15653857,France,Toulouse
15777076,France,Marseille
15717398,Spain,Seville
15799217,Germany,Frankfurt
15787071,Spain,Seville
15619955,Germany,Hamburg
15796505,Germany,Hamburg
15725166,France,Marseille
15800116,Germany,Hamburg
15758685,Spain,Madrid
15694456,France,Nice
15767339,France,Nice
15683562,France,Paris
15782210,France,Marseille
15668893,France,Paris
15669169,Spain,Madrid
15643024,Germany,Frankfurt
15699389,France,Toulouse
15708608,France,Nice
15626144,France,Nice
15573112,Spain,Barcelona
15790678,France,Paris
15727556,Spain,Bilbao
15697307,Spain,Madrid
15652266,Germany,Hamburg
15607098,Spain,Madrid
15655774,France,Nice
15590241,Spain,Madrid
15785819,France,Lyon
15723654,France,Toulouse
15774510,France,Paris
15684173,Spain,Bilbao
15650068,France,Lyon
15811490,France,Nice
15803976,France,Nice
15682541,Spain,Madrid
15695699,France,Nice
15624188,France,Paris
15812191,France,Toulouse
15636673,France,Nice
15594898,France,Nice
15660211,Germany,Frankfurt
15773972,France,Marseille
15746726,Germany,Munich
15712287,France,Lyon
15702919,Germany,Munich
15674398,France,Lyon
15797960,Germany,Munich
15631868,Spain,Seville
15581539,Spain,Barcelona
15662736,France,Marseille
15666252,Spain,Seville
15677512,Spain,Valencia
15626114,France,Paris
15810834,Spain,Madrid
15678910,France,Toulouse
15694408,France,Nice
15585215,France,Nice
15682757,France,Paris
15736601,France,Paris
15601848,France,Nice
15736008,France,Lyon
15669064,Germany,Frankfurt
15624528,Germany,Munich
15598493,France,Lyon
15601274,Spain,Valencia
15702669,Germany,Berlin
15728669,Germany,Hamburg
15742668,Spain,Valencia
15697441,France,Marseille
15740476,Germany,Hamburg
15648064,France,Toulouse
15636624,Spain,Bilbao
15807923,Germany,Munich
15745844,Germany,Frankfurt
15786170,France,Nice
15681081,Spain,Madrid
15684484,France,Nice
15785869,France,Marseille
15763859,France,Paris
15658935,Germany,Hamburg
15747358,Germany,Munich
15735203,Germany,Berlin
15576256,France,Paris
15659420,Spain,Bilbao
15593365,Spain,Barcelona
15777352,Spain,Valencia
15812007,Spain,Valencia
15625461,France,Nice
15739438,France,Lyon
15611759,Spain,Valencia
15661629,Spain,Barcelona
15633950,France,Marseille
15592386,France,Nice
15803716,Spain,Seville
15696674,Germany,Munich
15706365,France,Paris
15745088,Germany,Berlin
15676715,France,Toulouse
15613085,Spain,Valencia
15633537,Germany,Berlin
15594720,Germany,Berlin
15684042,Germany,Munich
15583303,France,Lyon
15611579,Spain,Valencia
15774696,Germany,Hamburg
15694506,Germany,Cologne
15688074,Germany,Frankfurt
15759537,Germany,Cologne
15758449,France,Nice
15583456,Germany,Berlin
15667871,Spain,Madrid
15677371,Spain,Madrid
15629677,Spain,Barcelona
15713578,France,Nice
15591509,France,Paris
15568240,Germany,Munich
15622993,Germany,Frankfurt
15689294,Germany,Frankfurt
15720910,France,Lyon
15721181,Spain,Seville
15776433,Spain,Barcelona
15748936,Spain,Madrid
15717225,France,Marseille
15685226,Germany,Munich
15785611,Germany,Berlin
15573456,Spain,Valencia
15684548,Spain,Barcelona
15620505,Spain,Barcelona
15807432,Germany,Berlin
15584766,France,Marseille
15612187,Germany,Frankfurt
15762218,France,Toulouse
15646372,France,Nice
15690452,France,Lyon
15747795,Germany,Hamburg
15781589,Spain,Barcelona
15732674,Spain,Barcelona
15642291,France,Toulouse
15692761,France,Paris
15578045,Spain,Barcelona
15745354,Spain,Valencia
15701376,Germany,Cologne
15691625,Germany,Hamburg
15566594,Spain,Valencia
15760431,France,Lyon
15686302,Spain,Madrid
15801559,Germany,Cologne
15810432,Spain,Madrid
15809616,Spain,Seville
15720559,Germany,Hamburg
15695632,France,Lyon
15659843,France,Toulouse
15615624,France,Marseille
15810418,Germany,Munich
15716186,France,Lyon
15674551,Germany,Hamburg
15622834,France,Paris
15566111,France,Lyon
15784597,France,Toulouse
15652883,Germany,Munich
15806964,France,Marseille
15576313,Germany,Berlin
15806467,Germany,Munich
15597602,Germany,Munich
15743040,Germany,Frankfurt
15705521,Germany,Cologne
15595039,Germany,Frankfurt
15799384,France,Marseille
15581197,France,Paris
15693737,Germany,Berlin
15624623,France,Marseille
15783501,France,Lyon
15690134,Germany,Frankfurt
15782735,France,Marseille
15611088,France,Paris
15672145,France,Paris
15732628,France,Nice
15787470,Spain,Seville
15803406,France,Marseille
15730460,France,Marseille
15644572,France,Toulouse
15694860,France,Nice
15658169,Spain,Bilbao
15794396,Germany,Berlin
15785798,France,Toulouse
15710825,Spain,Bilbao
15668444,Spain,Barcelona
15726631,France,Marseille
15733797,France,Paris
15747960,France,Toulouse
15634632,France,Paris
15707362,Germany,Frankfurt
15662976,Spain,Bilbao
15732778,Germany,Hamburg
15718443,France,Marseille
15670039,Spain,Seville
15773792,France,Paris
15613786,Spain,Valencia
15726032,France,Nice
15663252,Spain,Valencia
15593782,Germany,Berlin
15633283,France,Marseille
15749167,France,Nice
15759298,Spain,Valencia
15683625,France,Toulouse
15635367,France,Marseille
15681705,France,Toulouse
15603156,France,Marseille
15591986,Germany,Frankfurt
15798888,Germany,Hamburg
15809722,France,Lyon
15677538,France,Toulouse
15797736,France,Toulouse
15695585,Spain,Barcelona
15744398,France,Nice
15750658,France,Nice
15578186,Germany,Munich
15676519,Spain,Seville
15637954,France,Nice
15758639,France,Paris
15613772,France,Marseille
15731744,France,Marseille
15807709,Germany,Hamburg
15714689,Spain,Seville
15699005,France,Nice
15624170,France,Nice
15725679,France,Marseille
15585865,France,Toulouse
15804256,Germany,Cologne
15662403,France,Toulouse
15733616,France,Lyon
15591995,Germany,Frankfurt
15677020,France,Toulouse
15727688,Spain,Barcelona
15715941,France,Paris
15714485,France,Marseille
15730059,Spain,Bilbao
15715527,Spain,Bilbao
15576623,France,Marseille
15805565,Germany,Berlin
15677307,Germany,Hamburg
15773890,France,Marseille
15598883,Spain,Barcelona
15568506,Germany,Hamburg
15761043,Germany,Hamburg
15782236,Spain,Madrid
15593601,France,Paris
15682048,France,Lyon
15746902,Spain,Seville
15752081,France,Nice
15781307,Germany,Berlin
15775912,France,Toulouse
15745417,France,Toulouse
15671256,France,Nice
15653547,France,Lyon
15595766,Spain,Seville
15742358,Germany,Cologne
15763274,France,Toulouse
15786063,France,Lyon
15600258,France,Lyon
15573318,France,Paris
15653849,Germany,Berlin
15694272,France,Toulouse
15736112,Spain,Barcelona
15749851,Spain,Barcelona
15663478,France,Nice
15592300,Spain,Seville
15567832,France,Paris
15776780,France,Nice
15592846,Germany,Hamburg
15739803,Spain,Madrid
15794142,Germany,Cologne
15762729,Germany,Hamburg
15667896,France,Toulouse
15626578,France,Nice
15776223,France,Nice
15705953,Spain,Bilbao
15802593,France,Marseille
15615457,Spain,Seville
15708916,France,Nice
15720187,Germany,Frankfurt
15595440,France,Toulouse
15600651,France,Nice
15750141,Germany,Cologne
15657284,Germany,Hamburg
15763063,Spain,Seville
15709324,France,Toulouse
15711309,Germany,Munich
15775318,Spain,Barcelona
15705515,Germany,Munich
15634844,Germany,Frankfurt
15717046,Spain,Seville
15571816,Spain,Barcelona
15670080,Germany,Munich
15800440,Spain,Seville
15665678,Spain,Madrid
15665956,France,Marseille
15788126,Spain,Barcelona
15811773,France,Marseille
15651674,Spain,Valencia
15689614,Spain,Valencia
15795564,Germany,Frankfurt
15706647,France,Paris
15728505,France,Lyon
15730076,France,Lyon
15622003,France,Lyon
15607312,Spain,Seville
15644753,Spain,Barcelona
15653620,France,Lyon
15761986,Spain,Madrid
15633922,France,Toulouse
15734674,France,Toulouse
15658032,France,Marseille
15692671,Spain,Bilbao
15737741,Spain,Seville
15576352,Spain,Seville
15753719,Germany,Berlin
15803689,Germany,Hamburg
15718057,France,Toulouse
15722010,Spain,Seville
15680998,France,Nice
15614782,France,Paris
15591047,Spain,Bilbao
15788291,Germany,Cologne
15604044,France,Toulouse
15679587,France,Paris
15775153,Spain,Valencia
15603925,Spain,Valencia
15680970,Germany,Cologne
15697183,Spain,Seville
15567446,Germany,Frankfurt
15637476,Germany,Frankfurt
15714939,Germany,Frankfurt
15683503,France,Lyon
15645569,Spain,Seville
15782569,France,Lyon
15592387,France,Marseille
15609286,France,Toulouse
15814035,France,Toulouse
15661249,France,Paris
15629117,France,Toulouse
15607170,France,Marseille
15586585,Germany,Cologne
15686611,France,Lyon
15603203,France,Toulouse
15619857,France,Lyon
15805062,Spain,Bilbao
15660271,Germany,Frankfurt
15745295,Spain,Madrid
15719352,Spain,Seville
15766575,Germany,Frankfurt
15594594,Spain,Bilbao
15646161,Spain,Madrid
15682585,France,Paris
15603134,Spain,Seville
15636444,Germany,Hamburg
15773456,Germany,Cologne
15745307,Spain,Barcelona
15604119,Spain,Madrid
15626900,France,Marseille
15605447,France,Toulouse
15589030,France,Marseille
15692463,Spain,Barcelona
15712403,France,Toulouse
15811762,Germany,Munich
15718673,Spain,Valencia
15724282,Germany,Cologne
15738181,France,Marseille
15633648,Spain,Seville
15603323,Spain,Valencia
15583725,France,Paris
15588350,France,Toulouse
15798398,France,Paris
15784844,Spain,Bilbao
15580684,France,Paris
15809663,France,Marseille
15640078,Germany,Hamburg
15698786,France,Paris
15569807,France,Paris
15730830,France,Paris
15805112,France,Lyon
15633064,France,Lyon
15703119,France,Paris
15730447,France,Nice
15813850,France,Lyon
15711889,France,Lyon
15664610,Germany,Hamburg
15751710,Spain,Seville
15692926,Germany,Berlin
15813741,Spain,Bilbao
15698474,Germany,Hamburg
15568595,France,Toulouse
15603065,France,Marseille
15592937,Germany,Munich
15699637,Spain,Barcelona
15667215,France,Nice
15788659,France,Nice
15763218,France,Paris
15645772,France,Lyon
15725511,France,Marseille
15575024,France,Paris
15640825,Spain,Bilbao
15662397,France,Paris
15576368,Germany,Munich
15674991,France,Nice
15721024,France,Toulouse
15745621,Spain,Seville
15642394,Spain,Barcelona
15754605,France,Paris
15607040,Spain,Bilbao
15715142,Germany,Hamburg
15810978,Spain,Madrid
15668886,Spain,Valencia
15780804,France,Nice
15613880,Spain,Madrid
15775238,Germany,Frankfurt
15786905,Germany,Berlin
15747867,France,Marseille
15600337,Spain,Bilbao
15801277,France,Toulouse
15579334,Germany,Munich
15802741,France,Paris
15720649,France,Nice
15589493,Germany,Munich
15688251,France,Paris
15665238,Germany,Cologne
15740900,France,Toulouse
15681068,France,Paris
15748625,France,Toulouse
15727299,Spain,Valencia
15620204,Germany,Cologne
15669516,Spain,Barcelona
15736534,Germany,Cologne
15803457,France,Lyon
15659098,France,Nice
15603436,Spain,Valencia
15566292,Spain,Bilbao
15808621,Germany,Frankfurt
15580148,Germany,Cologne
15776231,Germany,Cologne
15773809,France,Toulouse
15649423,France,Nice
15734886,France,Marseille
15722548,France,Marseille
15650288,Germany,Hamburg
15629448,Spain,Madrid
15716164,France,Marseille
15807609,Spain,Seville
15578977,France,Lyon
15677369,Germany,Cologne
15804072,Spain,Bilbao
15696859,France,Nice
15653780,France,Toulouse
15721658,Spain,Valencia
15578761,Spain,Madrid
15736879,France,Toulouse
15571973,France,Marseille
15626742,France,Lyon
15672692,France,Toulouse
15673570,France,Lyon
15767432,France,Marseille
15654238,France,Marseille
15612525,France,Marseille
15812750,France,Marseille
15790757,France,Nice
15723873,Spain,Valencia
15744607,Germany,Frankfurt
15612966,Germany,Berlin
15784209,France,Nice
15794278,Spain,Barcelona
15766741,France,Paris
15661036,France,Lyon
15705639,France,Toulouse
15637414,France,Toulouse
15716835,France,Nice
15696231,France,Lyon
15641675,France,Toulouse
15670755,France,Toulouse
15640059,France,Toulouse
15787619,France,Paris
15587535,Spain,Madrid
15813034,Spain,Valencia
15698839,Germany,Hamburg
15790314,France,Toulouse
15634245,Germany,Hamburg
15677305,France,Marseille
15661526,Germany,Frankfurt
15685997,Spain,Valencia
15660101,France,Toulouse
15637979,Germany,Frankfurt
15815364,Spain,Bilbao
15647099,France,Marseille
15625944,France,Toulouse
15583212,France,Nice
15582741,France,Marseille
15637876,Germany,Munich
15622750,Germany,Cologne
15672056,Germany,Munich
15812351,Spain,Valencia
15810864,France,Marseille
15677921,Germany,Hamburg
15724296,Spain,Madrid
15685329,France,Lyon
15584091,Germany,Munich
15640442,France,Paris
15639314,France,Nice
15685320,France,Lyon
15789158,Germany,Hamburg
15752137,France,Lyon
15712551,Germany,Cologne
15628936,Spain,Valencia
15797227,France,Nice
15769974,Spain,Bilbao
15737051,France,Nice
15585595,France,Marseille
15654060,France,Paris
15745196,France,Lyon
15571221,Germany,Munich
15660155,Spain,Barcelona
15605284,France,Marseille
15694366,Germany,Hamburg
15600739,Spain,Valencia
15653253,Spain,Madrid
15763431,France,Nice
15643696,France,Lyon
15707473,Germany,Munich
15769504,Germany,Berlin
15776807,France,Paris
15686870,Germany,Frankfurt
15668747,France,Marseille
15766908,Germany,Hamburg
15570134,France,Toulouse
15567367,Germany,Berlin
15747542,France,Paris
15762238,Germany,Frankfurt
15681554,Germany,Munich
15712825,Spain,Seville
15640280,France,Toulouse
15756026,Spain,Seville
15613319,France,Marseille
15798906,France,Lyon
15708917,Germany,Berlin
15778463,France,Marseille
15699430,France,Toulouse
15649992,Spain,Madrid
15578980,Spain,Madrid
15775306,Germany,Cologne
15641655,France,Toulouse
15619708,France,Paris
15734565,France,Nice
15806438,Germany,Berlin
15591969,Spain,Barcelona
15747807,France,Lyon
15596939,Germany,Frankfurt
15716155,France,Marseille
15765311,Spain,Madrid
15757811,Spain,Barcelona
15603830,Spain,Madrid
15660602,Germany,Frankfurt
15660535,France,Toulouse
15666633,Spain,Bilbao
15596914,Germany,Frankfurt
15639788,France,Nice
15695846,France,Lyon
15726234,Spain,Bilbao
15797964,Germany,Cologne
15625881,Germany,Cologne
15780628,France,Toulouse
15575883,France,Marseille
15585036,Spain,Bilbao
15589488,Germany,Cologne
15585888,Spain,Valencia
15727915,France,Nice
15707567,Germany,Frankfurt
15737792,France,Paris
15599433,Germany,Frankfurt
15672012,Spain,Madrid
15806983,France,Lyon
15592222,France,Lyon
15608968,Germany,Munich
15586959,France,Paris
15646558,Spain,Barcelona
15725811,France,Lyon
15572265,Germany,Hamburg
15794048,Germany,Frankfurt
15677610,Germany,Berlin
15745012,France,Lyon
15601589,France,Paris
15686436,Spain,Seville
15693864,Germany,Cologne
15760550,Spain,Bilbao
15686137,Spain,Seville
15809087,France,Marseille
15807663,France,Paris
15809100,France,Lyon
15794916,France,Marseille
15614215,France,Marseille
15805449,France,Toulouse
15686983,Germany,Berlin
15808017,France,Lyon
15756804,France,Marseille
15646810,Germany,Frankfurt
15710424,France,Lyon
15799422,France,Toulouse
15692750,Germany,Berlin
15794549,France,Nice
15803764,France,Lyon
15674840,France,Lyon
15653762,France,Marseille
15581229,Germany,Hamburg
15800228,Spain,Madrid
15656333,France,Paris
15697497,France,Lyon
15585362,France,Marseille
15571928,France,Nice
15785519,France,Nice
15743007,France,Marseille
15777211,France,Toulouse
15721935,France,Paris
15591711,Spain,Seville
15625021,France,Marseille
15702968,Germany,Cologne
15600462,France,Marseille
15768104,Spain,Bilbao
15780140,Germany,Frankfurt
15585255,France,Toulouse
15772781,France,Toulouse
15669987,Germany,Berlin
15697000,Germany,Frankfurt
15733119,France,Paris
15782390,France,Toulouse
15654700,France,Marseille
15632210,Germany,Frankfurt
15642041,Germany,Munich
15709737,France,Paris
15792388,France,Paris
15786014,France,Lyon
15794580,France,Nice
15675964,France,Nice
15814275,France,Paris
15724848,France,Marseille
15754713,Spain,Bilbao
15693814,Spain,Madrid
15599660,France,Lyon
15746490,Spain,Seville
15566091,Spain,Bilbao
15655961,Germany,Cologne
15710404,France,Marseille
15775625,France,Lyon
15792328,France,Nice
15719856,France,Toulouse
15593773,Spain,Seville
15733114,Spain,Madrid
15797748,France,Toulouse
15743411,Spain,Valencia
15753337,France,Toulouse
15601026,Germany,Munich
15658485,France,Marseille
15636731,Germany,Berlin
15628303,Spain,Barcelona
15633461,Germany,Munich
15677135,Germany,Cologne
15590876,France,Toulouse
15790782,Spain,Valencia
15700476,Germany,Cologne
15634141,Germany,Frankfurt
15737795,Spain,Madrid
15790299,Spain,Seville
15675316,France,Paris
15613630,France,Marseille
15662100,Germany,Munich
15668032,France,Marseille
15599289,France,Paris
15754084,Spain,Seville
15676521,France,Nice
15804586,France,Paris
15781465,Germany,Frankfurt
15729362,France,Toulouse
15709295,Spain,Seville
15745324,Spain,Madrid
15741336,France,Lyon
15783659,France,Nice
15620981,France,Marseille
15630328,France,Nice
15785899,Germany,Cologne
15606149,Germany,Cologne
15671139,Spain,Madrid
15660429,Spain,Barcelona
15571002,France,Marseille
15631681,Spain,Bilbao
15731522,Spain,Barcelona
15619529,Spain,Valencia
15628034,France,Toulouse
15686164,Germany,Cologne
15582797,Spain,Madrid
15753831,Spain,Madrid
15731815,Spain,Bilbao
15580956,Germany,Hamburg
15602084,France,Lyon
15589805,France,Marseille
15720893,Spain,Bilbao
15641009,France,Paris
15605926,Germany,Frankfurt
15805955,France,Toulouse
15801488,France,Paris
15605918,Germany,Hamburg
15779711,Spain,Madrid
15705620,France,Toulouse
15685357,Spain,Madrid
15570060,France,Lyon
15582616,France,Toulouse
15799515,France,Marseille
15642937,France,Nice
15624729,France,Marseille
15566156,Germany,Cologne
15792360,France,Toulouse
15807008,Germany,Cologne
15704770,France,Lyon
15756475,Germany,Cologne
15655339,France,Nice
15613749,Spain,Barcelona
15664521,Spain,Seville
15681206,France,Lyon
15745527,France,Nice
15806926,France,Nice
15724563,Germany,Hamburg
15782899,Spain,Madrid
15623521,Spain,Valencia
15810218,Spain,Seville
15645621,Spain,Valencia
15608114,Spain,Bilbao
15659557,Germany,Munich
15787772,France,Paris
15691111,Germany,Munich
15592089,France,Marseille
15633897,Germany,Frankfurt
15701301,France,Nice
15723685,Germany,Cologne
15701602,Germany,Hamburg
15739189,Spain,Seville
15573086,France,Nice
15569050,France,Toulouse
15750765,Spain,Valencia
15799811,France,Marseille
15698442,Spain,Bilbao
15655274,France,Nice
15603594,Spain,Seville
15585961,Spain,Seville
15686936,France,Marseille
15770424,Germany,Hamburg
15587451,Germany,Hamburg
15602010,Germany,Frankfurt
15600583,France,Toulouse
15654673,France,Lyon
15717164,Spain,Seville
15765014,France,Paris
15682639,France,Marseille
15729279,France,Toulouse
15759805,France,Toulouse
15767864,France,Toulouse
15769948,Germany,Hamburg
15686345,Spain,Seville
15688071,Spain,Madrid
15681174,France,Lyon
15667521,France,Nice
15750243,Spain,Bilbao
15695475,France,Marseille
15689176,France,Paris
15652955,Spain,Seville
15668958,France,Paris
15631054,France,Nice
15581479,France,Toulouse
15577478,France,Paris
15780870,Spain,Barcelona
15692317,France,Toulouse
15593969,Spain,Barcelona
15570417,France,Paris
15779059,France,Toulouse
15785980,Spain,Valencia
15644200,Spain,Valencia
15793949,France,Nice
15645103,Germany,Cologne
15705860,Germany,Berlin
15623828,France,Marseille
15715003,Spain,Bilbao
15623471,Germany,Cologne
15798348,Spain,Valencia
15743016,Spain,Seville
15769499,Spain,Bilbao
15798521,Spain,Madrid
15706534,France,Nice
15706186,Germany,Berlin
15812197,France,Lyon
15650933,Spain,Valencia
15692991,Spain,Barcelona
15631189,Germany,Berlin
15762198,France,Toulouse
15699598,France,Paris
15692744,France,Paris
15688963,France,Toulouse
15599131,Germany,Hamburg
15680303,France,Marseille
15628674,France,Paris
15648075,Germany,Berlin
15586970,Germany,Munich
15625698,Spain,Madrid
15790497,Spain,Valencia
15682618,France,Marseille
15762937,Germany,Munich
15750929,Spain,Seville
15729832,France,Lyon
15633650,Germany,Hamburg
15748856,France,Nice
15589195,Germany,Cologne
15699911,Spain,Bilbao
15663438,Spain,Barcelona
15692583,France,Lyon
15591257,France,Lyon
15646513,France,Paris
15708063,France,Nice
15696098,France,Toulouse
15645517,Spain,Bilbao
15649744,France,Lyon
15604304,Germany,Cologne
15784092,France,Nice
15585198,France,Lyon
15624347,France,Lyon
15621687,France,Toulouse
15689081,France,Marseille
15813168,Germany,Cologne
15604295,France,Marseille
15724127,France,Paris
15673055,Spain,Seville
15768201,France,Marseille
15782219,Spain,Bilbao
15746410,Spain,Barcelona
15780144,Germany,Berlin
15590476,France,Toulouse
15624293,France,Marseille
15618182,France,Nice
15660316,Germany,Munich
15678886,Germany,Cologne
15616330,France,Marseille
15592229,France,Toulouse
15798424,Germany,Munich
15714750,France,Lyon
15648800,Germany,Cologne
15626147,France,Toulouse
15626608,Spain,Madrid
15723250,France,Lyon
15592583,France,Toulouse
15759381,Spain,Bilbao
15585241,Spain,Valencia
15589358,Germany,Frankfurt
15672704,France,Marseille
15789955,Germany,Munich
15596800,Germany,Berlin
15627305,Spain,Seville
15645316,Germany,Munich
15593973,Spain,Madrid
15647301,Germany,Frankfurt
15750258,France,Paris
15685309,France,Nice
15628205,Germany,Cologne
15733974,Spain,Valencia
15762110,France,Lyon
15706899,France,Nice
15732660,France,Marseille
15656121,Germany,Hamburg
15614220,France,Lyon
15645269,France,Nice
15698510,Germany,Munich
15569247,Spain,Barcelona
15566251,France,Paris
15716134,France,Paris
15763625,Spain,Valencia
15605965,France,Toulouse
15694821,Germany,Berlin
15601688,France,Nice
15575581,Germany,Munich
15671209,Germany,Hamburg
15616529,Spain,Madrid
15773906,France,Marseille
15722993,France,Marseille
15752463,Spain,Seville
15589754,Germany,Hamburg
15669899,Germany,Hamburg
15766887,Spain,Barcelona
15768006,France,Nice
15741295,France,Marseille
15811327,Spain,Bilbao
15690007,Germany,Frankfurt
15690664,Spain,Valencia
15719348,France,Lyon
15781802,France,Marseille
15752731,France,Toulouse
15600997,Germany,Munich
15750776,France,Marseille
15723907,Germany,Berlin
15633419,Germany,Cologne
15702430,France,Paris
15710456,France,Lyon
15650351,France,Lyon
15590820,Spain,Seville
15640454,Germany,Frankfurt
15697789,Germany,Munich
15808182,Spain,Madrid
15588670,Spain,Seville
15721292,Spain,Madrid
15604217,France,Marseille
15651369,France,Nice
15782454,France,Paris
15814032,Germany,Cologne
15570326,France,Marseille
15624428,Germany,Munich
15755638,France,Nice
15600992,France,Toulouse
15755649,Germany,Munich
15795228,France,Paris
15589257,France,Lyon
15719302,France,Toulouse
15639882,France,Paris
15791279,France,Nice
15636935,France,Nice
15686909,Germany,Munich
15589572,Spain,Bilbao
15779947,Spain,Barcelona
15573769,France,Paris
15578866,France,Toulouse
15739131,Germany,Munich
15813444,Spain,Seville
15678058,France,Paris
15769169,France,Lyon
15804602,Germany,Berlin
15651052,Germany,Berlin
15724334,France,Marseille
15569451,France,Toulouse
15650098,France,Paris
15724307,France,Paris
15599268,Spain,Barcelona
15594864,Germany,Frankfurt
15616451,France,Lyon
15715667,France,Toulouse
15658969,France,Toulouse
15738174,France,Marseille
15813590,Spain,Bilbao
15624229,France,Toulouse
15674148,Spain,Bilbao
15625080,Spain,Barcelona
15682528,France,Toulouse
15696900,Germany,Berlin
15730038,France,Toulouse
15812272,Germany,Frankfurt
15654654,Germany,Cologne
15697625,France,Marseille
15616280,France,Paris
15654229,Spain,Valencia
15628298,Spain,Barcelona
15733387,Spain,Seville
15775572,Germany,Cologne
15613844,France,Lyon
15578515,France,Marseille
15607598,Spain,Madrid
15742480,Germany,Munich
15749482,Spain,Bilbao
15607537,Germany,Munich
15575410,Germany,Berlin
15684865,France,Toulouse
15600700,Germany,Munich
15774155,Germany,Hamburg
15634267,France,Paris
15619626,France,Toulouse
15660422,France,Paris
15617934,France,Lyon
15760774,France,Nice
15813132,Germany,Berlin
15593331,Germany,Berlin
15616709,Germany,Munich
15658052,France,Lyon
15721189,France,Lyon
15711288,France,Nice
15770030,Spain,Barcelona
15803681,France,Paris
15702789,Germany,Frankfurt
15814930,Germany,Hamburg
15658306,France,Nice
15699523,Germany,Hamburg
15610383,France,Lyon
15615032,Spain,Valencia
15781989,France,Lyon
15647402,France,Nice
15740494,France,Paris
15701265,Germany,Munich
15743532,Germany,Hamburg
15794870,Germany,Hamburg
15747591,Spain,Bilbao
15726557,France,Marseille
15732199,Spain,Barcelona
15662291,France,Paris
15749050,France,Paris
15781586,Germany,Hamburg
15617078,France,Paris
15723339,France,Marseille
15671322,Germany,Hamburg
15793854,France,Nice
15756539,Germany,Munich
15612064,France,Paris
15625916,Spain,Barcelona
15683195,France,Marseille
15690182,Germany,Berlin
15721719,France,Lyon
15641690,Spain,Seville
15634896,France,Nice
15671590,Spain,Madrid
15779182,Spain,Madrid
15778287,France,Toulouse
15609510,France,Toulouse
15742229,France,Marseille
15658532,Spain,Bilbao
15590993,Spain,Bilbao
15565701,Spain,Madrid
15597239,Spain,Seville
15688880,Germany,Frankfurt
15813917,Germany,Hamburg
15679611,Spain,Bilbao
15636589,France,Paris
15687752,France,Nice
15584363,France,Marseille
15737748,Spain,Seville
15803365,Spain,Madrid
15793247,France,Paris
15572360,France,Toulouse
15795166,Germany,Cologne
15724620,France,Toulouse
15800856,Spain,Madrid
15671097,France,Toulouse
15683930,Germany,Cologne
15749004,France,Paris
15800434,Germany,Berlin
15709117,Spain,Valencia
15638806,Spain,Bilbao
15662294,France,Lyon
15690079,Spain,Madrid
15759317,Germany,Hamburg
15750497,France,Marseille
15596181,France,Nice
15576602,France,Nice
15644833,France,Nice
15734634,Spain,Valencia
15808689,France,Toulouse
15720702,France,Nice
15665077,France,Nice
15763612,Germany,Munich
15596493,France,Toulouse
15704483,France,Nice
15598846,France,Nice
15629244,Spain,Seville
15765537,Germany,Berlin
15729975,France,Paris
15682773,France,Nice
15688007,Spain,Barcelona
15574331,Germany,Cologne
15645572,France,Toulouse
15742854,Spain,Barcelona
15575417,Germany,Cologne
15796721,France,Marseille
15734942,Germany,Cologne
15664772,Germany,Cologne
15576683,Spain,Seville
15682563,Spain,Madrid
15650889,Germany,Munich
15612108,France,Toulouse
15761132,Spain,Valencia
15645511,Spain,Valencia
15609824,France,Marseille
15640268,Spain,Barcelona
15645778,Spain,Seville
15691104,Germany,Berlin
15714567,Spain,Madrid
15777826,France,Paris
15668445,France,Paris
15576162,France,Toulouse
15778135,Spain,Madrid
15613141,France,Marseille
15635435,France,Lyon
15596552,Germany,Frankfurt
15623644,Spain,Madrid
15683403,Spain,Bilbao
15615029,Spain,Bilbao
15769005,France,Nice
15746326,France,Marseille
15722364,France,Paris
15704954,France,Toulouse
15694409,Germany,Munich
15754068,France,Toulouse
15683841,Germany,Berlin
15789095,Spain,Valencia
15719958,Germany,Frankfurt
15689514,France,Marseille
15621353,Spain,Valencia
15627232,Germany,Berlin
15745843,Spain,Bilbao
15722902,Germany,Frankfurt
15791767,France,Lyon
15792722,France,Lyon
15723006,France,Toulouse
15771942,Germany,Hamburg
15774738,France,Paris
15574004,France,Marseille
15587233,France,Nice
15808228,Spain,Valencia
15682834,Spain,Madrid
15571752,Germany,Munich
15743067,Germany,Frankfurt
15714466,France,Lyon
15617982,Spain,Seville
15696637,France,Nice
15690647,Spain,Bilbao
15672756,France,Nice
15704586,France,Nice
15674526,France,Paris
15775295,France,Nice
15684196,France,Marseille
15727281,France,Paris
15787835,Germany,Hamburg
15730540,Spain,Valencia
15646276,France,Marseille
15582180,France,Marseille
15697095,Spain,Valencia
15748797,Spain,Madrid
15754796,Germany,Hamburg
15628947,France,Lyon
15775546,Spain,Bilbao
15670481,France,Toulouse
15619029,Spain,Madrid
15613282,France,Lyon
15721487,France,Paris
15797276,Spain,Madrid
15612494,France,Nice
15629617,Spain,Barcelona
15600821,France,Toulouse
15579062,France,Toulouse
15814268,France,Toulouse
15710164,France,Marseille
15693904,Germany,Hamburg
15588986,Germany,Munich
15797733,Germany,Munich
15620507,Germany,Munich
15685150,Germany,Frankfurt
15667651,Spain,Bilbao
15774166,Germany,Berlin
15649280,Germany,Berlin
15705657,France,Lyon
15753969,Spain,Barcelona
15742378,Germany,Frankfurt
15794874,Spain,Madrid
15589221,Germany,Berlin
15596671,Spain,Valencia
15583668,France,Toulouse
15710206,France,Toulouse
15799966,Germany,Cologne
15794560,France,Nice
15626485,France,Toulouse
15703143,France,Toulouse
15809772,France,Marseille
15687959,Spain,Barcelona
15585282,France,Nice
15714993,France,Paris
15596021,Spain,Valencia
15646615,Germany,Cologne
15742632,France,Paris
15574068,Germany,Munich
15806967,France,Nice
15796334,Germany,Cologne
15688713,Spain,Bilbao
15796179,France,Marseille
15598751,France,Paris
15703019,France,Lyon
15646302,France,Toulouse
15680855,France,Nice
15697311,Spain,Madrid
15585367,Germany,Berlin
15726556,Germany,Hamburg
15676242,Spain,Valencia
15684198,France,Lyon
15774882,France,Lyon
15714227,France,Marseille
15608653,Spain,Valencia
15784280,Germany,Munich
15789546,Spain,Madrid
15590320,France,Paris
15678385,France,Toulouse
15571778,France,Toulouse
15657085,France,Lyon
15640627,Spain,Barcelona
15566211,Germany,Cologne
15669293,France,Nice
15595067,Spain,Barcelona
15753566,France,Nice
15650391,France,Nice
15681843,Germany,Munich
15814846,France,Paris
15670374,Germany,Cologne
15762332,Germany,Berlin
15700223,France,Toulouse
15729956,Spain,Madrid
15594862,France,Toulouse
15598782,Germany,Berlin
15745080,France,Marseille
15703399,France,Nice
15732175,France,Toulouse
15630725,France,Nice
15640260,Germany,Cologne
15716822,France,Toulouse
15583748,Spain,Valencia
15605968,France,Paris
15790683,France,Toulouse
15607713,Spain,Madrid
15700212,France,Marseille
15626710,France,Lyon
15716491,Spain,Bilbao
15625824,Spain,Seville
15617705,France,Marseille
15761976,Spain,Madrid
15634891,Germany,Cologne
15744517,Spain,Madrid
15686963,Spain,Barcelona
15808189,France,Toulouse
15580845,Germany,Frankfurt
15799156,Spain,Seville
15694296,France,Nice
15677049,Germany,Berlin
15583595,France,Toulouse
15590146,France,Marseille
15801548,France,Marseille
15660833,Germany,Hamburg
15762277,France,Marseille
15791302,France,Lyon
15798975,Germany,Berlin
15599956,France,Nice
15577274,Germany,Berlin
15701200,France,Nice
15638149,France,Nice
15786199,France,Lyon
15701765,Spain,Valencia
15586974,France,Marseille
15729040,France,Lyon
15788676,Spain,Barcelona
15602497,Spain,Madrid
15701333,France,Lyon
15812071,France,Marseille
15634375,Spain,Barcelona
15738267,France,Lyon
15786800,Germany,Frankfurt
15591130,Spain,Barcelona
15720662,France,Paris
15751531,Spain,Barcelona
15653595,France,Toulouse
15568360,Spain,Seville
15781210,France,Nice
15668058,Germany,Frankfurt
15597131,France,Toulouse
15697283,Spain,Bilbao
15640953,France,Nice
15715031,France,Marseille
15589660,Germany,Munich
15769818,France,Lyon
15782736,Germany,Cologne
15614818,Spain,Madrid
15794014,France,Toulouse
15732448,France,Toulouse
15723411,Spain,Valencia
15797686,France,Marseille
15605950,Germany,Frankfurt
15812497,Germany,Berlin
15690678,France,Marseille
15747677,Spain,Bilbao
15618926,Spain,Madrid
15673908,Germany,Munich
15727944,Germany,Cologne
15807294,Spain,Seville
15618581,Spain,Madrid
15584364,France,Paris
15599552,Spain,Valencia
15749177,Spain,Valencia
15718779,France,Paris
15568106,France,Paris
15779481,France,Nice
15709994,France,Nice
15772777,Spain,Bilbao
15706815,Germany,Cologne
15618018,France,Toulouse
15671032,Germany,Frankfurt
15634281,Germany,Frankfurt
15766374,Germany,Berlin
15600991,Germany,Cologne
15777576,Spain,Bilbao
15742613,Germany,Hamburg
15649523,France,Marseille
15651063,Germany,Frankfurt
15683124,France,Toulouse
15618314,France,Nice
15670823,Germany,Hamburg
15607133,Spain,Madrid
15615012,France,Toulouse
15725141,France,Paris
15623560,France,Marseille
15693018,Germany,Berlin
15636756,France,Nice
15647474,France,Lyon
15576714,Spain,Madrid
15585047,France,Lyon
15743976,Germany,Cologne
15793881,France,Toulouse
15576517,Germany,Frankfurt
15631072,France,Nice
15730394,France,Nice
15631460,Spain,Barcelona
15692002,France,Marseille
15595282,France,Marseille
15789548,France,Marseille
15758035,France,Toulouse
15617518,Germany,Cologne
15651802,Spain,Valencia
15631813,France,Nice
15729668,Spain,Madrid
15741728,Spain,Valencia
15576676,Germany,Berlin
15711378,France,Marseille
15765520,Germany,Berlin
15656726,France,Nice
15647842,Germany,Cologne
15719309,France,Marseille
15748718,France,Marseille
15594404,France,Nice
15751158,France,Lyon
15593470,Germany,Munich
15695129,France,Paris
15640865,Germany,Frankfurt
15714080,Germany,Hamburg
15648721,France,Marseille
15801466,France,Marseille
15750248,France,Toulouse
15758726,France,Lyon
15781553,Germany,Frankfurt
15649121,France,Paris
15674811,Germany,Munich
15646037,France,Nice
15722578,Germany,Cologne
15665695,France,Marseille
15801062,Spain,Barcelona
15662955,France,Nice
15770309,France,Paris
15657386,Germany,Cologne
15777797,Spain,Bilbao
15783955,France,Marseille
15804516,France,Paris
15681758,Spain,Valencia
15630321,France,Marseille
15588248,France,Lyon
15591932,France,Lyon
15810347,Spain,Valencia
15595303,Germany,Cologne
15634950,Germany,Hamburg
15685372,Spain,Barcelona
15745827,France,Lyon
15755868,France,Lyon
15735222,Spain,Madrid
15604804,France,Marseille
15718944,France,Paris
15678626,Spain,Bilbao
15571550,France,Nice
15723053,Germany,Frankfurt
15661528,Spain,Madrid
15754177,Spain,Valencia
15683544,Spain,Bilbao
15708048,France,Lyon
15701109,France,Nice
15600110,Germany,Cologne
15651533,Germany,Hamburg
15777904,France,Lyon
15655574,Germany,Hamburg
15569423,Spain,Bilbao
15718106,France,Lyon
15585067,Spain,Seville
15675501,France,Paris
15633233,France,Toulouse
15667134,France,Marseille
15659105,France,Lyon
15575409,Germany,Cologne
15752342,Germany,Frankfurt
15654851,France,Marseille
15741429,Spain,Seville
15682356,France,Lyon
15806447,Germany,Frankfurt
15800229,Germany,Hamburg
15663441,Germany,Munich
15791991,France,Toulouse
15775082,France,Lyon
15579706,France,Marseille
15718247,Spain,Bilbao
15755722,France,Toulouse
15582259,France,Toulouse
15716994,Spain,Valencia
15586880,Germany,Cologne
15713854,France,Nice
15780835,Germany,Frankfurt
15675896,Germany,Cologne
15658459,Spain,Barcelona
15658057,Spain,Barcelona
15801767,Spain,Bilbao
15569178,France,Lyon
15731478,France,Marseille
15811236,Spain,Madrid
15746749,Spain,Seville
15662758,France,Marseille
15709387,France,Nice
15572093,France,Paris
15713826,Germany,Frankfurt
15570205,Spain,Madrid
15589348,Spain,Valencia
15804610,France,Paris
15700854,Spain,Barcelona
15758836,Spain,Valencia
15772933,Spain,Seville
15809006,France,Nice
15689612,Spain,Barcelona
15744614,France,Toulouse
15704250,France,Paris
15700255,Germany,Hamburg
15669410,France,Toulouse
15807595,Germany,Munich
15664523,Germany,Berlin
15642833,France,Toulouse
15605279,France,Paris
15713644,Spain,Seville
15750466,Germany,Frankfurt
15739054,France,Marseille
15612771,France,Lyon
15788483,Spain,Seville
15732832,France,Paris
15772892,France,Marseille
15713843,Spain,Barcelona
15567993,Spain,Madrid
15617603,Germany,Munich
15744983,Spain,Madrid
15630419,France,Marseille
15738828,Germany,Hamburg
15778025,Germany,Hamburg
15799479,Spain,Madrid
15684269,Spain,Valencia
15762745,Spain,Seville
15746970,Spain,Barcelona
15725024,Germany,Cologne
15592116,France,Toulouse
15624391,Spain,Bilbao
15567422,France,Paris
15612627,Germany,Berlin
15574879,Germany,Berlin
15745107,Germany,Munich
15734491,Spain,Barcelona
15675320,Spain,Barcelona
15643824,France,Nice
15643438,France,Nice
15721730,Spain,Bilbao
15680727,France,Toulouse
15752508,Germany,Berlin
15808846,Germany,Munich
15727251,France,Lyon
15663489,Germany,Munich
15683677,Spain,Madrid
15596414,Spain,Madrid
15730639,France,Lyon
15672132,France,Toulouse
15742638,France,Nice
15578603,Germany,Cologne
15726088,France,Paris
15682533,France,Paris
15772995,France,Toulouse
15765694,Spain,Bilbao
15659486,Germany,Frankfurt
15568963,Germany,Berlin
15703820,France,Nice
15569410,Germany,Frankfurt
15632256,France,Lyon
15724466,Germany,Hamburg
15777639,Spain,Valencia
15802501,Germany,Cologne
15778410,Spain,Madrid
15670702,France,Nice
15704763,Germany,Munich
15645544,Germany,Hamburg
15757646,France,Nice
15701121,France,Toulouse
15796313,France,Lyon
15815660,France,Paris
15602844,France,Nice
15636238,France,Marseille
15770101,Germany,Berlin
15645543,France,Nice
15596397,France,Nice
15770525,Spain,Bilbao
15684267,Germany,Frankfurt
15689980,Spain,Bilbao
15633260,France,Paris
15756471,Germany,Cologne
15721303,Spain,Seville
15802256,France,Paris
15725664,France,Toulouse
15674851,France,Marseille
15701946,France,Marseille
15748947,France,Paris
15673342,France,Marseille
15601008,France,Paris
15771636,Spain,Valencia
15642002,France,Lyon
15693381,Spain,Madrid
15607691,France,Nice
15589380,Germany,Munich
15603846,Spain,Barcelona
15753549,France,Paris
15725355,France,Marseille
15773017,Spain,Bilbao
15625641,Germany,Munich
15776467,Spain,Barcelona
15746451,Spain,Seville
15777922,Spain,Seville
15606841,France,Lyon
15757648,Germany,Hamburg
15677173,France,Paris
15764170,Germany,Cologne
15610446,France,Paris
15612776,Spain,Valencia
15794122,France,Lyon
15774931,France,Paris
15779247,Spain,Barcelona
15707078,France,Paris
15605263,France,Marseille
15607381,Germany,Munich
15683471,France,Nice
15605037,France,Toulouse
15576085,France,Nice
15770435,France,Toulouse
15592994,France,Marseille
15624068,France,Paris
15595221,Germany,Hamburg
15637131,France,Marseille
15613471,Germany,Munich
15583499,France,Paris
15752816,France,Marseille
15804075,Germany,Munich
15800517,Spain,Madrid
15712319,Spain,Valencia
15797389,Spain,Seville
15621432,Spain,Seville
15779390,Spain,Seville
15711219,Germany,Cologne
15770498,France,Marseille
15678727,Germany,Hamburg
15573893,Germany,Cologne
15740104,Spain,Seville
15792649,Spain,Valencia
15605275,Germany,Frankfurt
15572467,France,Marseille
15738219,France,Paris
15600710,France,Toulouse
15804394,Germany,Berlin
15694188,Spain,Seville
15583718,Germany,Frankfurt
15802478,Spain,Barcelona
15619343,France,Nice
15758813,Germany,Munich
15761374,France,Marseille
15569209,Spain,Madrid
15788539,France,Paris
15747222,Spain,Valencia
15769346,France,Marseille
15699634,France,Marseille
15589076,France,Toulouse
15812338,Spain,Bilbao
15758845,Spain,Seville
15685844,Germany,Hamburg
15583090,Spain,Seville
15587581,Germany,Munich
15633640,France,Toulouse
15573741,Spain,Madrid
15633574,France,Marseille
15711455,Germany,Frankfurt
15570601,France,Toulouse
15690925,Spain,Valencia
15709338,France,Paris
15780746,France,Paris
15681956,France,Toulouse
15778190,Spain,Valencia
15786852,Germany,Frankfurt
15726494,France,Lyon
15641183,Spain,Madrid
15805312,France,Lyon
15636572,France,Nice
15632575,France,Toulouse
15740164,France,Paris
15574947,France,Lyon
15597909,Germany,Berlin
15782574,Spain,Barcelona
15734999,Spain,Valencia
15706593,Spain,Valencia
15766686,Germany,Cologne
15590268,Spain,Bilbao
15763055,Spain,Madrid
15664754,Germany,Frankfurt
15643630,Spain,Barcelona
15641043,Spain,Seville
15768095,France,Marseille
15811314,Germany,Munich
15669922,Spain,Seville
15707114,France,Paris
15670602,Germany,Frankfurt
15713479,France,Lyon
15663830,Spain,Bilbao
15566958,Spain,Valencia
15680918,Spain,Seville
15663921,France,Marseille
15716324,France,Marseille
15796969,France,Lyon
15574783,France,Paris
15773487,Germany,Berlin
15802486,France,Lyon
15783398,Spain,Seville
15649418,France,Nice
15604588,Spain,Seville
15735428,Spain,Bilbao
15629078,Germany,Berlin
15806880,Spain,Valencia
15754999,France,Marseille
15781034,Spain,Seville
15622017,Spain,Barcelona
15705885,Spain,Bilbao
15677382,Spain,Valencia
15566843,Germany,Cologne
15608387,France,Lyon
15810786,France,Paris
15626983,Spain,Barcelona
15773605,Spain,Madrid
15811261,Spain,Seville
15590606,France,Lyon
15576644,Germany,Cologne
15750264,Germany,Berlin
15741554,Spain,Valencia
15769051,Spain,Valencia
15812198,Germany,Berlin
15699772,Germany,Frankfurt
15744105,France,Nice
15739858,France,Marseille
15723720,France,Marseille
15638355,France,Lyon
15805637,France,Lyon
15629575,France,Marseille
15586243,France,Nice
15757931,France,Lyon
15716023,France,Paris
15647782,Germany,Hamburg
15716609,Germany,Hamburg
15623791,Spain,Barcelona
15627262,Germany,Cologne
15652693,France,Paris
15586993,Spain,Valencia
15815560,Germany,Frankfurt
15584930,Germany,Frankfurt
15799031,France,Marseille
15810457,Germany,Cologne
15697879,France,Nice
15594902,France,Lyon
15799710,France,Nice
15659651,Germany,Berlin
15645956,Spain,Madrid
15651713,France,Marseille
15737265,Germany,Cologne
15687310,Spain,Seville
15607347,France,Nice
15698321,Germany,Cologne
15657812,France,Toulouse
15569187,Spain,Bilbao
15681562,France,Paris
15615456,France,Lyon
15589793,France,Marseille
15781884,Germany,Berlin
15675190,France,Toulouse
15600734,Spain,Seville
15779176,Germany,Frankfurt
15605286,France,Marseille
15674922,France,Lyon
15737506,France,Nice
15780514,France,Nice
15623647,Spain,Barcelona
15668472,Spain,Barcelona
15692416,Spain,Seville
15771139,Germany,Frankfurt
15738318,France,Paris
15772243,France,Paris
15638463,Germany,Frankfurt
15598088,Spain,Barcelona
15693468,Spain,Valencia
15671930,France,Lyon
15762268,France,Lyon
15780954,Spain,Valencia
15700174,Spain,Barcelona
15635728,France,Marseille
15679283,France,Nice
15591386,France,Marseille
15694192,Spain,Madrid
15585901,Spain,Valencia
15792329,Germany,Hamburg
15635597,France,Nice
15775880,France,Marseille
15630913,Spain,Barcelona
15756680,France,Marseille
15587913,Spain,Bilbao
15737605,Spain,Bilbao
15627876,Spain,Madrid
15772601,Germany,Frankfurt
15758606,France,Lyon
15657107,Spain,Bilbao
15622454,Spain,Bilbao
15775803,Spain,Barcelona
15570859,Germany,Hamburg
15748381,France,Nice
15787189,Germany,Frankfurt
15666055,France,Marseille
15617648,France,Nice
15755678,France,Paris
15624781,France,Paris
15779497,France,Paris
15567399,Germany,Berlin
15613656,France,Nice
15734311,France,Marseille
15657214,France,Lyon
15799350,France,Nice
15729970,Germany,Cologne
15725835,Germany,Frankfurt
15745543,France,Paris
15727384,Germany,Cologne
15666916,France,Nice
15732917,Germany,Munich
15612050,Spain,Valencia
15726267,France,Toulouse
15780124,France,Lyon
15742238,Germany,Cologne
15679024,France,Marseille
15715297,Germany,Cologne
15633612,France,Paris
15602929,Spain,Madrid
15696703,Germany,Hamburg
15756668,France,Toulouse
15565779,Germany,Cologne
15795519,Germany,Cologne
15761477,Germany,Cologne
15731890,France,Lyon
15633043,Spain,Valencia
15752953,France,Nice
15603088,Spain,Barcelona
15606613,France,Marseille
15635939,France,Marseille
15666043,France,Marseille
15746190,Spain,Seville
15591357,France,Lyon
15658716,Germany,Munich
15679909,Spain,Bilbao
15634262,Germany,Frankfurt
15799825,France,Paris
15756875,Spain,Valencia
15678146,Spain,Barcelona
15710743,France,Toulouse
15595831,Germany,Berlin
15626684,France,Marseille
15709846,France,Toulouse
15635459,Germany,Hamburg
15642544,France,Lyon
15566494,France,Paris
15655238,France,Paris
15733429,Germany,Munich
15814536,France,Toulouse
15771702,France,Nice
15723008,France,Toulouse
15797160,France,Lyon
15792222,France,Lyon
15644765,Germany,Munich
15610686,France,Nice
15730868,France,Marseille
15705991,Germany,Hamburg
15577078,Spain,Barcelona
15679550,France,Toulouse
15787655,France,Nice
15668081,Spain,Seville
15747980,Spain,Seville
15710295,Germany,Munich
15724443,Germany,Cologne
15571305,Germany,Berlin
15569503,France,Paris
15581840,France,Toulouse
15772262,Germany,Frankfurt
15767794,France,Toulouse
15629338,Spain,Barcelona
15790379,Germany,Hamburg
15750684,France,Nice
15697214,Spain,Valencia
15711015,France,Paris
15573309,Spain,Madrid
15805303,Germany,Munich
15741385,Germany,Cologne
15780254,France,Nice
15744843,Spain,Seville
15815626,France,Marseille
15784736,France,Nice
15813412,France,Paris
15809143,Germany,Berlin
15617617,Spain,Seville
15779738,France,Lyon
15668669,France,Marseille
15687477,Germany,Munich
15578908,Spain,Seville
15687658,France,Marseille
15615020,Germany,Berlin
15608886,France,Toulouse
15602551,Spain,Madrid
15672945,France,Nice
15757408,Spain,Bilbao
15806132,France,Lyon
15813022,Spain,Valencia
15673578,Germany,Frankfurt
15757916,France,Marseille
15689168,Spain,Madrid
15769216,France,Toulouse
15593295,France,Nice
15804814,France,Toulouse
15778934,Spain,Bilbao
15802351,Germany,Munich
15630241,France,Nice
15719561,France,Nice
15615096,France,Paris
15659931,Germany,Hamburg
15714586,Spain,Madrid
15634949,Germany,Cologne
15589224,Spain,Valencia
15795990,Germany,Munich
15603216,France,Nice
15631201,Spain,Valencia
15686255,Germany,Hamburg
15746594,Spain,Barcelona
15718893,Germany,Frankfurt
15671609,France,Nice
15652540,France,Toulouse
15774857,France,Nice
15791836,France,Paris
15651554,Germany,Berlin
15583576,France,Paris
15732740,Spain,Barcelona
15723320,Germany,Munich
15603851,France,Toulouse
15777923,France,Nice
15735719,France,Toulouse
15703482,Germany,Hamburg
15605835,France,Nice
15664881,France,Nice
15757568,France,Lyon
15792660,France,Marseille
15599722,Spain,Bilbao
15726354,France,Marseille
15610355,France,Lyon
15704284,Germany,Cologne
15621893,France,Nice
15588219,France,Marseille
15688619,Spain,Bilbao
15765518,France,Marseille
15616931,France,Nice
15758372,France,Nice
15782591,France,Nice
15612109,France,Toulouse
15613712,Spain,Bilbao
15639322,Spain,Valencia
15594349,France,Toulouse
15574167,France,Paris
15811842,Spain,Valencia
15648794,Spain,Valencia
15771211,France,Paris
15588614,France,Toulouse
15630698,France,Nice
15694200,France,Marseille
15721426,Germany,Berlin
15725997,France,Nice
15762138,France,Toulouse
15750649,France,Marseille
15685706,France,Nice
15641835,France,Nice
15586821,France,Lyon
15569678,Germany,Berlin
15793842,France,Nice
15667554,France,Toulouse
15794479,Spain,Barcelona
15585041,France,Nice
15780650,France,Nice
15780846,France,Toulouse
15805260,Germany,Hamburg
15621629,Germany,Hamburg
15662151,France,Paris
15747174,Germany,Frankfurt
15651585,Germany,Berlin
15649738,France,Lyon
15633108,France,Paris
15769254,Germany,Cologne
15704746,Spain,Valencia
15637644,France,Toulouse
15609562,Spain,Barcelona
15787459,Spain,Seville
15762902,France,Lyon
15738605,Germany,Cologne
15724889,Spain,Bilbao
15730735,France,Nice
15689147,France,Toulouse
15730397,Spain,Madrid
15762169,Germany,Hamburg
15589320,Spain,Bilbao
15799211,Spain,Barcelona
15798310,France,Nice
15609998,Germany,Munich
15583548,Spain,Seville
15761763,France,Nice
15764409,France,Toulouse
15710161,France,Marseille
15735246,Spain,Barcelona
15791700,Germany,Cologne
15670753,Spain,Bilbao
15573876,Spain,Valencia
15770174,France,Nice
15641114,France,Marseille
15682435,France,Marseille
15751788,Spain,Bilbao
15672598,Spain,Seville
15762803,France,Lyon
15812982,Spain,Barcelona
15597901,France,Marseille
15731507,France,Nice
15809826,France,Marseille
15764237,Spain,Barcelona
15769917,Germany,Munich
15641850,France,Marseille
15770974,Germany,Hamburg
15803749,Germany,Cologne
15684999,France,Marseille
15770225,France,Toulouse
15627484,France,Marseille
15610337,Spain,Bilbao
15752488,Spain,Valencia
15610056,Germany,Munich
15806049,Germany,Berlin
15736069,Germany,Frankfurt
15763662,Germany,Frankfurt
15615575,France,Toulouse
15691723,Spain,Seville
15774098,Germany,Munich
15750808,Spain,Barcelona
15744368,Spain,Valencia
15610594,France,Paris
15756125,Spain,Valencia
15623277,France,Paris
15795954,France,Marseille
15671969,Spain,Seville
15791268,Spain,Valencia
15713655,France,Toulouse
15633930,Spain,Barcelona
15712849,Germany,Hamburg
15639077,France,Nice
15808784,France,Marseille
15648577,France,Nice
15670345,Germany,Munich
15633112,Germany,Hamburg
15714397,Germany,Berlin
15780038,Spain,Bilbao
15756305,France,Nice
15578799,France,Lyon
15800326,Spain,Barcelona
15785485,Germany,Berlin
15783958,Spain,Bilbao
15727546,France,Lyon
15739576,Spain,Barcelona
15631333,Spain,Madrid
15604782,Germany,Berlin
15589643,Spain,Seville
15585533,France,Marseille
15681506,Spain,Seville
15630551,France,Paris
15698349,Spain,Barcelona
15776631,France,Paris
15762216,France,Nice
15623927,France,Lyon
15681402,Germany,Cologne
15586264,France,Toulouse
15594685,France,Toulouse
15812945,France,Lyon
15734628,France,Marseille
15629323,Germany,Munich
15666823,France,Marseille
15777553,France,Paris
15613097,France,Paris
15622217,France,Nice
15703588,Germany,Hamburg
15570835,Germany,Frankfurt
15679299,Spain,Madrid
15808044,France,Lyon
15579208,France,Toulouse
15684951,France,Lyon
15667620,France,Paris
15582960,France,Toulouse
15590730,Spain,Seville
15763747,France,Lyon
15778320,Germany,Munich
15642787,France,Paris
15624633,France,Paris
15766765,Germany,Munich
15783615,Germany,Frankfurt
15640161,Germany,Frankfurt
15619889,France,Paris
15579166,France,Marseille
15789097,France,Marseille
15674880,Spain,Seville
15778157,Spain,Bilbao
15779064,France,Nice
15801265,Spain,Seville
15589204,France,Lyon
15664543,France,Nice
15582714,Germany,Cologne
15797595,France,Marseille
15614034,Germany,Hamburg
15763171,Germany,Berlin
15647266,Spain,Valencia
15757577,France,Lyon
15736656,France,Toulouse
15635078,Spain,Valencia
15680141,Spain,Barcelona
15576945,France,Paris
15602034,France,Marseille
15732020,Germany,Munich
15611029,Germany,Frankfurt
15621210,Germany,Hamburg
15569222,France,Lyon
15664639,France,Nice
15724223,France,Toulouse
15644621,Germany,Cologne
15756056,Spain,Bilbao
15700353,France,Marseille
15624388,Germany,Berlin
15627212,France,Toulouse
15648005,Spain,Madrid
15681446,Germany,Hamburg
15775888,Germany,Hamburg
15749019,Germany,Cologne
15709928,Spain,Valencia
15784676,France,Lyon
15748116,France,Paris
15612193,Spain,Valencia
15762984,Spain,Seville
15613713,France,Lyon
15664204,Spain,Seville
15639415,France,Marseille
15806332,Spain,Valencia
15614929,Germany,Munich
15695492,France,Nice
15635972,Spain,Bilbao
15616380,Spain,Madrid
15581440,Germany,Munich
15654390,France,Marseille
15660688,Spain,Barcelona
15806307,France,Paris
15647975,Germany,Berlin
15595728,Germany,Cologne
15735388,France,Marseille
15788535,Spain,Barcelona
15765902,Germany,Cologne
15642345,Germany,Frankfurt
15641250,Spain,Valencia
15706163,Germany,Berlin
15746708,Germany,Munich
15775203,France,Marseille
15787907,Germany,Frankfurt
15646764,Germany,Hamburg
15678284,France,Lyon
15726791,Spain,Barcelona
15813144,France,Toulouse
15669342,Germany,Hamburg
15710366,Spain,Seville
15614934,Germany,Frankfurt
15588701,France,Marseille
15665438,France,Toulouse
15644896,Germany,Frankfurt
15670205,Germany,Cologne
15635776,Germany,Frankfurt
15791053,Germany,Hamburg
15644005,France,Lyon
15796343,France,Nice
15751057,Germany,Berlin
15623430,France,Nice
15682600,Germany,Cologne
15769312,Spain,Bilbao
15708212,Spain,Valencia
15650258,France,Paris
15604345,France,Nice
15578297,Germany,Berlin
15671789,France,Paris
15726186,Spain,Bilbao
15764618,Spain,Bilbao
15730738,Spain,Barcelona
15637650,France,Nice
15606267,France,Nice
15625904,France,Lyon
15654463,France,Lyon
15774151,Spain,Valencia
15693259,France,Nice
15642468,France,Toulouse
15758531,France,Paris
15728352,France,Lyon
15637240,France,Nice
15595588,Spain,Seville
15778395,Germany,Berlin
15711825,Spain,Bilbao
15599251,Germany,Cologne
15570004,France,Paris
15656912,Spain,Seville
15657342,Germany,Hamburg
15716284,France,Nice
15672374,France,Toulouse
15732476,France,Toulouse
15747724,Spain,Bilbao
15633877,Spain,Madrid
15672516,Germany,Frankfurt
15607827,Germany,Cologne
15751336,Spain,Valencia
15646539,France,Paris
15756901,France,Toulouse
15809286,Germany,Munich
15759021,France,Paris
15725039,Spain,Barcelona
15579130,Germany,Frankfurt
15754112,Spain,Madrid
15735522,Germany,Berlin
15613326,France,Toulouse
15739502,Germany,Munich
15670914,France,Paris
15604073,Germany,Frankfurt
15806027,France,Paris
15574886,France,Paris
15707120,France,Toulouse
15800845,Spain,Madrid
15603914,France,Marseille
15722765,Spain,Seville
15783305,France,Lyon
15574842,Germany,Hamburg
15607837,France,Toulouse
15714877,France,Marseille
15782941,France,Toulouse
15630167,Spain,Seville
15759038,France,Toulouse
15661821,Germany,Cologne
15728006,France,Paris
15712176,France,Nice
15689351,Germany,Hamburg
15782247,France,Marseille
15769064,Germany,Berlin
15718153,Spain,Barcelona
15613189,France,Nice
15661734,Germany,Cologne
15592645,Spain,Bilbao
15768387,France,Lyon
15792525,Germany,Hamburg
15586976,France,Paris
15790659,Spain,Madrid
15691446,Spain,Valencia
15772632,France,Toulouse
15706587,France,Nice
15572461,Germany,Cologne
15654409,France,Nice
15568025,France,Toulouse
15715769,France,Lyon
15667458,Germany,Hamburg
15567980,Germany,Cologne
15679294,France,Marseille
15606507,France,Lyon
15578825,France,Marseille
15619935,Spain,Barcelona
15636089,Germany,Berlin
15727490,France,Paris
15591766,Spain,Seville
15641629,Spain,Bilbao
15813303,Spain,Madrid
15756920,France,Lyon
15726403,Germany,Hamburg
15592765,France,Paris
15704442,France,Paris
15641136,France,Nice
15725818,Germany,Berlin
15612071,Spain,Seville
15719809,Germany,Frankfurt
15716518,France,Paris
15742210,France,Lyon
15630617,Germany,Berlin
15720838,Spain,Seville
15595537,Germany,Cologne
15623196,France,Lyon
15679249,Germany,Frankfurt
15693199,France,Lyon
15661219,France,Paris
15617136,Germany,Hamburg
15760294,France,Nice
15652808,France,Marseille
15657139,France,Lyon
15803790,Germany,Frankfurt
15764105,France,Marseille
15672610,Spain,Bilbao
15766896,France,Nice
15587735,France,Marseille
15659501,France,Lyon
15745001,Spain,Valencia
15651140,France,Lyon
15571148,Spain,Bilbao
15776824,France,Lyon
15633141,Germany,Cologne
15764174,Spain,Valencia
15778155,Germany,Munich
15715920,Spain,Madrid
15671917,France,Nice
15666548,Germany,Frankfurt
15625623,France,Lyon
15748123,France,Toulouse
15648735,France,Nice
15634974,France,Toulouse
15713378,France,Paris
15753370,Germany,Munich
15782659,France,Toulouse
15583364,France,Nice
15625942,Spain,Valencia
15720284,Germany,Cologne
15679642,Spain,Seville
15628007,France,Lyon
15661974,France,Marseille
15689341,France,Toulouse
15607993,France,Lyon
15693267,Germany,Frankfurt
15769522,France,Toulouse
15755825,France,Lyon
15598175,Germany,Hamburg
15744327,France,Marseille
15798666,France,Lyon
15577064,Germany,Cologne
15759436,France,Paris
15690231,Spain,Bilbao
15751561,Germany,Cologne
15739068,Germany,Cologne
15758056,France,Nice
15742269,France,Nice
15726490,Spain,Barcelona
15738411,France,Toulouse
15727919,Spain,Barcelona
15709396,France,Marseille
15654106,France,Lyon
15621653,France,Marseille
15598086,France,Paris
15752300,Germany,Cologne
15658693,France,Marseille
15631838,France,Paris
15803804,Germany,Frankfurt
15578809,Germany,Hamburg
15752026,France,Paris
15723706,France,Marseille
15752838,Spain,Seville
15569571,Germany,Frankfurt
15769703,Germany,Frankfurt
15679770,France,Paris
15791102,Germany,Berlin
15655192,Spain,Barcelona
15709487,Germany,Frankfurt
15687130,France,Nice
15755178,France,Lyon
15634772,Spain,Seville
15617197,France,Lyon
15631240,France,Marseille
15784301,France,Marseille
15631310,France,Paris
15756560,Spain,Barcelona
15732270,Spain,Barcelona
15739357,Spain,Madrid
15771540,France,Toulouse
15567486,Spain,Barcelona
15714634,France,Nice
15727021,Germany,Hamburg
15650670,Germany,Cologne
15711834,Spain,Barcelona
15729763,Spain,Bilbao
15646566,France,Marseille
15645463,France,Marseille
15672144,France,Toulouse
15596088,France,Toulouse
15614878,Germany,Frankfurt
15635240,France,Marseille
15775905,Germany,Munich
15700657,Germany,Munich
15611905,Spain,Valencia
15652527,France,Nice
15785865,France,Toulouse
15645942,Spain,Seville
15688691,Germany,Berlin
15592736,Germany,Cologne
15673529,Spain,Valencia
15724145,Germany,Hamburg
15704629,France,Marseille
15597896,Germany,Munich
15731790,Germany,Cologne
15634719,France,Paris
15703205,France,Nice
15567333,France,Lyon
15754537,France,Lyon
15612030,France,Paris
15573242,France,Marseille
15601892,France,Nice
15663885,France,Nice
15701096,France,Nice
15710450,Spain,Seville
15790846,Germany,Munich
15658956,Germany,Hamburg
15755223,Germany,Hamburg
15787318,Germany,Munich
15737310,France,Lyon
15763665,France,Toulouse
15668818,Spain,Bilbao
15765812,Spain,Barcelona
15704844,Spain,Seville
15744582,France,Nice
15616700,Spain,Valencia
15683521,Germany,Munich
15583049,Germany,Cologne
15643752,France,Toulouse
15620398,Spain,Seville
15715707,France,Lyon
15814209,France,Marseille
15733768,France,Lyon
15755242,France,Lyon
15729412,France,Nice
15746564,France,Toulouse
15588446,Spain,Barcelona
15665221,France,Nice
15640846,Germany,Berlin
15700209,France,Nice
15658360,Spain,Madrid
15602735,Germany,Berlin
15724834,France,Paris
15800062,Spain,Madrid
15685300,France,Toulouse
15760102,France,Lyon
15787026,Germany,Hamburg
15653696,France,Paris
15788946,Spain,Barcelona
15600724,Germany,Berlin
15574324,Germany,Hamburg
15707144,Germany,Frankfurt
15775891,Germany,Cologne
15711789,Spain,Valencia
15600879,Germany,Berlin
15681196,France,Nice
15716000,Spain,Bilbao
15766776,France,Toulouse
15680278,Spain,Seville
15688637,France,Paris
15591179,Spain,Madrid
15677435,France,Nice
15698619,France,Nice
15581036,Germany,Cologne
15622117,Spain,Madrid
15599301,Germany,Berlin
15581548,Spain,Bilbao
15586870,France,Marseille
15735263,France,Nice
15765322,France,Marseille
15582944,Spain,Madrid
15687162,France,Nice
15644962,France,Toulouse
15612615,France,Lyon
15813439,France,Paris
15604544,Germany,Berlin
15761348,France,Nice
15785078,Spain,Barcelona
15759874,France,Lyon
15643658,Germany,Hamburg
15713267,Spain,Bilbao
15737782,France,Nice
15815490,Germany,Munich
15679410,France,Marseille
15756241,France,Marseille
15688409,France,Toulouse
15742272,France,Paris
15717898,Spain,Valencia
15769582,France,Toulouse
15635660,Germany,Cologne
15576723,France,Nice
15591577,France,Lyon
15582325,France,Lyon
15693947,France,Marseille
15760446,France,Paris
15611105,Spain,Madrid
15630920,France,Paris
15574910,France,Toulouse
15756472,France,Toulouse
15682890,Germany,Cologne
15641994,Germany,Frankfurt
15733297,France,Toulouse
15767793,France,Paris
15725698,Spain,Madrid
15813532,France,Lyon
15576760,Germany,Berlin
15732102,Germany,Cologne
15739046,Spain,Seville
15631927,Spain,Valencia
15672115,France,Nice
15618765,Germany,Berlin
15679148,France,Nice
15728474,Germany,Berlin
15636999,France,Lyon
15754261,Spain,Barcelona
15629150,France,Nice
15736274,France,Toulouse
15627697,France,Marseille
15721585,Germany,Berlin
15639946,Germany,Berlin
15792176,Spain,Valencia
15699450,France,Nice
15729954,France,Nice
15600103,Germany,Berlin
15786200,France,Lyon
15797010,France,Marseille
15670172,France,Paris
15627352,Germany,Hamburg
15622494,France,Nice
15585835,Spain,Barcelona
15595071,France,Toulouse
15628203,France,Paris
15667190,Spain,Valencia
15780212,France,Lyon
15766869,Germany,Frankfurt
15775741,France,Lyon
15628170,Germany,Frankfurt
15701318,Spain,Seville
15710928,France,Nice
15682547,France,Marseille
15631170,France,Toulouse
15648702,Germany,Hamburg
15783444,France,Paris
15809178,Germany,Frankfurt
15806688,Spain,Valencia
15576824,Germany,Berlin
15675422,France,Paris
15681550,France,Toulouse
15812628,Germany,Hamburg
15597951,France,Paris
15807045,Germany,Munich
15581748,Germany,Frankfurt
15770420,Germany,Frankfurt
15608230,France,Nice
15730339,Spain,Seville
15712584,France,Marseille
15592816,Germany,Berlin
15641480,France,Marseille
15708505,Germany,Cologne
15791131,Germany,Cologne
15618225,Germany,Hamburg
15644724,France,Marseille
15662098,Spain,Bilbao
15723894,France,Toulouse
15787699,Germany,Cologne
15687738,France,Lyon
15576126,France,Nice
15658889,France,Toulouse
15667046,Spain,Madrid
15669957,Germany,Frankfurt
15655794,France,Marseille
15599829,France,Lyon
15753332,Germany,Berlin
15671124,France,Paris
15767474,France,Marseille
15720671,France,Lyon
15626787,Spain,Seville
15774491,France,Lyon
15579647,France,Toulouse
15625522,Spain,Valencia
15765806,France,Marseille
15566708,France,Paris
15668347,France,Paris
15575214,France,Paris
15591123,Germany,Munich
15573280,Germany,Cologne
15589018,Germany,Munich
15654495,Germany,Munich
15597265,France,Paris
15733876,France,Lyon
15677217,France,Paris
15747265,Germany,Hamburg
15713379,France,Toulouse
15730433,Germany,Cologne
15693347,France,Nice
15715465,Germany,Frankfurt
15680736,Germany,Frankfurt
15610765,France,Toulouse
15650034,France,Paris
15782468,Spain,Madrid
15685109,France,Paris
15776233,Germany,Munich
15761141,Spain,Bilbao
15781702,Germany,Berlin
15790235,Spain,Bilbao
15641416,Germany,Frankfurt
15775234,France,Marseille
15659475,France,Toulouse
15642202,Germany,Berlin
15771417,France,Marseille
15585100,Germany,Cologne
15700487,France,Toulouse
15726589,Germany,Berlin
15747503,Spain,Bilbao
15595883,Germany,Hamburg
15663826,Spain,Bilbao
15742820,France,Nice
15624793,Germany,Hamburg
15597930,France,Toulouse
15665110,France,Lyon
15770719,France,Lyon
15731327,Germany,Munich
15576044,Germany,Munich
15775662,France,Marseille
15646817,France,Toulouse
15596060,Spain,Barcelona
15723299,France,Paris
15636982,Germany,Hamburg
15751175,France,Toulouse
15618936,France,Marseille
15787529,Spain,Seville
15780128,France,Marseille
15615991,France,Toulouse
15757001,France,Paris
15595388,France,Marseille
15699550,Spain,Valencia
15581620,France,Lyon
15600934,France,Toulouse
15738672,Germany,Frankfurt
15721307,Germany,Frankfurt
15619280,France,Lyon
15768244,Spain,Seville
15806837,France,Paris
15643496,France,Lyon
15813916,France,Marseille
15626385,Spain,Madrid
15603582,Spain,Seville
15764351,Germany,Munich
15667938,France,Nice
15576360,France,Toulouse
15628813,France,Marseille
15584190,France,Toulouse
15716449,Spain,Valencia
15759913,Germany,Cologne
15701555,Spain,Bilbao
15758482,France,Lyon
15758171,France,Marseille
15680346,Spain,Valencia
15649124,France,Nice
15812917,Spain,Barcelona
15768455,France,Toulouse
15703059,Germany,Munich
15646196,Spain,Barcelona
15585451,Germany,Cologne
15714057,Spain,Valencia
15748473,France,Marseille
15785782,Spain,Seville
15693233,Germany,Frankfurt
15757521,France,Lyon
15812513,Germany,Munich
15674950,Germany,Cologne
15678572,Spain,Valencia
15713608,France,Toulouse
15579262,France,Marseille
15610426,France,Paris
15776454,France,Nice
15771483,France,Lyon
15648489,France,Nice
15646609,France,Nice
15693203,Spain,Barcelona
15813067,Germany,Frankfurt
15769829,Spain,Madrid
15662434,France,Toulouse
15773503,Spain,Barcelona
15705890,France,Toulouse
15711398,France,Marseille
15752375,Germany,Berlin
15659175,France,Toulouse
15597033,Germany,Cologne
15590228,France,Lyon
15631848,France,Marseille
15654211,Spain,Barcelona
15707968,Spain,Valencia
15594084,France,Lyon
15651093,France,Toulouse
15798824,Spain,Seville
15671591,Spain,Madrid
15707189,Germany,Cologne
15733581,Germany,Frankfurt
15641640,Spain,Seville
15585284,Spain,Bilbao
15617866,Spain,Seville
15667751,Spain,Bilbao
15669411,Germany,Frankfurt
15789425,Germany,Cologne
15570943,Germany,Frankfurt
15685829,France,Paris
15721917,France,Marseille
15776047,France,Nice
15716024,Spain,Bilbao
15675328,France,Paris
15604314,Germany,Berlin
15658339,Germany,Hamburg
15630402,France,Marseille
15689616,Spain,Barcelona
15774224,Germany,Frankfurt
15701291,France,Paris
15719606,France,Nice
15644119,France,Toulouse
15646859,Germany,Munich
15606836,France,Toulouse
15664150,Germany,Berlin
15624510,France,Paris
15810944,France,Paris
15668575,Spain,Valencia
15603246,France,Lyon
15804002,France,Nice
15728773,France,Nice
15598044,France,Nice
15694829,Germany,Frankfurt
15600575,Spain,Bilbao
15727311,France,Lyon
15570769,France,Toulouse
15606274,Germany,Munich
15746139,France,Toulouse
15704987,France,Toulouse
15628972,Germany,Frankfurt
15697686,France,Nice
15733883,France,Lyon
15617482,Germany,Munich
15704583,France,Paris
15621083,France,Toulouse
15649487,Germany,Berlin
15736760,Spain,Valencia
15714658,France,Toulouse
15599081,Germany,Berlin
15705113,Spain,Madrid
15631159,Germany,Hamburg
15792818,Germany,Munich
15633531,France,Marseille
15744529,France,Marseille
15669656,France,Toulouse
15581198,Germany,Hamburg
15729054,Germany,Frankfurt
15573452,Germany,Cologne
15776733,Germany,Munich
15724858,France,Toulouse
15713144,Spain,Madrid
15690188,France,Toulouse
15689425,Spain,Seville
15671766,France,Marseille
15782806,Spain,Madrid
15764419,France,Marseille
15591915,France,Paris
15772798,Spain,Madrid
15792008,Spain,Madrid
15715541,France,Marseille
15639277,France,Paris
15798850,France,Lyon
15776348,Germany,Hamburg
15727696,France,Nice
15793813,France,Lyon
15694395,France,Nice
15764195,Spain,Barcelona
15744919,Spain,Valencia
15671655,Germany,Frankfurt
15654901,France,Toulouse
15649136,France,Toulouse
15775562,France,Lyon
15807481,France,Toulouse
15642885,France,Lyon
15789109,France,Lyon
15814004,France,Toulouse
15673619,France,Toulouse
15595135,Germany,Berlin
15583681,Spain,Bilbao
15605000,France,Lyon
15718071,France,Toulouse
15679760,France,Nice
15654574,Germany,Cologne
15577178,France,Toulouse
15595324,Germany,Berlin
15756932,Spain,Barcelona
15726358,France,Lyon
15595228,France,Marseille
15782530,Spain,Madrid
15592877,Spain,Bilbao
15651983,France,Paris
15746737,Germany,Frankfurt
15774179,France,Lyon
15667265,France,Marseille
15655123,Spain,Valencia
15595917,France,Lyon
15668385,France,Toulouse
15709476,Spain,Madrid
15711218,Germany,Munich
15798659,Spain,Seville
15663939,Germany,Frankfurt
15694946,France,Marseille
15631912,France,Nice
15768816,Germany,Cologne
15682268,Germany,Frankfurt
15684801,France,Toulouse
15636428,Spain,Bilbao
15809823,Germany,Berlin
15699284,France,Marseille
15786993,France,Marseille
15709441,Spain,Seville
15710257,France,Nice
15582492,France,Lyon
15575694,Spain,Valencia
15756820,France,Nice
15766289,France,Nice
15593014,France,Paris
15584545,France,Lyon
15675949,Spain,Valencia
15672091,Germany,Berlin
15801658,France,Lyon
15706185,Germany,Munich
15789863,France,Paris
15720943,France,Lyon
15697997,France,Marseille
15665416,France,Lyon
15660200,France,Nice
15619653,France,Toulouse
15773447,Spain,Seville
15739160,France,Nice
15689237,France,Lyon
15679297,Spain,Bilbao
15591433,Germany,Cologne
15642725,France,Toulouse
15701962,Spain,Barcelona
15811613,France,Toulouse
15741049,France,Nice
15724423,France,Lyon
15574305,France,Nice
15678168,Spain,Barcelona
15697020,France,Toulouse
15610801,Germany,Munich
15745232,France,Lyon
15722758,France,Lyon
15792102,France,Marseille
15675185,Germany,Cologne
15801247,Spain,Bilbao
15725660,France,Paris
15638963,France,Marseille
15800061,Spain,Madrid
15578006,France,Toulouse
15668504,France,Lyon
15687491,Germany,Hamburg
15610403,France,Toulouse
15741094,France,Nice
15807909,France,Nice
15666141,Spain,Seville
15617134,France,Toulouse
15783029,France,Toulouse
15622833,Germany,Cologne
15746422,France,Toulouse
15750839,Spain,Seville
15749130,Germany,Hamburg
15779862,Germany,Berlin
15767871,Spain,Bilbao
15679651,Spain,Madrid
15576219,France,Lyon
15699247,France,Marseille
15619087,France,Paris
15605327,France,Marseille
15610140,France,Lyon
15791174,Spain,Bilbao
15602373,France,Marseille
15762605,France,Lyon
15598840,France,Toulouse
15744279,Spain,Bilbao
15670619,France,Toulouse
15599533,France,Nice
15757837,Germany,Frankfurt
15697574,France,Paris
15578738,France,Nice
15762228,Spain,Madrid
15614827,France,Marseille
15789815,France,Nice
15579781,Germany,Munich
15587013,France,Nice
15570932,France,Paris
15794661,Spain,Seville
15581654,France,Nice
15644296,France,Lyon
15614420,Germany,Cologne
15609653,Germany,Berlin
15594577,France,Lyon
15584114,Germany,Munich
15673367,Germany,Berlin
15685576,Spain,Seville
15774727,Germany,Munich
15694288,Spain,Valencia
15603319,France,Paris
15759066,France,Toulouse
15814816,France,Paris
15724402,France,Lyon
15571059,France,Lyon
15674206,France,Nice
15715160,France,Marseille
15730448,Germany,Frankfurt
15662067,France,Toulouse
15779581,Spain,Barcelona
15662901,France,Nice
15689751,France,Lyon
15667742,Spain,Barcelona
15738448,Germany,Hamburg
15680243,France,Paris
15745083,Germany,Frankfurt
15708228,Germany,Munich
15628523,France,Nice
15708196,Spain,Valencia
15735549,Germany,Frankfurt
15809347,Germany,Frankfurt
15660866,France,Lyon
15766609,France,Marseille
15654230,Germany,Munich
15794566,France,Marseille
15800890,France,Nice
15697424,Spain,Valencia
15724536,Spain,Bilbao
15735878,Germany,Berlin
15707596,Germany,Hamburg
15657163,Germany,Cologne
15622478,France,Paris
15779529,France,Marseille
15636023,France,Lyon
15582066,France,Lyon
15666675,France,Lyon
15732987,Spain,Barcelona
15789432,France,Marseille
15663161,Germany,Hamburg
15694879,Spain,Seville
15593715,Germany,Cologne
15575002,France,Lyon
15622171,France,Nice
15795224,France,Marseille
15685346,Spain,Seville
15691808,France,Toulouse
15721007,Germany,Cologne
15794253,Spain,Madrid
15694453,Germany,Berlin
15813113,Spain,Seville
15614187,Germany,Frankfurt
15619407,France,Marseille
15646227,France,Marseille
15660541,France,Toulouse
15753874,France,Toulouse
15617877,France,Marseille
15772073,France,Nice
15701537,France,Paris
15736228,France,Paris
15780572,Spain,Seville
15769596,Germany,Munich
15586996,France,Paris
15722061,Germany,Frankfurt
15638003,Spain,Seville
15775590,Germany,Hamburg
15730688,France,Toulouse
15753102,Spain,Barcelona
15810075,France,Toulouse
15723373,Spain,Valencia
15795298,Germany,Munich
15584320,France,Marseille
15724161,France,Marseille
15750056,France,Nice
15609637,France,Nice
15794493,Spain,Barcelona
15569641,Germany,Frankfurt
15815236,Spain,Seville
15811177,France,Marseille
15680587,France,Paris
15672821,France,Paris
15767681,Spain,Madrid
15600379,Spain,Seville
15801336,Germany,Berlin
15721592,France,Paris
15581282,France,Lyon
15746203,Germany,Cologne
15583137,France,Toulouse
15680752,France,Paris
15688172,Spain,Seville
15791373,Germany,Hamburg
15589449,France,Lyon
15692819,Germany,Munich
15727467,France,Lyon
15734312,Spain,Valencia
15764604,France,Paris
15613014,Germany,Munich
15759684,France,Marseille
15609669,France,Paris
15685536,France,Marseille
15750447,France,Lyon
15663249,Spain,Madrid
15638646,France,Toulouse
15734161,France,Marseille
15631070,Germany,Hamburg
15761950,Germany,Cologne
15649668,Germany,Berlin
15713912,Spain,Madrid
15586757,France,Paris
15596522,France,Lyon
15625395,France,Toulouse
15760570,France,Paris
15566689,Spain,Barcelona
15725794,France,Nice
15673539,France,Lyon
15705298,Germany,Frankfurt
15675791,France,Toulouse
15747043,Spain,Madrid
15736397,France,Paris
15678201,France,Marseille
15720745,Spain,Madrid
15637593,France,Toulouse
15598070,France,Lyon
15787550,France,Toulouse
15603942,Germany,Berlin
15733973,France,Lyon
15596761,Germany,Cologne
15652400,Spain,Madrid
15717893,Germany,Berlin
15622585,France,Paris
15733964,Spain,Valencia
15753861,Germany,Munich
15747097,France,Marseille
15594762,Spain,Barcelona
15667417,France,Toulouse
15684861,France,Lyon
15742204,Germany,Hamburg
15623502,Spain,Madrid
15774872,France,Nice
15611191,Germany,Frankfurt
15674331,Germany,Berlin
15619465,Spain,Bilbao
15575247,France,Lyon
15695679,Spain,Seville
15713463,Germany,Munich
15785170,Germany,Hamburg
15796351,Germany,Hamburg
15639576,France,Toulouse
15693264,France,Nice
15589715,France,Toulouse
15769902,France,Lyon
15587177,France,Paris
15814553,France,Paris
15601550,Spain,Barcelona
15664907,France,Paris
15612465,Spain,Bilbao
15810800,Spain,Seville
15665760,Spain,Valencia
15588080,France,Toulouse
15776844,Spain,Valencia
15717560,France,Lyon
15629739,Germany,Hamburg
15729908,France,Marseille
15716781,France,Paris
15646936,Germany,Hamburg
15768151,Germany,Frankfurt
15579212,France,Nice
15721835,Spain,Bilbao
15800515,France,Nice
15591279,France,Marseille
15587419,France,Paris
15750335,Germany,Munich
15699619,France,Lyon
15606472,France,Nice
15778368,Germany,Frankfurt
15671387,France,Nice
15573926,Spain,Barcelona
15709183,France,Toulouse
15577514,Germany,Munich
15778830,France,Paris
15768072,Spain,Barcelona
15768293,France,Toulouse
15654456,Germany,Cologne
15807525,France,Paris
15574372,France,Lyon
15671249,France,Toulouse
15779744,Spain,Bilbao
15624755,Germany,Berlin
15611430,France,Nice
15774744,Germany,Berlin
15629885,France,Marseille
15708791,Spain,Valencia
15793890,France,Lyon
15646091,Spain,Seville
15596984,France,Nice
15800215,France,Toulouse
15577806,Germany,Munich
15749381,France,Nice
15683758,France,Lyon
15670615,Spain,Seville
15715622,France,Paris
15707634,France,Paris
15806901,France,Nice
15775335,Germany,Berlin
15724150,France,Paris
15627220,Germany,Munich
15672330,France,Lyon
15668521,France,Paris
15807837,France,Paris
15592570,Spain,Seville
15748589,France,Nice
15635893,France,Marseille
15757632,France,Nice
15691863,France,Toulouse
15706071,Germany,Cologne
15654296,Spain,Seville
15755018,Germany,Berlin
15594041,Spain,Bilbao
15670587,Germany,Frankfurt
15724527,France,Nice
15801904,Germany,Hamburg
15658195,France,Marseille
15630113,Spain,Madrid
15784320,France,Marseille
15676513,Germany,Berlin
15574072,France,Nice
15633854,France,Lyon
15618566,France,Lyon
15733014,France,Nice
15753343,France,Marseille
15746076,Spain,Seville
15608226,Spain,Bilbao
15605684,France,Paris
15638988,France,Marseille
15628767,Spain,Seville
15737977,France,Lyon
15758116,France,Paris
15575119,France,Lyon
15625126,France,Paris
15567114,France,Toulouse
15672242,France,Paris
15681327,France,Toulouse
15802585,France,Nice
15740630,Spain,Bilbao
15815420,Spain,Madrid
15711468,France,Marseille
15799626,Germany,Hamburg
15659325,Spain,Madrid
15651352,France,Paris
15684925,France,Lyon
15657439,France,Paris
15574122,France,Lyon
15720508,France,Toulouse
15599078,Germany,Munich
15702300,France,Nice
15660735,Spain,Bilbao
15671390,Spain,Valencia
15647385,Spain,Barcelona
15739223,Spain,Valencia
15631305,Spain,Barcelona
15809263,Germany,Munich
15640866,France,Paris
15775663,Germany,Berlin
15631800,France,Marseille
15654292,Germany,Cologne
15648320,France,Marseille
15726747,France,Nice
15694510,France,Paris
15572291,France,Marseille
15603465,Germany,Frankfurt
15685628,Spain,Madrid
15792729,Germany,Cologne
15767414,France,Toulouse
15568044,France,Nice
15751333,France,Marseille
15623062,Germany,Berlin
15713621,Germany,Cologne
15670668,Germany,Frankfurt
15750638,Germany,Hamburg
15747878,Spain,Valencia
15726796,France,Lyon
15754952,Germany,Munich
15652192,France,Paris
15681924,Germany,Frankfurt
15763544,France,Paris
15764431,Spain,Barcelona
15684010,Germany,Frankfurt
15648881,Germany,Berlin
15733303,France,Paris
15643294,France,Paris
15749905,Spain,Barcelona
15625175,Germany,Berlin
15643967,France,Toulouse
15578251,France,Marseille
15772573,Spain,Seville
15733234,France,Lyon
15721582,Germany,Hamburg
15628219,Germany,Berlin
15571302,Germany,Frankfurt
15637178,Spain,Seville
15601184,Spain,Barcelona
15629511,France,Marseille
15570629,Germany,Hamburg
15665766,Germany,Cologne
15693732,France,Marseille
15765982,France,Marseille
15582016,Spain,Madrid
15798024,Germany,Frankfurt
15588622,Germany,Munich
15724863,Spain,Madrid
15618213,France,Nice
15780411,France,Paris
15725429,Germany,Hamburg
15600626,France,Lyon
15668460,France,Nice
15576263,France,Paris
15720354,France,Toulouse
15691624,France,Paris
15793196,France,Toulouse
15633352,France,Marseille
15750874,France,Marseille
15588923,France,Marseille
15715745,France,Paris
15611800,France,Nice
15576928,France,Toulouse
15793693,France,Paris
15581252,Spain,Valencia
15797760,France,Lyon
15790564,Germany,Munich
15593736,Germany,Frankfurt
15595937,Germany,Munich
15815628,France,Nice
15782802,Germany,Hamburg
15627412,France,Toulouse
15734609,France,Marseille
15710689,Spain,Bilbao
15565806,France,Toulouse
15815530,France,Lyon
15632272,France,Nice
15684103,France,Lyon
15654519,France,Lyon
15767722,France,Paris
15654346,Germany,Cologne
15660147,Spain,Madrid
15814998,Spain,Barcelona
15802207,Germany,Frankfurt
15658668,Spain,Valencia
15715079,France,Paris
15570360,France,Marseille
15674678,Germany,Berlin
15780925,France,Toulouse
15688193,France,Marseille
15778219,France,Paris
15696514,Germany,Hamburg
15712303,France,Nice
15719090,Germany,Hamburg
15735632,France,Toulouse
15619436,France,Toulouse
15722404,France,Paris
15662063,France,Lyon
15745605,France,Marseille
15636658,France,Paris
15784130,Germany,Berlin
15606755,Spain,Barcelona
15801699,Spain,Bilbao
15784097,Germany,Cologne
15764654,France,Marseille
15612092,Germany,Cologne
15610903,Spain,Madrid
15705777,Germany,Frankfurt
15661936,France,Paris
15700864,France,Nice
15722965,France,Lyon
15737521,Germany,Cologne
15814465,France,Paris
15580988,France,Nice
15789974,France,Nice
15713370,Spain,Madrid
15748673,France,Toulouse
15754919,France,Lyon
15641662,Germany,Hamburg
15813422,Spain,Valencia
15713596,France,Marseille
15791216,Germany,Munich
15689031,Spain,Seville
15763704,Germany,Munich
15631339,France,Marseille
15771509,Germany,Cologne
15769586,France,Marseille
15656096,Spain,Barcelona
15585280,France,Paris
15743582,France,Lyon
15761692,France,Lyon
15627840,France,Nice
15778861,Spain,Madrid
15770554,France,Lyon
15806956,Spain,Madrid
15701908,Spain,Barcelona
15736990,France,Toulouse
15743714,France,Toulouse
15807993,Germany,Munich
15644686,Spain,Seville
15677377,Spain,Madrid
15626412,Spain,Bilbao
15643679,Germany,Munich
15728456,France,Lyon
15630661,Spain,Seville
15734044,France,Marseille
15705001,Spain,Seville
15809817,Spain,Valencia
15809137,France,Paris
15751593,Germany,Berlin
15626491,France,Lyon
15765461,Spain,Valencia
15568120,France,Nice
15787161,Germany,Berlin
15812324,France,Lyon
15588944,France,Marseille
15694253,France,Lyon
15759566,France,Paris
15675675,France,Lyon
15802060,Germany,Munich
15660505,Germany,Cologne
15782630,France,Nice
15700710,France,Paris
15742834,France,Marseille
15806511,Spain,Valencia
15608166,France,Lyon
15614230,France,Paris
15729958,France,Toulouse
15800814,France,Toulouse
15674727,France,Nice
15657779,Spain,Bilbao
15801395,France,Lyon
15757911,Spain,Madrid
15665340,Spain,Seville
15787151,France,Paris
15757821,Spain,Barcelona
15600688,France,Paris
15594878,Spain,Madrid
15569248,France,Paris
15812706,Spain,Barcelona
15645045,France,Lyon
15766746,France,Lyon
15700383,France,Toulouse
15632551,Germany,Munich
15795129,France,Paris
15650545,France,Nice
15612769,France,Nice
15710853,France,Marseille
15623712,Spain,Madrid
15653251,France,Paris
15755077,Germany,Berlin
15808557,France,Lyon
15614687,Germany,Cologne
15626882,Spain,Barcelona
15748034,France,Paris
15632324,France,Marseille
15761023,Germany,Berlin
15761453,France,Paris
15646726,France,Toulouse
15637169,Spain,Madrid
15636024,Spain,Barcelona
15801218,France,Nice
15642655,Spain,Seville
15690130,France,Toulouse
15653753,Spain,Seville
15641359,Spain,Madrid
15776827,Germany,Cologne
15647725,France,Toulouse
15648455,Germany,Hamburg
15580629,France,Marseille
15730161,France,Lyon
15626612,Spain,Barcelona
15662865,Spain,Valencia
15629094,France,Marseille
15651823,France,Toulouse
15594827,France,Lyon
15786392,France,Paris
15727353,France,Nice
15733777,France,Nice
15614302,Germany,Frankfurt
15723263,Germany,Hamburg
15687270,Spain,Valencia
15803121,France,Toulouse
15598700,Spain,Seville
15741875,Spain,Bilbao
15631709,Spain,Seville
15672970,Spain,Madrid
15761670,France,Paris
15706005,France,Marseille
15790336,Germany,Cologne
15754267,Germany,Hamburg
15791988,France,Toulouse
15683375,France,Lyon
15625151,France,Nice
15635285,France,Lyon
15574296,France,Nice
15711618,Germany,Berlin
15670943,Germany,Cologne
15634359,Germany,Munich
15586629,France,Toulouse
15588461,France,Nice
15773221,Spain,Seville
15664227,Germany,Munich
15741745,France,Nice
15652626,France,Nice
15599410,France,Marseille
15571958,Spain,Seville
15785406,France,Marseille
15687884,France,Lyon
15621685,France,Paris
15628886,Spain,Valencia
15699325,Germany,Frankfurt
15578369,Germany,Hamburg
15654156,Germany,Berlin
15707199,France,Marseille
15671630,Germany,Berlin
15632079,Germany,Cologne
15767921,France,Nice
15573599,France,Marseille
15747208,France,Nice
15582762,Spain,Barcelona
15772528,France,Lyon
15755798,France,Paris
15788683,Germany,Hamburg
15616922,France,Lyon
15771855,France,Marseille
15601873,France,Nice
15657868,Germany,Berlin
15711716,France,Lyon
15734246,France,Nice
15792151,Spain,Seville
15770159,Germany,Munich
15747649,Germany,Hamburg
15639357,France,Lyon
15738907,France,Lyon
15663446,Germany,Frankfurt
15750867,Germany,Munich
15715939,France,Marseille
15763806,France,Nice
15637993,France,Paris
15720338,Spain,Valencia
15627162,Germany,Frankfurt
15596710,France,Nice
15781678,Spain,Barcelona
15634968,Germany,Frankfurt
15609475,Spain,Barcelona
15573319,Germany,Cologne
15738291,France,Nice
15782456,France,Marseille
15794841,Spain,Barcelona
15684696,Spain,Seville
15629846,Germany,Berlin
15674442,France,Paris
15571689,France,Paris
15730469,Spain,Barcelona
15809320,Spain,Bilbao
15684367,Spain,Barcelona
15793049,Germany,Berlin
15603665,Germany,Frankfurt
15613623,Spain,Seville
15569572,France,Paris
15698791,France,Marseille
15626233,France,Nice
15607263,France,Lyon
15610900,France,Lyon
15624775,France,Marseille
15691703,France,Lyon
15745355,France,Marseille
15724955,France,Paris
15628999,France,Paris
15654341,France,Lyon
15744240,Germany,Frankfurt
15632365,Germany,Hamburg
15729689,Germany,Berlin
15759284,France,Nice
15602124,France,Marseille
15661903,France,Paris
15664668,France,Marseille
15736431,Spain,Seville
15748639,Germany,Frankfurt
15628123,France,Paris
15602731,France,Marseille
15794137,Germany,Munich
15748696,France,Marseille
15725068,Spain,Barcelona
15807340,Germany,Hamburg
15586133,Germany,Cologne
15576185,France,Toulouse
15660809,France,Marseille
15616666,Germany,Hamburg
15706904,France,Nice
15606915,France,Nice
15749693,France,Marseille
15791743,France,Lyon
15796480,France,Nice
15790442,Spain,Barcelona
15609458,France,Toulouse
15593897,Spain,Valencia
15604576,Spain,Valencia
15666270,France,Lyon
15572626,Spain,Barcelona
15727197,France,Paris
15714006,France,Nice
15642137,Spain,Seville
15665327,France,Nice
15626806,France,Paris
15662578,Germany,Hamburg
15790829,France,Nice
15654959,Spain,Valencia
15760244,France,Nice
15715394,Spain,Barcelona
15722246,France,Nice
15609704,France,Paris
15757628,France,Toulouse
15633586,France,Lyon
15565796,Germany,Munich
15717935,France,Paris
15577700,France,Lyon
15747345,France,Marseille
15678317,France,Marseille
15698335,France,Lyon
15768451,Germany,Berlin
15753213,France,Marseille
15769645,France,Toulouse
15657565,Spain,Madrid
15620323,Spain,Valencia
15679983,France,Lyon
15812616,France,Lyon
15601796,France,Paris
15729489,Germany,Munich
15613216,Spain,Valencia
15657937,Germany,Berlin
15815428,France,Paris
15640409,Germany,Berlin
15699492,Germany,Cologne
15623536,Germany,Cologne
15707551,France,Toulouse
15577999,France,Lyon
15788775,Germany,Cologne
15758362,France,Toulouse
15807961,France,Toulouse
15710978,Germany,Munich
15703541,Germany,Frankfurt
15626474,France,Toulouse
15608344,Germany,Berlin
15768367,France,Toulouse
15806210,Spain,Bilbao
15697702,Spain,Barcelona
15689152,Spain,Barcelona
15568573,Germany,Cologne
15689598,France,Paris
15713374,Germany,Berlin
15679733,Germany,Munich
15759274,France,Paris
15607748,Germany,Munich
15607577,Spain,Valencia
15813697,Germany,Berlin
15801125,France,Paris
15777855,France,Marseille
15635396,Germany,Hamburg
15698031,Germany,Cologne
15678944,Germany,Hamburg
15718507,Germany,Berlin
15808334,Germany,Frankfurt
15804709,Germany,Berlin
15645835,France,Marseille
15738166,France,Nice
15675360,France,Nice
15793042,France,Toulouse
15630106,Spain,Madrid
15810385,Spain,Seville
15578211,France,Lyon
15572792,Spain,Bilbao
15620030,France,Toulouse
15783541,France,Lyon
15679284,Spain,Madrid
15582910,France,Paris
15688337,France,Marseille
15734970,Spain,Barcelona
15759140,France,Lyon
15643042,Germany,Cologne
15773868,Germany,Frankfurt
15615820,France,Nice
15730273,France,Marseille
15724890,Spain,Valencia
15765952,France,Marseille
15685920,Spain,Barcelona
15663263,France,Paris
15568953,France,Paris
15643361,Germany,Cologne
15699486,Spain,Bilbao
15747854,France,Nice
15691785,France,Toulouse
15709004,Germany,Hamburg
15652218,France,Paris
15697127,France,Marseille
15658486,Spain,Madrid
15694160,France,Toulouse
15685290,Germany,Berlin
15701042,Germany,Munich
15680449,Germany,Frankfurt
15599860,Spain,Seville
15723169,France,Lyon
15803842,Germany,Berlin
15728224,Germany,Berlin
15644174,Germany,Hamburg
15707110,Germany,Hamburg
15765415,Spain,Valencia
15756751,Spain,Madrid
15795151,France,Toulouse
15632859,France,Paris
15584037,Germany,Munich
15621409,France,Toulouse
15581102,France,Toulouse
15578096,France,Toulouse
15669887,France,Marseille
15621834,Spain,Madrid
15655341,Spain,Bilbao
15685314,France,Toulouse
15653997,Spain,Barcelona
15629551,Germany,Munich
15651264,Germany,Cologne
15760825,France,Marseille
15597394,Spain,Barcelona
15740383,Spain,Seville
15670562,France,Paris
15698117,Germany,Munich
15694805,Spain,Seville
15746802,France,Toulouse
15589428,France,Marseille
15790267,France,Lyon
15665402,Spain,Valencia
15642093,France,Nice
15666181,France,Paris
15602554,France,Lyon
15724251,Germany,Berlin
15740147,France,Paris
15718289,Germany,Munich
15763148,France,Nice
15685245,Spain,Seville
15626985,France,Nice
15585823,France,Lyon
15728167,France,Nice
15762928,Spain,Madrid
15751774,France,Toulouse
15654733,Germany,Frankfurt
15809777,Germany,Cologne
15744200,France,Nice
15720713,France,Toulouse
15695356,France,Nice
15653315,Spain,Barcelona
15604792,Germany,Cologne
15704819,Spain,Valencia
15670859,Germany,Berlin
15602797,Spain,Seville
15662533,Spain,Madrid
15778154,Germany,Frankfurt
15806230,Germany,Frankfurt
15662884,Germany,Frankfurt
15750778,France,Nice
15717185,France,Nice
15677804,Spain,Barcelona
15568915,France,Paris
15736495,France,Toulouse
15737354,France,Lyon
15667889,France,Lyon
15577831,Germany,Hamburg
15729836,Spain,Barcelona
15775293,France,Lyon
15697597,France,Paris
15639669,France,Toulouse
15631392,Germany,Berlin
15580935,Germany,Cologne
15590344,Germany,Hamburg
15653306,Germany,Hamburg
15805025,France,Nice
15658449,France,Marseille
15694450,France,Marseille
15605666,France,Paris
15615126,France,Paris
15726588,Spain,Seville
15645095,France,Nice
15808960,Germany,Cologne
15729435,France,Nice
15656840,France,Marseille
15659149,France,Marseille
15585490,France,Nice
15674929,France,Toulouse
15746341,France,Paris
15662091,Spain,Bilbao
15620123,France,Nice
15616240,Spain,Bilbao
15624186,Germany,Cologne
15605036,Spain,Madrid
15805151,Germany,Cologne
15753847,Spain,Barcelona
15653222,Germany,Hamburg
15757541,France,Nice
15726945,France,Nice
15794276,France,Nice
15568328,France,Paris
15604355,France,Paris
15735788,France,Nice
15618255,Germany,Berlin
15720941,Germany,Munich
15769110,France,Nice
15576094,France,Marseille
15756150,France,Toulouse
15719579,Germany,Munich
15748854,Germany,Cologne
15612455,Germany,Cologne
15664802,France,Nice
15735687,Spain,Bilbao
15664734,Germany,Cologne
15767894,France,Paris
15666884,Germany,Hamburg
15750156,Germany,Munich
15751120,France,Toulouse
15575748,France,Lyon
15714610,Spain,Bilbao
15720305,Spain,Bilbao
15678129,Spain,Seville
15566633,Germany,Berlin
15680436,France,Toulouse
15674343,France,Marseille
15658890,Germany,Hamburg
15599004,Spain,Madrid
15726487,France,Toulouse
15698716,France,Marseille
15710527,France,Marseille
15655590,Spain,Madrid
15732266,Germany,Munich
15669326,France,Marseille
15672246,Germany,Munich
15620276,Spain,Valencia
15640258,France,Toulouse
15740283,France,Paris
15759717,Spain,Barcelona
15620268,Germany,Hamburg
15743871,France,Marseille
15614491,France,Toulouse
15595047,France,Marseille
15732334,France,Marseille
15701206,Spain,Seville
15581280,Germany,Frankfurt
15651943,Spain,Madrid
15609545,France,Lyon
15658548,Germany,Cologne
15626008,Germany,Hamburg
15774133,France,Toulouse
15763798,France,Toulouse
15758013,France,Nice
15705765,Spain,Valencia
15648362,Germany,Berlin
15761102,Spain,Bilbao
15610165,France,Lyon
15723717,Germany,Berlin
15654611,Germany,Munich
15659736,Germany,Frankfurt
15603170,France,Toulouse
15786167,Spain,Barcelona
15671915,France,Nice
15794792,France,Nice
15652789,Spain,Madrid
15739168,France,Lyon
15719950,France,Lyon
15743818,Spain,Barcelona
15717937,Germany,Berlin
15602841,Spain,Barcelona
15619972,France,Paris
15796114,France,Toulouse
15633546,Spain,Madrid
15758755,France,Marseille
15695168,France,Lyon
15754342,Germany,Munich
15756610,Germany,Munich
15640917,France,Toulouse
15663164,Germany,Frankfurt
15616811,France,Toulouse
15610781,France,Paris
15600911,France,Paris
15629603,France,Lyon
15714981,France,Marseille
15775892,Spain,Seville
15782778,France,Nice
15786643,France,Toulouse
15595657,Germany,Hamburg
15743673,Spain,Seville
15634310,France,Nice
15790809,Spain,Bilbao
15668695,France,Marseille
15669281,Spain,Valencia
15621031,Spain,Barcelona
15720071,France,Marseille
15792180,Germany,Berlin
15813894,Spain,Valencia
15669490,Germany,Berlin
15783030,France,Toulouse
15695792,France,Paris
15575676,France,Lyon
15627665,France,Nice
15814092,France,Lyon
15695225,Spain,Barcelona
15615091,France,Lyon
15794345,Spain,Barcelona
15726484,France,Marseille
15650442,Germany,Cologne
15714256,France,Nice
15778752,France,Paris
15601659,Germany,Berlin
15602811,Germany,Cologne
15779414,Spain,Barcelona
15763097,Spain,Barcelona
15633666,Spain,Bilbao
15718789,France,Paris
15690620,France,Lyon
15737071,France,Marseille
15665062,France,Nice
15600692,France,Marseille
15792064,Germany,Munich
15811486,Germany,Cologne
15626141,France,Toulouse
15738546,Spain,Valencia
15677052,France,Toulouse
15656454,France,Marseille
15645496,France,Lyon
15612505,Spain,Seville
15708513,France,Marseille
15685654,Spain,Bilbao
15732307,Germany,Frankfurt
15726814,Spain,Seville
15653776,Germany,Frankfurt
15597914,Germany,Berlin
15631603,France,Paris
15789753,France,Nice
15678034,France,Marseille
15690209,Germany,Frankfurt
15592091,Spain,Bilbao
15647453,France,Nice
15697100,Germany,Munich
15811290,Germany,Munich
15629187,France,Paris
15758073,France,Toulouse
15640769,France,Paris
15606641,Germany,Munich
15718280,Germany,Munich
15764335,Germany,Munich
15634218,Germany,Munich
15808760,Spain,Valencia
15648461,Spain,Valencia
15593555,France,Lyon
15569079,Germany,Hamburg
15800736,Spain,Bilbao
15792607,France,Lyon
15640034,France,Paris
15807563,France,Nice
15684461,Spain,Seville
15580134,Spain,Valencia
15679075,France,Lyon
15742504,France,Paris
15567328,Spain,Seville
15698294,Spain,Valencia
15607142,France,Marseille
15738516,Spain,Seville
15806403,France,Toulouse
15656707,Spain,Seville
15653715,France,Paris
15806184,Spain,Bilbao
15585734,Germany,Frankfurt
15725639,France,Lyon
15618401,Germany,Munich
15785385,Spain,Barcelona
15734762,France,Nice
15767129,France,Toulouse
15797204,Spain,Valencia
15769272,France,Nice
15771966,France,Marseille
15691952,France,Lyon
15593250,France,Nice
15605333,Spain,Barcelona
15800083,France,Marseille
15575691,France,Paris
15689886,Germany,Cologne
15809838,Spain,Barcelona
15736154,France,Marseille
15767391,Germany,Frankfurt
15704910,Spain,Barcelona
15656613,France,Marseille
15611551,Spain,Madrid
15732430,Spain,Barcelona
15741865,France,Marseille
15634143,Spain,Barcelona
15609676,France,Marseille
15761600,France,Toulouse
15676404,France,Marseille
15659236,Spain,Valencia
15690440,Spain,Valencia
15694601,France,Nice
15812262,Germany,Munich
15762821,Spain,Seville
15669301,Germany,Berlin
15672640,Spain,Seville
15750458,France,Paris
15627251,France,Nice
15764294,Germany,Frankfurt
15659962,France,Nice
15788536,Germany,Berlin
15596979,France,Toulouse
15681220,France,Lyon
15635097,Germany,Frankfurt
15780779,Spain,Madrid
15798470,Spain,Seville
15760880,France,Nice
15616929,Spain,Valencia
15758775,Spain,Seville
15663386,Spain,Madrid
15621267,France,Lyon
15720509,France,Lyon
15693322,Germany,Hamburg
15589544,Spain,Valencia
15772030,Spain,Seville
15693337,Spain,Bilbao
15676571,France,Toulouse
15701392,Spain,Barcelona
15741092,Spain,Valencia
15643865,France,Lyon
15769389,Germany,Berlin
15807768,Germany,Cologne
15801630,France,Marseille
15705034,Spain,Barcelona
15763107,France,Marseille
15667085,France,Paris
15647008,Germany,Berlin
15584505,France,Toulouse
15748068,Spain,Valencia
15663964,France,Lyon
15782311,France,Lyon
15588197,France,Nice
15610105,Germany,Hamburg
15606133,Spain,Seville
15599403,France,Paris
15648225,Spain,Barcelona
15608406,France,Nice
15633378,Spain,Seville
15664759,Spain,Seville
15625545,Spain,Seville
15772148,Germany,Cologne
15810829,France,Toulouse
15731669,France,Toulouse
15738634,France,Paris
15737571,Spain,Madrid
15667602,Spain,Bilbao
15684147,France,Lyon
15789874,France,Marseille
15757952,France,Paris
15698732,Germany,Munich
15714355,Germany,Frankfurt
15599090,Germany,Hamburg
15762048,Germany,Berlin
15790596,Spain,Madrid
15609623,France,Lyon
15711901,France,Lyon
15779809,France,Marseille
15729018,France,Marseille
15698246,France,Lyon
15712409,Germany,Berlin
15758306,France,Toulouse
15621435,France,Nice
15566295,France,Nice
15569098,France,Marseille
15662532,Germany,Hamburg
15664001,Germany,Berlin
15703437,France,Paris
15708003,Spain,Valencia
15599452,Germany,Munich
15719793,Spain,Seville
15771580,France,Nice
15732268,France,Nice
15722350,Germany,Frankfurt
15611371,France,Marseille
15673584,France,Toulouse
15636396,France,Lyon
15706170,France,Marseille
15725478,France,Toulouse
15654562,Spain,Valencia
15737509,Spain,Barcelona
15690796,France,Lyon
15716728,Spain,Seville
15605665,Germany,Berlin
15748481,France,Lyon
15757777,France,Lyon
15747808,France,Lyon
15810593,France,Lyon
15693376,Spain,Madrid
15579808,Germany,Frankfurt
15598275,France,Nice
15737080,France,Lyon
15668580,Spain,Madrid
15569438,Germany,Munich
15675842,Spain,Madrid
15577587,Germany,Cologne
15625592,France,Marseille
15635141,Germany,Frankfurt
15642570,Spain,Bilbao
15702175,France,Paris
15677785,Spain,Bilbao
15786153,Germany,Berlin
15759499,France,Paris
15659568,Spain,Madrid
15715597,France,Paris
15610147,France,Paris
15802362,Spain,Seville
15660524,Germany,Cologne
15747168,Germany,Cologne
15796910,Spain,Madrid
15707674,France,Nice
15565706,Spain,Valencia
15587596,Spain,Seville
15751943,Spain,Barcelona
15621227,Germany,Hamburg
15757588,France,Paris
15640922,France,Marseille
15567557,France,Toulouse
15670103,France,Paris
15720929,France,Nice
15732774,France,Marseille
15628558,France,Nice
15729201,France,Nice
15731117,Spain,Barcelona
15615207,Spain,Seville
15773512,Spain,Madrid
15572145,France,Nice
15642710,France,Nice
15574213,France,Paris
15718852,France,Marseille
15583840,Germany,Berlin
15782418,Germany,Berlin
15813504,Germany,Cologne
15711314,Spain,Barcelona
15621064,Germany,Frankfurt
15627847,France,Lyon
15588090,Germany,Munich
15735270,Spain,Bilbao
15671804,Spain,Barcelona
15753215,Spain,Valencia
15789941,France,Toulouse
15691061,France,Marseille
15808326,France,Lyon
15566660,France,Paris
15778947,France,Nice
15632977,France,Toulouse
15591747,France,Lyon
15567335,France,Toulouse
15609299,France,Marseille
15669945,France,Lyon
15736271,France,Paris
15710390,France,Paris
15756481,France,Paris
15736730,France,Paris
15626040,Spain,Bilbao
15746553,Germany,Cologne
15622518,France,Lyon
15684908,Germany,Berlin
15569446,France,Nice
15777504,France,Paris
15677906,Spain,Madrid
15703292,France,Marseille
15712938,France,Lyon
15631359,France,Toulouse
15720847,France,Marseille
15787830,Germany,Munich
15599869,Spain,Seville
15592078,Germany,Berlin
15596228,France,Paris
15578462,Spain,Barcelona
15756894,France,Paris
15796167,Germany,Munich
15664808,Spain,Valencia
15664555,France,Marseille
15607278,Spain,Seville
15585222,France,Paris
15750299,Spain,Madrid
15761294,Germany,Berlin
15810454,France,Paris
15673984,France,Lyon
15609319,France,Lyon
15709941,France,Marseille
15580252,France,Marseille
15741275,France,Toulouse
15707132,France,Nice
15600708,Spain,Valencia
15804787,France,Paris
15690021,Germany,Munich
15763895,France,Marseille
15623478,Germany,Hamburg
15797910,Germany,Berlin
15577751,Germany,Cologne
15781777,France,Toulouse
15740527,Germany,Cologne
15721251,Spain,Valencia
15602994,France,Toulouse
15750769,France,Toulouse
15740175,Germany,Cologne
15679968,France,Lyon
15694404,France,Paris
15657529,Germany,Hamburg
15762882,Germany,Berlin
15642579,Spain,Barcelona
15598884,Spain,Madrid
15770185,France,Toulouse
15800287,Spain,Bilbao
15665861,Spain,Seville
15662203,Germany,Frankfurt
15616454,Germany,Cologne
15702788,France,Lyon
15778149,Spain,Bilbao
15680001,France,Toulouse
15711991,France,Marseille
15633834,Germany,Frankfurt
15765266,France,Paris
15791867,Germany,Hamburg
15675380,Spain,Seville
15770576,Spain,Seville
15775294,France,Paris
15727059,France,Toulouse
15702499,Spain,Seville
15611699,France,Paris
15654000,France,Paris
15657881,France,Marseille
15719991,Spain,Valencia
15720687,France,Paris
15687079,Spain,Bilbao
15582276,France,Nice
15763980,Germany,Frankfurt
15720774,Spain,Barcelona
15592194,France,Marseille
15803685,Germany,Frankfurt
15759456,Spain,Bilbao
15611544,Germany,Frankfurt
15794257,France,Paris
15681697,France,Toulouse
15579566,Spain,Barcelona
15577970,France,Toulouse
15727489,Spain,Valencia
15764284,Spain,Seville
15581811,Germany,Hamburg
15622527,France,Nice
15753362,Spain,Bilbao
15666652,France,Paris
15789714,Spain,Madrid
15771543,Germany,Hamburg
15748327,Germany,Frankfurt
15754649,Spain,Seville
15810460,Spain,Seville
15771742,Germany,Hamburg
15642160,France,Paris
15798439,Spain,Seville
15605293,France,Marseille
15692631,Spain,Barcelona
15665376,Germany,Munich
15772412,Spain,Valencia
15654577,Germany,Berlin
15585427,France,Nice
15584536,Germany,Hamburg
15585853,Spain,Bilbao
15645271,Germany,Cologne
15579387,Germany,Cologne
15623107,Spain,Barcelona
15754072,Spain,Madrid
15666163,France,Toulouse
15765192,France,Toulouse
15804822,France,Nice
15612893,Spain,Seville
15593636,France,Paris
15693326,France,Toulouse
15809901,France,Toulouse
15759751,France,Marseille
15605425,Germany,Berlin
15801934,France,Toulouse
15592000,Germany,Berlin
15618695,Spain,Madrid
15637110,Spain,Seville
15727408,Germany,Cologne
15716328,France,Paris
15669060,France,Nice
15675854,Spain,Bilbao
15621116,Germany,Berlin
15781495,France,Paris
15740470,France,Nice
15714391,France,Nice
15730137,France,Marseille
15596455,Spain,Bilbao
15717290,Germany,Frankfurt
15616555,Germany,Hamburg
15659820,France,Toulouse
15696301,France,Marseille
15771087,France,Marseille
15808831,France,Paris
15812241,Germany,Hamburg
15680370,France,Toulouse
15780561,France,Marseille
15800784,France,Nice
15715796,France,Nice
15605375,France,Nice
15621520,Germany,Cologne
15665460,Spain,Valencia
15801152,Spain,Seville
15756425,France,Paris
15674328,France,Paris
15742404,France,Lyon
15757140,France,Paris
15570051,Germany,Munich
15669175,Germany,Munich
15790324,France,Marseille
15691119,Germany,Frankfurt
15743478,Germany,Frankfurt
15707007,France,Marseille
15572547,France,Paris
15567063,Germany,Berlin
15689633,Spain,Barcelona
15720637,Germany,Cologne
15616859,Germany,Hamburg
15766166,Spain,Seville
15617655,Spain,Madrid
15623450,Germany,Munich
15796612,France,Nice
15795963,France,Lyon
15781598,Germany,Hamburg
15691871,Germany,Berlin
15740345,Spain,Seville
15662626,France,Lyon
15596575,Germany,Cologne
15657321,Germany,Hamburg
15575955,France,Marseille
15743893,France,Paris
15697270,Spain,Seville
15644356,Spain,Madrid
15677586,Germany,Frankfurt
15571261,Germany,Berlin
15698758,Spain,Seville
15787014,Germany,Cologne
15739857,France,Nice
15774630,Germany,Frankfurt
15805523,France,Lyon
15749557,France,Toulouse
15681180,France,Paris
15742028,France,Nice
15686463,France,Paris
15654379,Spain,Bilbao
15783629,Germany,Cologne
15751193,Spain,Bilbao
15724099,France,Toulouse
15568429,Spain,Bilbao
15648967,Germany,Hamburg
15664498,France,Nice
15779522,France,Lyon
15583850,Germany,Hamburg
15696539,France,Paris
15760121,France,Toulouse
15628279,France,Nice
15766163,France,Nice
15566467,Germany,Munich
15639049,France,Nice
15736413,France,Toulouse
15634815,France,Toulouse
15716381,Germany,Frankfurt
15708162,Germany,Hamburg
15569364,France,Marseille
15791191,France,Toulouse
15621205,France,Marseille
15704788,Spain,Valencia
15775756,Germany,Cologne
15641312,France,Lyon
15782531,Spain,Barcelona
15724428,France,Toulouse
15743617,Germany,Frankfurt
15585839,France,Nice
15658158,Germany,Munich
15637678,France,Nice
15701809,Spain,Valencia
15676937,Spain,Bilbao
15778975,Germany,Hamburg
15710375,France,Lyon
15579914,Germany,Hamburg
15595160,Spain,Bilbao
15595391,France,Marseille
15630363,France,Marseille
15692443,Spain,Barcelona
15593795,Germany,Hamburg
15642824,Spain,Bilbao
15683524,Germany,Frankfurt
15713532,Germany,Munich
15719827,France,Paris
15578435,France,Marseille
15723028,France,Nice
15595609,Germany,Cologne
15622443,France,Nice
15579112,France,Nice
15648479,France,Toulouse
15659234,France,Nice
15811970,France,Marseille
15774192,Germany,Cologne
15595136,France,Paris
15630580,Germany,Frankfurt
15660646,France,Paris
15614365,Germany,Berlin
15776128,France,Toulouse
15787035,France,Lyon
15792646,Spain,Madrid
15726832,Germany,Berlin
15773260,France,Lyon
15624437,Spain,Valencia
15717138,Spain,Barcelona
15657317,France,Marseille
15626948,France,Marseille
15758901,Spain,Barcelona
15777759,France,Paris
15773322,Germany,Munich
15697318,Germany,Hamburg
15678916,France,Nice
15632118,Spain,Madrid
15788118,France,Marseille
15788930,Spain,Seville
15628583,France,Paris
15635177,Spain,Bilbao
15587690,France,Nice
15627630,France,Lyon
15610930,Germany,Frankfurt
15657747,Germany,Cologne
15568006,France,Lyon
15751748,France,Nice
15722212,France,Marseille
15658670,France,Paris
15761654,Spain,Seville
15812210,Germany,Cologne
15787051,Spain,Seville
15642991,Spain,Valencia
15713769,Spain,Bilbao
15605826,Germany,Berlin
15648898,Spain,Madrid
15705309,Spain,Valencia
15734202,Germany,Hamburg
15658852,France,Nice
15612633,Spain,Seville
15604818,France,Lyon
15593900,France,Marseille
15624995,Spain,Bilbao
15570087,France,Nice
15802617,Germany,Frankfurt
15656029,France,Lyon
15739194,Spain,Barcelona
15607275,Spain,Valencia
15629475,France,Toulouse
15635034,Germany,Hamburg
15756333,France,Paris
15777436,Spain,Barcelona
15676835,Spain,Barcelona
15574206,France,Nice
15613017,Germany,Berlin
15815131,Spain,Seville
15585455,France,Paris
15692929,Germany,Cologne
15758081,Spain,Valencia
15667476,Germany,Frankfurt
15738248,France,Marseille
15672152,Germany,Hamburg
15673372,France,Lyon
15587611,France,Nice
15803415,France,Marseille
15715673,Spain,Madrid
15655648,France,Marseille
15763613,France,Toulouse
15660385,France,Lyon
15733261,Spain,Madrid
15796231,France,Lyon
15624866,Germany,Munich
15623730,France,Nice
15668248,Germany,Berlin
15694518,Spain,Bilbao
15638028,Germany,Munich
15795895,Germany,Cologne
15694376,Germany,Frankfurt
15669204,Germany,Frankfurt
15773779,Spain,Valencia
15580682,France,Paris
15768530,Spain,Valencia
15672875,Germany,Frankfurt
15617082,France,Lyon
15760514,Germany,Hamburg
15761775,Germany,Frankfurt
15799964,Germany,Berlin
15693906,France,Nice
15739514,France,Lyon
15756926,Germany,Cologne
15770984,Spain,Bilbao
15703979,Germany,Frankfurt
15801821,France,Toulouse
15711028,France,Paris
15791842,France,Marseille
15746127,France,Lyon
15663625,France,Lyon
15604891,Spain,Valencia
15589666,France,Marseille
15627881,France,Marseille
15664895,France,Marseille
15676094,France,Lyon
15761720,France,Nice
15611961,France,Nice
15680167,France,Toulouse
15762543,France,Nice
15658475,France,Paris
15779743,France,Paris
15661532,France,Marseille
15782360,Germany,Cologne
15767908,France,Lyon
15677105,Germany,Frankfurt
15641474,France,Nice
15624451,France,Lyon
15577985,France,Paris
15571666,Germany,Munich
15783691,Spain,Seville
15671172,France,Paris
15731760,France,Toulouse
15585599,France,Marseille
15784958,France,Nice
15734524,France,Marseille
15614103,Germany,Berlin
15794895,Spain,Bilbao
15772381,Germany,Munich
15710553,Germany,Frankfurt
15649292,France,Nice
15792565,France,Toulouse
15718245,France,Toulouse
15703117,France,Paris
15758136,France,Marseille
15799932,France,Lyon
15633516,France,Marseille
15622532,France,Nice
15798960,France,Paris
15698664,Spain,Madrid
15703614,Spain,Barcelona
15699195,France,Nice
15710543,France,Nice
15695499,France,Paris
15622321,France,Paris
15715744,France,Lyon
15788151,Spain,Barcelona
15687153,Germany,Cologne
15684958,Germany,Berlin
15706116,Germany,Hamburg
15740557,France,Nice
15707291,Germany,Cologne
15583353,Spain,Madrid
15761024,France,Lyon
15630709,Germany,Berlin
15639590,France,Toulouse
15659399,Germany,Munich
15567078,France,Paris
15696373,France,Paris
15786617,Germany,Berlin
15657449,Germany,Berlin
15672594,France,Lyon
15714240,Spain,Valencia
15782144,France,Nice
15665008,Germany,Berlin
15581733,France,Nice
15751392,Spain,Barcelona
15785815,Germany,Munich
15664214,France,Toulouse
15579996,Germany,Cologne
15675252,Spain,Seville
15579617,France,Toulouse
15593976,Germany,Cologne
15716041,Spain,Valencia
15654489,France,Paris
15736302,France,Toulouse
15805909,Spain,Madrid
15572762,Germany,Frankfurt
15724632,France,Paris
15670416,France,Nice
15749528,Spain,Madrid
15578783,Germany,Frankfurt
15580719,France,Paris
15656293,France,Paris
15691875,Germany,Munich
15596870,Germany,Frankfurt
15780770,France,Paris
15751491,Germany,Munich
15706200,Germany,Munich
15808674,Germany,Frankfurt
15641411,France,Paris
15764661,France,Marseille
15689492,Germany,Cologne
15602405,Germany,Cologne
15610271,Spain,Seville
15791780,Germany,Berlin
15589147,Spain,Seville
15756975,Spain,Barcelona
15729582,Germany,Frankfurt
15742971,France,Lyon
15568046,France,Lyon
15694890,France,Toulouse
15736963,France,Nice
15646490,Spain,Valencia
15607314,Spain,Barcelona
15576745,France,Marseille
15669606,France,Marseille
15737832,Spain,Madrid
15681990,Germany,Frankfurt
15758050,Spain,Bilbao
15787848,Spain,Barcelona
15713594,France,Paris
15588186,Spain,Madrid
15786739,France,Paris
15699467,Spain,Bilbao
15680706,Germany,Frankfurt
15645717,France,Toulouse
15748597,Spain,Bilbao
15773709,Spain,Bilbao
15629787,France,Paris
15661007,France,Marseille
15686812,Spain,Barcelona
15754113,France,Marseille
15749489,Germany,Hamburg
15574352,France,Toulouse
15701281,France,Nice
15811985,Spain,Barcelona
15713505,France,Lyon
15685653,Germany,Hamburg
15758831,France,Lyon
15618774,France,Nice
15764448,Germany,Munich
15611024,France,Lyon
15738220,Spain,Madrid
15805764,France,Lyon
15580487,Germany,Frankfurt
15675787,France,Paris
15583580,Germany,Frankfurt
15780654,Germany,Cologne
15695034,France,Nice
15805671,France,Paris
15790658,Spain,Valencia
15578648,Germany,Berlin
15734987,France,Marseille
15721740,Germany,Berlin
15641822,France,Lyon
15765650,Germany,Frankfurt
15788556,France,Toulouse
15576550,Spain,Valencia
15622230,France,Marseille
15653937,Germany,Hamburg
15743538,France,Lyon
15591740,France,Paris
15650086,France,Marseille
15718773,France,Nice
15615140,France,Paris
15644361,France,Lyon
15774536,France,Marseille
15618661,France,Toulouse
15605020,France,Toulouse
15762134,Germany,Munich
15685279,Spain,Bilbao
15582849,France,Marseille
15655410,Germany,Frankfurt
15649129,France,Lyon
15702380,Spain,Bilbao
15759067,Germany,Frankfurt
15683027,Germany,Munich
15597487,France,Marseille
15763256,Germany,Cologne
15620111,France,Lyon
15623053,Spain,Madrid
15595592,France,Marseille
15740072,France,Lyon
15778005,France,Lyon
15583278,Spain,Seville
15601263,Spain,Valencia
15709222,Spain,Valencia
15713949,France,Lyon
15717706,France,Marseille
15756071,France,Toulouse
15696564,France,Toulouse
15657637,Spain,Seville
15755863,Spain,Valencia
15719858,Spain,Valencia
15688876,Spain,Seville
15698528,Spain,Bilbao
15770345,Spain,Madrid
15761506,Spain,Barcelona
15716619,Germany,Frankfurt
15788367,Spain,Madrid
15709451,Germany,Munich
15640421,France,Lyon
15580068,Spain,Bilbao
15677123,Spain,Barcelona
15619801,France,Marseille
15582246,Spain,Madrid
15711843,Germany,Berlin
15680046,Spain,Madrid
15804131,Spain,Bilbao
15722611,France,Paris
15729224,France,Nice
15811588,Spain,Bilbao
15702138,France,Toulouse
15749799,France,Nice
15752885,France,Lyon
15674932,Spain,Madrid
15743828,France,Nice
15642022,Spain,Valencia
15746461,Spain,Bilbao
15809991,Spain,Bilbao
15787322,France,Toulouse
15575498,France,Lyon
15691387,France,Marseille
15765457,Spain,Seville
15666173,Germany,Hamburg
15627377,France,Nice
15656683,France,Marseille
15679810,France,Lyon
15606310,France,Toulouse
15756871,Spain,Bilbao
15610002,Spain,Bilbao
15567802,Spain,Madrid
15745452,Germany,Cologne
15617252,France,Marseille
15753248,France,Nice
15610755,France,Paris
15662238,France,Lyon
15799186,France,Nice
15686941,Spain,Barcelona
15601172,France,Nice
15723858,Spain,Barcelona
15615896,Spain,Seville
15737647,Germany,Hamburg
15582841,France,Lyon
15760090,France,Nice
15588587,France,Nice
15683157,France,Lyon
15694209,France,Toulouse
15655875,France,Marseille
15805704,France,Paris
15744789,Spain,Barcelona
15799357,France,Toulouse
15726153,France,Lyon
15713346,France,Paris
15665053,Spain,Valencia
15592379,Spain,Valencia
15692599,France,Lyon
15620758,Spain,Madrid
15637428,France,Lyon
15808389,France,Nice
15807003,France,Marseille
15702912,Spain,Seville
15590623,Spain,Seville
15728078,France,Toulouse
15708256,France,Paris
15582335,France,Paris
15649150,France,Marseille
15691647,France,Paris
15668270,Germany,Frankfurt
15624820,Spain,Valencia
15736254,France,Marseille
15720814,Germany,Frankfurt
15642997,France,Nice
15693200,France,Nice
15624596,France,Lyon
15807167,France,Toulouse
15660301,Germany,Cologne
15593094,France,Marseille
15618239,France,Nice
15574137,Spain,Madrid
15614740,France,Nice
15574071,Germany,Munich
15671148,Germany,Cologne
15721921,France,Lyon
15717995,France,Nice
15632050,France,Toulouse
15647111,Spain,Valencia
15759991,Spain,Valencia
15790204,Spain,Seville
15686780,Spain,Seville
15640491,France,Nice
15783225,France,Paris
15734438,France,Nice
15688760,Germany,Hamburg
15768124,France,Toulouse
15661330,France,Lyon
15781272,France,Lyon
15573888,Germany,Berlin
15575858,France,Nice
15645937,Spain,Valencia
15702337,France,Lyon
15764537,France,Lyon
15619616,France,Lyon
15585133,Spain,Barcelona
15573971,France,Marseille
15579433,Spain,Bilbao
15777045,Spain,Madrid
15611580,Spain,Barcelona
15614778,France,Toulouse
15771750,Germany,Munich
15593280,Germany,Berlin
15569274,Germany,Cologne
15654408,Spain,Seville
15657468,Germany,Cologne
15614213,France,Lyon
15589869,France,Nice
15693205,Germany,Hamburg
15797113,Spain,Seville
15676958,Germany,Berlin
15739592,Germany,Hamburg
15656263,Spain,Madrid
15636872,France,Lyon
15589435,France,Nice
15640464,France,Nice
15723851,Spain,Barcelona
15722122,France,Lyon
15696852,France,Nice
15634936,France,Paris
15575935,France,Nice
15634491,France,Lyon
15628530,France,Paris
15678720,France,Lyon
15627999,Spain,Valencia
15571244,Spain,Barcelona
15739931,France,Nice
15806256,France,Toulouse
15787258,Spain,Bilbao
15706463,France,Nice
15691004,Spain,Madrid
15792228,France,Marseille
15733447,France,Paris
15679062,Germany,Hamburg
15594409,France,Toulouse
15613816,Spain,Bilbao
15681991,France,Toulouse
15796074,France,Toulouse
15625941,Spain,Barcelona
15615016,France,Lyon
15748414,Spain,Seville
15751203,France,Nice
15662658,Germany,Hamburg
15574868,Germany,Frankfurt
15790282,Germany,Hamburg
15762927,Germany,Frankfurt
15803456,France,Nice
15771857,Spain,Valencia
15700601,France,Lyon
15569670,Germany,Munich
15772341,Germany,Cologne
15661548,France,Nice
15787597,Germany,Frankfurt
15806913,France,Paris
15804862,Germany,Hamburg
15792986,Germany,Cologne
15625632,France,Toulouse
15727703,Germany,Hamburg
15606273,France,Paris
15799652,France,Paris
15715047,Spain,Barcelona
15784687,France,Nice
15615322,Spain,Bilbao
15722072,France,Toulouse
15646784,France,Lyon
15644692,France,Nice
15670354,France,Paris
15716357,Spain,Barcelona
15786717,France,Toulouse
15771383,Germany,Frankfurt
15649793,France,Nice
15731543,Spain,Madrid
15684516,Spain,Bilbao
15677249,Spain,Bilbao
15581525,Germany,Berlin
15628420,Spain,Madrid
15600478,France,Toulouse
15594502,France,Lyon
15784361,Spain,Bilbao
15767626,France,Nice
15632521,Germany,Berlin
15665088,France,Toulouse
15652084,France,Nice
15574761,France,Toulouse
15729515,France,Marseille
15682070,France,Paris
15743817,Germany,Frankfurt
15572158,Spain,Seville
15584477,Spain,Barcelona
15614893,Spain,Seville
15665963,Spain,Seville
15612524,Germany,Munich
15596962,France,Nice
15744942,Spain,Bilbao
15573278,France,Paris
15717056,Germany,Cologne
15795881,Spain,Barcelona
15758939,Germany,Munich
15792250,Germany,Cologne
15740406,Germany,Hamburg
15768137,Spain,Madrid
15569120,France,Marseille
15723721,France,Nice
15777122,France,Nice
15742681,Germany,Cologne
15582090,Spain,Valencia
15711254,France,Lyon
15775067,France,Paris
15602851,France,Paris
15802857,Spain,Bilbao
15701175,France,Nice
15783019,France,Paris
15728912,France,Nice
15585580,Germany,Berlin
15583480,France,Toulouse
15620341,Germany,Hamburg
15613886,Spain,Valencia
15792916,Spain,Seville
15710408,Spain,Valencia
15598695,Germany,Berlin
15649354,Spain,Barcelona
15737556,France,Toulouse
15671610,France,Nice
15625092,Germany,Munich
15741032,France,Marseille
15750014,Germany,Frankfurt
15784761,Spain,Seville
15768359,France,Nice
15805769,Spain,Valencia
15719508,Germany,Frankfurt
15609011,Spain,Valencia
15703106,France,Toulouse
15626795,France,Lyon
15773731,Spain,Seville
15756196,France,Nice
15687903,France,Nice
15777599,Germany,Cologne
15754577,France,Lyon
15584113,Germany,Munich
15669589,Germany,Frankfurt
15632793,France,Nice
15711130,France,Toulouse
15615254,France,Marseille
15720583,Germany,Munich
15780432,France,Nice
15673223,France,Marseille
15807989,Germany,Cologne
15761168,France,Lyon
15651272,France,Paris
15812832,Germany,Hamburg
15680517,Germany,Cologne
15750569,Germany,Hamburg
15690743,France,Paris
15627741,Germany,Hamburg
15712121,Spain,Bilbao
15805429,Germany,Cologne
15814923,Spain,Valencia
15589230,France,Nice
15775490,France,Nice
15749727,Spain,Madrid
15619238,Spain,Barcelona
15593468,France,Toulouse
15718454,Spain,Madrid
15789498,France,Paris
15744691,France,Lyon
15708289,Spain,Seville
15790412,Spain,Bilbao
15741416,France,Toulouse
15598894,Spain,Madrid
15663294,France,Paris
15572728,Spain,Valencia
15706729,France,Lyon
15674433,Germany,Munich
15641170,Spain,Madrid
15806284,Spain,Bilbao
15690958,Germany,Berlin
15606386,Germany,Cologne
15682322,France,Toulouse
15579915,France,Nice
15681928,France,Nice
15734005,France,Marseille
15650432,Germany,Frankfurt
15592578,Spain,Madrid
15671243,France,Lyon
15775709,France,Toulouse
15702631,France,Toulouse
15602282,Germany,Berlin
15717879,Spain,Barcelona
15740878,Spain,Bilbao
15794468,France,Marseille
15773277,France,Lyon
15572657,France,Paris
15800295,Germany,Frankfurt
15672397,France,Nice
15684921,Spain,Bilbao
15720676,France,Lyon
15731829,France,Nice
15732672,Spain,Barcelona
15692406,France,Paris
15764405,France,Marseille
15757537,France,Lyon
15793307,Spain,Madrid
15660679,Spain,Barcelona
15666856,France,Paris
15687372,Germany,Munich
15667289,Spain,Seville
15624641,Spain,Valencia
15734610,France,Toulouse
15631882,Germany,Cologne
15642709,France,Nice
15811026,Germany,Hamburg
15596303,France,Nice
15787255,Germany,Berlin
15617166,France,Paris
15742442,Spain,Madrid
15758692,France,Nice
15568238,Spain,Valencia
15730353,Germany,Frankfurt
15731555,Germany,Frankfurt
15582404,Spain,Valencia
15721462,Spain,Valencia
15632899,Spain,Valencia
15808526,Germany,Hamburg
15694349,Spain,Bilbao
15718465,Germany,Hamburg
15682995,France,Toulouse
15584776,Spain,Seville
15777772,Spain,Bilbao
15576156,Spain,Madrid
15646756,France,Marseille
15742886,France,Lyon
15586135,Spain,Seville
15616152,France,Nice
15721460,France,Paris
15727317,Germany,Frankfurt
15649536,Germany,Berlin
15754929,France,Nice
15572051,France,Marseille
15668142,France,Marseille
15701176,France,Paris
15708422,Spain,Bilbao
15655632,France,Marseille
15744606,Spain,Bilbao
15612140,Spain,Bilbao
15656086,Spain,Valencia
15655298,Spain,Seville
15644796,Spain,Seville
15726250,France,Nice
15764432,Germany,Cologne
15631721,Germany,Hamburg
15707479,France,Marseille
15579826,France,Toulouse
15668104,Spain,Seville
15641604,France,Nice
15587240,France,Paris
15680767,Germany,Cologne
15601594,France,Paris
15589969,France,Marseille
15703728,Spain,Madrid
15617790,France,Toulouse
15662500,Spain,Barcelona
15778526,Spain,Barcelona
15670584,Spain,Valencia
15748069,France,Toulouse
15680597,Germany,Munich
15628992,Germany,Frankfurt
15719624,France,Nice
15812767,Spain,Madrid
15689201,France,Marseille
15614716,France,Lyon
15683618,France,Marseille
15799631,Spain,Madrid
15692259,France,Toulouse
15590966,Germany,Munich
15656426,France,Paris
15675256,Spain,Bilbao
15751185,Spain,Barcelona
15789582,France,Toulouse
15651103,Spain,Valencia
15672299,France,Marseille
15772250,Spain,Barcelona
15763922,France,Nice
15633870,France,Marseille
15624323,France,Lyon
15688612,France,Lyon
15694644,Spain,Seville
15587174,France,Lyon
15579559,Spain,Barcelona
15775430,Germany,Hamburg
15623695,France,Marseille
15760849,France,Lyon
15813095,France,Lyon
15705281,Spain,Barcelona
15812594,France,Lyon
15626322,Spain,Bilbao
15723105,France,Marseille
15588449,Spain,Barcelona
15794849,Germany,Berlin
15620000,Germany,Berlin
15799720,Spain,Madrid
15711287,Spain,Seville
15613102,France,Nice
15621440,France,Paris
15677146,France,Nice
15801169,Germany,Berlin
15722425,France,Toulouse
15682421,France,Marseille
15691910,Spain,Bilbao
15721779,Spain,Valencia
15579548,Spain,Seville
15681075,France,Nice
15607884,France,Marseille
15767757,Spain,Seville
15791550,France,Lyon
15658589,Spain,Bilbao
15670822,France,Marseille
15629744,France,Toulouse
15660768,France,Lyon
15726310,Spain,Bilbao
15641298,Germany,Hamburg
15625675,France,Paris
15713354,Germany,Frankfurt
15633866,Germany,Cologne
15704231,France,Toulouse
15735400,France,Nice
15632826,France,Paris
15751022,Germany,Frankfurt
15664737,Spain,Valencia
15681126,Spain,Seville
15738954,France,Lyon
15662263,Germany,Cologne
15621611,Germany,Berlin
15783752,Germany,Frankfurt
15709474,Germany,Cologne
15701280,France,Marseille
15671104,Spain,Madrid
15796434,France,Paris
15781505,France,Lyon
15625819,France,Toulouse
15753174,Germany,Frankfurt
15654067,Spain,Madrid
15724719,France,Marseille
15624695,Spain,Valencia
15718216,Spain,Bilbao
15586300,France,Marseille
15783349,Spain,Barcelona
15725767,France,Nice
15791925,France,Marseille
15793585,France,Lyon
15576641,Germany,Munich
15749519,France,Toulouse
15684960,France,Nice
15591286,Germany,Munich
15668323,France,Marseille
15608528,France,Lyon
15645184,France,Toulouse
15702566,Spain,Seville
15660840,France,Lyon
15750811,Germany,Cologne
15733842,France,Marseille
15581526,France,Marseille
15662751,Germany,Cologne
15684319,Germany,Munich
15702190,Spain,Seville
15588517,France,Lyon
15801863,France,Nice
15584271,France,Lyon
15700366,France,Nice
15804038,France,Lyon
15720820,Germany,Berlin
15743759,France,Marseille
15749947,France,Lyon
15670496,Spain,Bilbao
15746664,Spain,Seville
15745533,France,Toulouse
15761497,Spain,Barcelona
15628600,Germany,Hamburg
15627002,France,Lyon
15614635,France,Toulouse
15731281,Germany,Berlin
15814022,France,Lyon
15659194,France,Toulouse
15745030,Germany,Cologne
15691817,Spain,Barcelona
15707488,France,Nice
15784700,France,Nice
15710397,France,Marseille
15687648,France,Toulouse
15732281,Germany,Munich
15607230,Germany,Munich
15567630,Germany,Frankfurt
15587507,France,Nice
15733904,France,Paris
15709511,France,Toulouse
15579616,France,Paris
15694852,France,Lyon
15589924,Spain,Madrid
15799300,Germany,Hamburg
15731330,Spain,Valencia
15694129,Germany,Cologne
15620372,Spain,Madrid
15744622,France,Toulouse
15799815,Germany,Munich
15759250,Germany,Munich
15732643,Spain,Valencia
15690540,Spain,Valencia
15803078,Spain,Bilbao
15652180,France,Nice
15741195,Spain,Valencia
15743490,Germany,Munich
15575510,France,Paris
15732610,France,Toulouse
15602909,Spain,Madrid
15734058,Germany,Munich
15801788,Germany,Frankfurt
15702462,Spain,Barcelona
15683416,Germany,Frankfurt
15794187,France,Nice
15792989,France,Nice
15613734,France,Lyon
15606177,France,Marseille
15636700,France,Marseille
15645766,Spain,Valencia
15671345,Spain,Bilbao
15652469,France,Toulouse
15749638,France,Toulouse
15728706,France,Paris
15735439,Spain,Seville
15778696,Spain,Bilbao
15624744,Germany,Munich
15584338,France,Toulouse
15726178,Spain,Barcelona
15794939,France,Lyon
15788068,Germany,Munich
15572956,France,Toulouse
15780386,Spain,Bilbao
15791114,France,Nice
15708046,Spain,Seville
15719779,Germany,Berlin
15591550,Spain,Madrid
15639368,France,Lyon
15699830,France,Marseille
15569264,France,Lyon
15595158,Germany,Munich
15599126,France,Marseille
15650575,Spain,Valencia
15641490,Germany,Munich
15680234,Germany,Frankfurt
15592230,France,Toulouse
15626212,France,Marseille
15700627,Germany,Cologne
15782641,Spain,Valencia
15784445,Spain,Bilbao
15813681,Germany,Frankfurt
15596649,France,Toulouse
15700460,France,Toulouse
15724076,Spain,Barcelona
15784000,Germany,Hamburg
15733966,Germany,Berlin
15612667,Spain,Barcelona
15654025,France,Lyon
15589431,Germany,Munich
15578238,France,Paris
15566269,France,Lyon
15639217,France,Lyon
15688644,France,Toulouse
15662426,Spain,Madrid
15720511,Germany,Berlin
15567246,Germany,Berlin
15647965,France,Toulouse
15679048,Germany,Frankfurt
15675749,France,Paris
15782181,Spain,Madrid
15795738,France,Toulouse
15773751,France,Nice
15655436,Germany,Berlin
15691396,Germany,Berlin
15796958,France,Marseille
15801832,Germany,Frankfurt
15661349,France,Lyon
15719265,France,Paris
15779985,Germany,Cologne
15663410,Spain,Valencia
15704144,Germany,Hamburg
15774104,Spain,Barcelona
15812230,Germany,Munich
15742848,France,Toulouse
15745326,France,Lyon
15674541,Spain,Barcelona
15728564,France,Nice
15580701,France,Lyon
15688973,Spain,Madrid
15709412,Spain,Madrid
15607753,Spain,Valencia
15705352,Spain,Valencia
15602500,Spain,Seville
15672437,France,Toulouse
15720968,Germany,Frankfurt
15730796,France,Marseille
15768219,Spain,Bilbao
15663883,Germany,Cologne
15589296,France,Lyon
15586425,France,Nice
15679813,Spain,Barcelona
15681410,Germany,Frankfurt
15668283,France,Nice
15624072,Spain,Seville
15669664,Germany,Frankfurt
15682728,France,Toulouse
15573851,France,Nice
15733661,Spain,Bilbao
15710012,Spain,Valencia
15763327,France,Marseille
15668853,Spain,Seville
15639303,Germany,Frankfurt
15691011,France,Lyon
15638513,France,Paris
15648933,Germany,Cologne
15628904,Spain,Valencia
15644788,France,Marseille
15598161,France,Toulouse
15745624,France,Marseille
15733169,Spain,Barcelona
15801417,France,Marseille
15592707,Germany,Berlin
15593954,France,Paris
15714431,France,Nice
15638257,Spain,Barcelona
15690939,Spain,Valencia
15723613,France,Marseille
15813640,France,Toulouse
15707322,France,Nice
15588918,France,Paris
15600357,France,Toulouse
15747014,France,Toulouse
15809830,France,Marseille
15662245,France,Paris
15651075,Germany,Cologne
15594456,Spain,Valencia
15583462,France,Nice
15757661,France,Lyon
15729117,France,Paris
15749671,France,Nice
15566253,Germany,Munich
15595153,Germany,Hamburg
15698572,Spain,Seville
15674149,Germany,Frankfurt
15623082,France,Toulouse
15797905,France,Toulouse
15746028,France,Lyon
15582951,France,Lyon
15616471,Spain,Seville
15641575,France,Toulouse
15638803,Spain,Barcelona
15808283,France,Marseille
15811200,France,Paris
15733476,Germany,Cologne
15633274,France,Lyon
15582168,Germany,Frankfurt
15807269,Germany,Frankfurt
15602979,France,Marseille
15660417,Germany,Munich
15590199,Spain,Bilbao
15641794,France,Marseille
15779174,France,Toulouse
15785547,France,Lyon
15795124,Germany,Berlin
15718912,Germany,Hamburg
15592028,France,Lyon
15580227,France,Marseille
15657830,France,Paris
15798256,France,Toulouse
15643819,France,Nice
15754301,France,Toulouse
15726855,Germany,Munich
15755225,Germany,Frankfurt
15725221,Germany,Cologne
15789055,Spain,Barcelona
15617507,Spain,Valencia
15668894,Germany,Berlin
15589563,Spain,Barcelona
15693162,France,Paris
15750099,France,Nice
15795540,France,Paris
15794941,Germany,Hamburg
15611848,Germany,Berlin
15581237,Spain,Valencia
15738150,France,Marseille
15678571,France,Lyon
15736124,France,Toulouse
15623202,Germany,Berlin
15804201,Germany,Hamburg
15596863,Germany,Berlin
15696277,France,Lyon
15748608,Germany,Berlin
15723864,Spain,Seville
15802390,France,Lyon
15774336,Germany,Munich
15648766,Spain,Seville
15659094,Germany,Munich
15606397,Germany,Cologne
15642619,Spain,Valencia
15666032,Spain,Seville
15595842,Germany,Berlin
15753837,Spain,Valencia
15783882,Spain,Madrid
15799790,France,Lyon
15628155,France,Paris
15703778,France,Marseille
15722322,Spain,Seville
15639278,Germany,Berlin
15568487,France,Nice
15682084,France,Toulouse
15642821,Spain,Barcelona
15601387,France,Lyon
15642515,France,Marseille
15710421,Spain,Seville
15726774,France,Paris
15649078,Germany,Berlin
15641877,France,Lyon
15796496,France,Toulouse
15815690,Spain,Seville
15631739,Spain,Barcelona
15625584,France,Paris
15802466,France,Lyon
15697028,Spain,Seville
15575759,Spain,Madrid
15567442,France,Nice
15746805,France,Lyon
15636330,Germany,Cologne
15714970,Germany,Cologne
15653784,France,Marseille
15693543,France,Marseille
15773283,France,Lyon
15742534,Germany,Berlin
15569878,France,Nice
15729454,France,Nice
15578375,France,Paris
15785559,France,Marseille
15649414,France,Toulouse
15701605,France,Marseille
15686696,France,Lyon
15625586,France,Marseille
15654975,France,Paris
15782993,France,Lyon
15774382,Germany,Berlin
15689602,France,Lyon
15756155,France,Toulouse
15812647,France,Marseille
15736043,France,Paris
15696744,France,Lyon
15602572,France,Marseille
15674765,Spain,Bilbao
15678725,France,Paris
15694444,Germany,Cologne
15795878,Spain,Barcelona
15735346,Germany,Berlin
15687094,Germany,Berlin
15790067,Spain,Bilbao
15605742,France,Toulouse
15566740,Spain,Bilbao
15664897,France,Lyon
15585777,France,Marseille
15650864,France,Paris
15806709,Germany,Hamburg
15633818,France,Lyon
15713845,France,Toulouse
15639662,France,Paris
15567013,Spain,Bilbao
15777784,France,Marseille
15800251,Germany,Berlin
15651315,France,Paris
15651450,Germany,Munich
15784218,Spain,Barcelona
15572398,Spain,Bilbao
15707962,France,Paris
15705663,Germany,Hamburg
15645355,Germany,Cologne
15729557,Germany,Hamburg
15631436,France,Marseille
15583073,Spain,Bilbao
15614361,Spain,Valencia
15724684,Spain,Seville
15700083,Spain,Barcelona
15636541,Germany,Berlin
15796015,Germany,Cologne
15787222,Germany,Munich
15594270,France,Lyon
15701524,France,Marseille
15645847,Germany,Berlin
15708867,Spain,Seville
15613140,France,Toulouse
15628893,France,Nice
15764073,Spain,Valencia
15782879,France,Nice
15635964,Germany,Cologne
15726087,France,Lyon
15726313,Spain,Bilbao
15578073,Spain,Barcelona
15786249,Spain,Bilbao
15812850,Spain,Valencia
15596972,France,Marseille
15620579,Spain,Seville
15768270,Spain,Valencia
15656597,Germany,Frankfurt
15699446,Germany,Frankfurt
15615004,France,Lyon
15704771,France,Paris
15588372,Germany,Frankfurt
15681439,Germany,Hamburg
15607509,France,Toulouse
15670343,Spain,Valencia
15597968,Spain,Valencia
15658432,France,Nice
15616431,France,Marseille
15796957,Spain,Seville
15815552,France,Paris
15631871,Germany,Frankfurt
15635870,Germany,Cologne
15596713,France,Lyon
15684211,Spain,Madrid
15760521,France,Nice
15608408,Spain,Valencia
15804721,France,Nice
15730272,France,Lyon
15741988,Germany,Munich
15771728,Germany,Berlin
15605113,France,Nice
15661945,Spain,Seville
15783816,France,Lyon
15721207,Germany,Frankfurt
15764072,France,Toulouse
15689412,France,Nice
15798385,Spain,Barcelona
15775339,France,Nice
15585256,Spain,Valencia
15797329,France,Marseille
15780220,France,Toulouse
15648951,Spain,Valencia
15752409,France,Paris
15807524,France,Paris
15766649,France,Nice
15696812,Spain,Madrid
15581295,Spain,Madrid
15663234,France,Lyon
15741417,Spain,Barcelona
15695174,France,Paris
15665168,Germany,Hamburg
15601503,Spain,Madrid
15706131,Spain,Seville
15782758,France,Lyon
15591091,France,Paris
15715877,France,Paris
15756918,France,Nice
15746662,Spain,Seville
15626679,France,Toulouse
15793343,France,Nice
15576774,France,Nice
15801316,France,Nice
15800514,Germany,Munich
15662232,Germany,Berlin
15737778,Spain,Valencia
15782096,Spain,Barcelona
15783522,Spain,Bilbao
15785373,Spain,Madrid
15756272,Germany,Berlin
15615245,France,Lyon
15600174,France,Toulouse
15752956,Spain,Madrid
15644882,Germany,Cologne
15766272,Germany,Berlin
15800620,France,Marseille
15569764,Germany,Frankfurt
15747458,Spain,Seville
15573171,Spain,Valencia
15736769,France,Paris
15763381,France,Nice
15814430,Spain,Valencia
15638607,France,Nice
15737133,Spain,Madrid
15613945,France,Paris
15659937,France,Marseille
15765287,France,Paris
15661723,Spain,Barcelona
15766064,France,Nice
15649616,Spain,Madrid
15719017,France,Paris
15720919,France,Lyon
15706706,Germany,Frankfurt
15709653,France,Toulouse
15805104,France,Lyon
15622442,France,Lyon
15572801,Spain,Bilbao
15767598,Spain,Barcelona
15757897,France,Nice
15568104,France,Lyon
15763414,Germany,Frankfurt
15732265,France,Nice
15621974,Germany,Cologne
15803947,Germany,Berlin
15720706,Spain,Bilbao
15759290,Spain,Valencia
15651664,France,Toulouse
15795132,France,Toulouse
15811565,Spain,Madrid
15713774,Spain,Barcelona
15691840,Germany,Hamburg
15682021,Germany,Frankfurt
15612931,Spain,Seville
15676707,Spain,Bilbao
15601383,Spain,Valencia
15662662,France,Lyon
15752694,France,Nice
15590683,France,Nice
15773591,France,Toulouse
15723620,France,Marseille
15671779,France,Marseille
15672966,Spain,Bilbao
15624667,France,Marseille
15812888,France,Marseille
15724154,Germany,Cologne
15749540,France,Toulouse
15621063,France,Marseille
15661626,Germany,Frankfurt
15698703,Germany,Hamburg
15801431,Spain,Bilbao
15649451,France,Nice
15626156,France,Lyon
15606158,France,Toulouse
15589496,France,Nice
15730345,France,Marseille
15572038,Germany,Munich
15643439,France,Toulouse
15604158,France,Toulouse
15657396,France,Toulouse
15709478,Germany,Berlin
15628824,France,Paris
15814519,France,Marseille
15636520,France,Nice
15794414,Spain,Madrid
15643671,Germany,Frankfurt
15700650,France,Lyon
15680224,France,Marseille
15784286,Spain,Madrid
15693996,France,Marseille
15764343,Spain,Barcelona
15704168,Germany,Hamburg
15680197,France,Marseille
15633729,France,Paris
15577683,France,Marseille
15800746,France,Nice
15788686,Spain,Bilbao
15742798,France,Nice
15596647,France,Nice
15756070,Spain,Bilbao
15775116,France,Lyon
15575428,Germany,Berlin
15654074,France,Paris
15695872,France,Toulouse
15568885,Germany,Munich
15725036,France,Lyon
15632665,France,Lyon
15571476,Spain,Valencia
15776850,Spain,Valencia
15623649,Spain,Bilbao
15751131,Spain,Barcelona
15688128,Spain,Barcelona
15678412,France,Marseille
15770291,France,Marseille
15583392,Germany,Berlin
15690731,France,Nice
15697948,Spain,Seville
15608328,Spain,Bilbao
15766378,Germany,Hamburg
15600813,France,Paris
15706217,Germany,Munich
15601417,France,Toulouse
15610972,Germany,Hamburg
15674620,Germany,Cologne
15785350,Spain,Bilbao
15749119,France,Paris
15756535,Germany,Frankfurt
15700965,France,Marseille
15791851,France,Paris
15717156,France,Nice
15740846,France,Toulouse
15573284,France,Paris
15729083,France,Paris
15611612,France,Marseille
15694381,France,Marseille
15651737,Spain,Seville
15663168,France,Toulouse
15643426,Spain,Madrid
15618245,Germany,Hamburg
15717527,France,Nice
15793478,Germany,Berlin
15642248,Spain,Seville
15640377,France,Paris
15723950,Spain,Valencia
15590327,Germany,Frankfurt
15706199,Germany,Berlin
15671514,Spain,Valencia
15727041,France,Nice
15738063,France,Nice
15711733,France,Lyon
15652320,France,Marseille
15634180,Germany,Frankfurt
15694566,France,Lyon
15726103,Germany,Hamburg
15646351,Spain,Madrid
15730044,Germany,Cologne
15795186,France,Toulouse
15784890,Spain,Bilbao
15694125,France,Nice
15565891,France,Nice
15674254,Spain,Madrid
15775206,France,Lyon
15797627,Spain,Seville
15649853,France,Marseille
15610379,France,Toulouse
15659800,Spain,Barcelona
15716236,France,Lyon
15672053,Spain,Valencia
15663933,Germany,Berlin
15814236,Spain,Seville
15583597,Spain,Bilbao
15607395,France,Paris
15694556,France,Nice
15744109,France,Toulouse
15800688,Spain,Valencia
15810878,Spain,Madrid
15587835,France,Toulouse
15763515,France,Nice
15725882,Germany,Cologne
15788022,Germany,Hamburg
15663917,France,Lyon
15656865,Germany,Cologne
15667971,Germany,Frankfurt
15800366,France,Lyon
15717231,Germany,Cologne
15643188,Germany,Cologne
15671351,Spain,Bilbao
15573628,Germany,Hamburg
15698953,Spain,Bilbao
15753888,Spain,Bilbao
15737961,Germany,Frankfurt
15801701,Spain,Barcelona
15684419,Spain,Barcelona
15794266,France,Paris
15810711,Germany,Munich
15771270,France,Toulouse
15607786,France,Marseille
15624519,Germany,Frankfurt
15799910,France,Paris
15602479,Spain,Madrid
15617419,Germany,Cologne
15657603,France,Toulouse
15570379,Spain,Valencia
15772996,Germany,Munich
15729574,Spain,Barcelona
15737267,France,Marseille
15799128,Spain,Valencia
15813327,France,Nice
15711921,France,Paris
15654300,Germany,Munich
15569945,Spain,Barcelona
15569666,France,Marseille
15681887,Germany,Frankfurt
15608873,France,Toulouse
15762091,Germany,Frankfurt
15722053,Spain,Barcelona
15782100,Spain,Seville
15765300,Germany,Berlin
15743570,France,Lyon
15608541,France,Lyon
15750671,Spain,Valencia
15813659,France,Lyon
15757867,France,Paris
15652914,Spain,Madrid
15723818,France,Paris
15713819,France,Lyon
15656484,France,Nice
15778515,France,Lyon
15803840,France,Marseille
15735339,France,Paris
15600392,France,Marseille
15625740,Germany,Berlin
15663817,France,Marseille
15734461,Germany,Cologne
15780142,France,Toulouse
15709920,France,Paris
15684248,Spain,Valencia
15643158,France,Lyon
15693902,France,Nice
15578307,France,Lyon
15585379,France,Lyon
15758510,France,Nice
15692918,Germany,Frankfurt
15705301,France,Marseille
15718231,France,Nice
15567991,Spain,Seville
15772650,France,Nice
15574795,France,Lyon
15706036,Germany,Berlin
15723856,France,Toulouse
15812920,Germany,Frankfurt
15691287,Germany,Frankfurt
15804797,France,Paris
15708650,France,Marseille
15712777,France,Lyon
15786469,France,Paris
15669219,Germany,Munich
15641004,Spain,Barcelona
15648067,France,Nice
15704014,Germany,Munich
15645136,Spain,Madrid
15709604,France,Toulouse
15713637,France,Paris
15793901,France,Paris
15569759,France,Toulouse
15712930,France,Marseille
15586504,France,Marseille
15677317,France,Paris
15664270,Germany,Berlin
15731519,France,Marseille
15745623,France,Toulouse
15813862,Spain,Barcelona
15641934,Spain,Seville
15713043,France,Nice
15700749,France,Paris
15697567,France,Marseille
15715414,France,Toulouse
15639530,Spain,Bilbao
15726058,Germany,Frankfurt
15725665,France,Paris
15698872,Spain,Barcelona
15812184,France,Lyon
15742609,Germany,Frankfurt
15815043,Spain,Seville
15640648,France,Nice
15627203,Spain,Madrid
15786196,France,Paris
15612095,France,Lyon
15674368,France,Nice
15783477,Germany,Munich
15757559,France,Marseille
15591036,Germany,Cologne
15761241,Germany,Cologne
15695078,France,Lyon
15645744,France,Paris
15566988,Germany,Munich
15749300,France,Marseille
15594340,France,Marseille
15607065,France,Marseille
15778089,Spain,Barcelona
15773723,Spain,Bilbao
15697035,Spain,Valencia
15679668,Spain,Madrid
15709861,Germany,Munich
15791958,France,Toulouse
15791030,France,Paris
15695339,Germany,Frankfurt
15658813,France,Marseille
15715709,Germany,Hamburg
15722533,France,Lyon
15683118,France,Marseille
15672798,France,Toulouse
15680112,Germany,Hamburg
15714575,Germany,Berlin
15806808,Germany,Cologne
15590637,France,Nice
15657535,Spain,Bilbao
15696141,Spain,Barcelona
15811947,France,Toulouse
15649024,France,Lyon
15594928,Germany,Frankfurt
15765532,Germany,Hamburg
15741719,France,Toulouse
15665629,Spain,Valencia
15728917,France,Nice
15762993,Spain,Valencia
15571193,Germany,Cologne
15653521,Germany,Frankfurt
15802220,Spain,Barcelona
15644132,France,Lyon
15600832,France,Lyon
15797919,Spain,Bilbao
15603743,France,Nice
15579714,France,Lyon
15634295,France,Lyon
15786680,Spain,Valencia
15623499,Germany,Frankfurt
15691823,France,Lyon
15809279,France,Toulouse
15758039,France,Lyon
15807163,France,Nice
15631639,France,Lyon
15713770,Spain,Valencia
15698167,France,Paris
15781710,Spain,Bilbao
15801296,Germany,Frankfurt
15704378,Germany,Berlin
15767891,Germany,Hamburg
15640667,France,Marseille
15702145,Spain,Barcelona
15679738,Spain,Madrid
15636634,Germany,Munich
15809227,France,Toulouse
15601811,France,Toulouse
15625494,France,Marseille
15723737,France,Toulouse
15682955,France,Marseille
15758856,France,Lyon
15746065,Germany,Hamburg
15783865,France,Paris
15745455,Germany,Hamburg
15583033,France,Lyon
15644212,Spain,Madrid
15735688,France,Nice
15658577,France,Nice
15606887,France,Marseille
15783026,France,Nice
15579892,Spain,Bilbao
15802088,Spain,Bilbao
15589323,France,Lyon
15636395,France,Nice
15712772,France,Lyon
15700937,Spain,Barcelona
15766659,Spain,Madrid
15814033,Spain,Valencia
15783007,Germany,Berlin
15654183,France,Toulouse
15609899,Spain,Barcelona
15747323,Spain,Bilbao
15582591,Spain,Bilbao
15738835,Germany,Cologne
15782404,France,Marseille
15697480,France,Lyon
15697045,Spain,Seville
15781234,France,Toulouse
15579891,France,Toulouse
15805690,Spain,Barcelona
15612139,France,Lyon
15568834,Spain,Barcelona
15709917,France,Lyon
15718843,Spain,Madrid
15799494,Germany,Cologne
15673439,Spain,Madrid
15669011,France,Marseille
15581388,Spain,Seville
15743153,Germany,Hamburg
15579787,France,Lyon
15759966,Spain,Barcelona
15601045,Spain,Madrid
15764021,France,Lyon
15687218,France,Toulouse
15626452,Spain,Bilbao
15700964,Germany,Cologne
15768887,Spain,Valencia
15735358,Spain,Seville
15749472,France,Lyon
15685872,France,Toulouse
15760851,France,Toulouse
15734588,France,Paris
15784594,Germany,Frankfurt
15606435,Germany,Cologne
15790247,Spain,Valencia
15676433,France,Toulouse
15625905,Spain,Bilbao
15626414,France,Nice
15623220,Spain,Bilbao
15752857,Germany,Frankfurt
15677908,Spain,Bilbao
15773013,France,Paris
15623972,Germany,Frankfurt
15738627,France,Paris
15643392,France,Toulouse
15684868,Germany,Cologne
15627854,Spain,Madrid
15669253,Spain,Barcelona
15758023,Germany,Frankfurt
15574558,Spain,Bilbao
15635256,France,Toulouse
15680399,France,Paris
15674720,Germany,Frankfurt
15580249,France,Toulouse
15675431,France,Nice
15698285,France,Paris
15810775,Spain,Barcelona
15678173,Spain,Valencia
15665222,Spain,Seville
15803908,France,Toulouse
15586039,Germany,Munich
15802570,France,Marseille
15781451,France,Toulouse
15721019,France,Lyon
15738588,Germany,Cologne
15730657,France,Marseille
15739292,Germany,Frankfurt
15725945,Spain,Madrid
15813159,France,Nice
15636820,Germany,Hamburg
15603880,Germany,Cologne
15619494,Germany,Cologne
15596992,Germany,Berlin
15735025,Spain,Bilbao
15730759,France,Paris
15752912,France,Lyon
15711316,France,Nice
15738785,France,Nice
15777896,Germany,Hamburg
15628963,Germany,Cologne
15742126,Germany,Cologne
15575623,France,Marseille
15741652,Spain,Seville
15738884,Germany,Berlin
15615050,Germany,Hamburg
15803005,Germany,Cologne
15743498,Germany,Frankfurt
15720463,France,Lyon
15588695,Spain,Seville
15665802,Spain,Madrid
15571144,France,Marseille
15750731,Germany,Munich
15605134,France,Lyon
15626044,Germany,Berlin
15737910,Germany,Berlin
15761076,France,Paris
15710105,Germany,Cologne
15577402,France,Marseille
15803337,France,Paris
15654372,Germany,Frankfurt
15585867,Spain,Seville
15662488,France,Nice
15604813,France,Nice
15611644,France,Lyon
15674928,Spain,Seville
15656100,France,Nice
15764293,France,Toulouse
15636423,France,Paris
15607629,France,Lyon
15577313,France,Marseille
15714493,Spain,Bilbao
15643359,Spain,Barcelona
15687913,Germany,Hamburg
15790935,France,Lyon
15708693,France,Lyon
15672016,France,Paris
15727605,Germany,Cologne
15651144,Germany,Munich
15749401,France,Marseille
15691874,France,Toulouse
15620735,Germany,Munich
15769781,Spain,Barcelona
15624611,Spain,Madrid
15773071,Spain,Barcelona
15720371,France,Lyon
15717984,France,Paris
15806407,France,Nice
15785042,France,Marseille
15809302,France,Paris
15677550,France,Toulouse
15654096,Germany,Cologne
15617320,Spain,Seville
15653065,Spain,Bilbao
15649112,Spain,Madrid
15690526,Germany,Frankfurt
15806945,France,Toulouse
15670066,Spain,Barcelona
15625761,Germany,Hamburg
15761525,Spain,Bilbao
15735080,France,Toulouse
15619537,France,Toulouse
15598162,Germany,Cologne
15694300,France,Toulouse
15637235,Spain,Madrid
15612444,France,Nice
15626457,France,Nice
15627995,Germany,Berlin
15706128,France,Lyon
15666430,France,Nice
15627385,France,Marseille
15581323,Germany,Frankfurt
15608109,Germany,Frankfurt
15801942,Spain,Barcelona
15567431,France,Paris
15810167,Spain,Barcelona
15644501,France,Lyon
15785290,France,Paris
15611157,France,Marseille
15673837,Spain,Madrid
15656822,Germany,Hamburg
15580560,France,Paris
15760641,Germany,Frankfurt
15587584,Spain,Bilbao
15604146,Germany,Munich
15813974,Germany,Munich
15746986,Germany,Berlin
15759741,Germany,Berlin
15734892,Spain,Madrid
15797194,France,Toulouse
15723786,France,Lyon
15642726,France,Lyon
15664339,Spain,Valencia
15754526,Germany,Frankfurt
15703037,France,Nice
15751412,France,Nice
15609558,Germany,Frankfurt
15572408,Germany,Hamburg
15613923,Spain,Seville
15747000,France,Nice
15731781,France,Marseille
15727198,Germany,Berlin
15794273,France,Paris
15804950,France,Marseille
15576304,France,Marseille
15645200,Germany,Munich
15779627,Germany,Cologne
15750755,Spain,Madrid
15569654,Germany,Cologne
15753079,France,Nice
15684995,Spain,Madrid
15790763,Spain,Valencia
15766458,France,Toulouse
15616221,France,Lyon
15776124,Spain,Madrid
15665811,France,Marseille
15729804,France,Marseille
15714062,France,Nice
15592197,Spain,Seville
15793116,Germany,Frankfurt
15638231,Spain,Barcelona
15697678,Germany,Hamburg
15800412,Germany,Frankfurt
15597610,Spain,Madrid
15726634,France,Paris
15670866,France,Nice
15667462,Spain,Bilbao
15662574,Spain,Madrid
15716926,France,Toulouse
15603554,France,Nice
15716800,France,Marseille
15679429,France,Toulouse
15616122,France,Nice
15742172,Germany,Munich
15792305,Germany,Munich
15636016,France,Nice
15733138,Germany,Frankfurt
15669741,France,Nice
15616954,France,Marseille
15729238,Germany,Hamburg
15718242,Germany,Frankfurt
15682914,France,Nice
15654274,France,Toulouse
15691457,Spain,Bilbao
15719649,France,Toulouse
15778897,France,Toulouse
15589437,France,Lyon
15682369,France,Nice
15626507,France,Lyon
15571995,Germany,Munich
15673333,Germany,Hamburg
15748752,Germany,Berlin
15725302,Spain,Madrid
15722083,Spain,Madrid
15771442,France,Toulouse
15803633,France,Paris
15672185,France,Lyon
15806486,France,Nice
15570895,France,Toulouse
15614520,France,Toulouse
15687492,Germany,Berlin
15675337,Germany,Munich
15721047,Germany,Munich
15589017,Germany,Frankfurt
15611186,France,Lyon
15617301,Germany,Berlin
15726046,France,Lyon
15585748,Germany,Munich
15672826,France,Marseille
15595162,Spain,Madrid
15650026,France,Marseille
15745826,France,Marseille
15708610,Germany,Frankfurt
15624471,France,Nice
15590097,Spain,Valencia
15689328,Germany,Berlin
15582154,France,Paris
15734626,Spain,Valencia
15702806,Spain,Valencia
15620756,France,Toulouse
15611331,France,Nice
15576935,Spain,Bilbao
15661275,Germany,Berlin
15814940,Spain,Barcelona
15768471,Germany,Hamburg
15697391,Spain,Valencia
15793346,France,Marseille
15608338,Spain,Seville
15578546,Germany,Cologne
15656921,France,Paris
15761340,France,Lyon
15591135,France,Toulouse
15623219,France,Lyon
15655229,Germany,Cologne
15805884,France,Nice
15668289,Spain,Valencia
15568562,France,Toulouse
15773276,Spain,Seville
15622801,France,Paris
15779886,Spain,Bilbao
15713673,France,Marseille
15783083,France,Nice
15742824,Germany,Munich
15621550,Spain,Bilbao
15799480,France,Nice
15625247,France,Paris
15755241,France,Lyon
15575679,France,Nice
15668235,France,Marseille
15683183,Germany,Munich
15684592,Spain,Madrid
15591169,Germany,Hamburg
15653455,France,Marseille
15732563,Germany,Berlin
15656471,France,Marseille
15598510,Germany,Cologne
15766427,Germany,Frankfurt
15785342,France,Lyon
15641595,Spain,Bilbao
15798429,France,Nice
15648136,Germany,Cologne
15812482,France,Lyon
15790810,France,Nice
15687421,Spain,Madrid
15765643,France,Marseille
15654878,France,Marseille
15686835,Germany,Berlin
15768340,Germany,Munich
15673599,Spain,Seville
15689096,France,Paris
15684294,France,Toulouse
15615828,France,Lyon
15746012,Spain,Valencia
15615797,Germany,Cologne
15788494,France,Marseille
15793856,Spain,Barcelona
15629545,Spain,Bilbao
15661198,Germany,Munich
15715117,France,Lyon
15701074,Germany,Berlin
15793046,France,Marseille
15623744,France,Paris
15611329,Spain,Barcelona
15740428,France,Paris
15781534,Germany,Cologne
15618243,Spain,Bilbao
15784161,Germany,Berlin
15700325,France,Toulouse
15659064,Spain,Bilbao
15658364,Germany,Hamburg
15704340,France,Lyon
15793455,Spain,Valencia
15579777,France,Toulouse
15632345,France,Nice
15814468,Germany,Munich
15754820,Germany,Munich
15707505,Spain,Barcelona
15699507,France,Paris
15799600,Germany,Frankfurt
15794472,France,Lyon
15646632,France,Lyon
15676353,France,Paris
15566312,Spain,Seville
15570414,Spain,Seville
15776743,France,Nice
15674637,France,Paris
15730418,France,Paris
15739972,Germany,Munich
15661591,Germany,Berlin
15675585,Germany,Frankfurt
15814750,Spain,Madrid
15593454,Spain,Valencia
15663421,Spain,Seville
15576196,Spain,Madrid
15677324,Germany,Berlin
15568742,France,Nice
15693764,Spain,Valencia
15714260,France,Paris
15798200,France,Nice
15656627,France,Marseille
15791111,France,Lyon
15638269,France,Marseille
15807473,France,Lyon
15708534,Spain,Barcelona
15640686,France,Marseille
15588904,France,Marseille
15768763,France,Nice
15770543,France,Marseille
15642162,Germany,Cologne
15714046,Spain,Madrid
15575060,France,Marseille
15812040,France,Lyon
15812073,France,Lyon
15706810,Germany,Munich
15584090,Spain,Madrid
15810807,France,Paris
15582033,Germany,Frankfurt
15687607,France,Nice
15588406,Spain,Bilbao
15784099,France,Paris
15701352,Spain,Barcelona
15789371,Germany,Frankfurt
15602845,Germany,Munich
15707918,Germany,Frankfurt
15602812,Germany,Munich
15675888,Spain,Valencia
15591822,Spain,Barcelona
15738501,Germany,Munich
15585907,Spain,Bilbao
15579040,France,Lyon
15804211,France,Lyon
15736126,Germany,Berlin
15745399,Spain,Valencia
15760749,Spain,Bilbao
15637118,France,Marseille
15657829,Germany,Frankfurt
15738497,Spain,Seville
15690695,France,Paris
15762351,Spain,Barcelona
15791172,Germany,Berlin
15598982,Germany,Cologne
15734765,France,Paris
15642912,France,Paris
15769516,France,Toulouse
15789379,France,Paris
15695103,Spain,Madrid
15801924,Spain,Seville
15767804,France,Toulouse
15718039,Germany,Hamburg
15579994,France,Nice
15595037,France,Nice
15600720,Spain,Seville
15782608,France,Nice
15566894,France,Marseille
15749123,Spain,Valencia
15668943,France,Marseille
15577423,Germany,Hamburg
15623102,Spain,Bilbao
15728012,Spain,Madrid
15683363,Spain,Seville
15699335,Germany,Frankfurt
15574369,Spain,Barcelona
15703167,France,Paris
15754874,France,Toulouse
15723216,Germany,Berlin
15725094,France,Toulouse
15647974,France,Marseille
15583371,Spain,Seville
15772559,France,Toulouse
15711251,France,Lyon
15719212,France,Lyon
15764927,France,Lyon
15731412,Germany,Frankfurt
15719170,France,Marseille
15596011,Spain,Valencia
15614834,Spain,Seville
15600510,Spain,Barcelona
15625706,Germany,Munich
15781409,France,Marseille
15722583,Spain,Seville
15677243,Spain,Seville
15815070,Germany,Berlin
15705899,Spain,Madrid
15701522,France,Toulouse
15755978,France,Paris
15722090,Spain,Valencia
15783526,France,Toulouse
15632125,Germany,Cologne
15688395,France,Lyon
15666975,France,Marseille
15682211,France,Marseille
15637411,France,Nice
15591512,Germany,Frankfurt
15606855,Spain,Barcelona
15763683,Germany,Frankfurt
15641782,France,Paris
15677184,France,Toulouse
15775042,France,Paris
15616630,Germany,Munich
15800233,France,Nice
15588419,Germany,Berlin
15595557,France,Marseille
15626143,France,Nice
15566030,Germany,Cologne
15701412,France,Toulouse
15702464,France,Nice
15573348,France,Toulouse
15704160,Spain,Barcelona
15693704,France,Nice
15664752,Germany,Hamburg
15628292,France,Nice
15621195,Germany,Hamburg
15668629,Spain,Seville
15635197,Germany,Cologne
15592761,France,Paris
15574283,France,Marseille
15598097,France,Lyon
15711352,France,Nice
15620751,France,Toulouse
15656717,France,Toulouse
15643121,Germany,Frankfurt
15723671,France,Marseille
15752846,France,Nice
15640852,Germany,Hamburg
15789313,Germany,Hamburg
15793688,France,Paris
15770405,France,Nice
15702561,France,Toulouse
15625964,France,Paris
15761364,France,Nice
15590286,France,Nice
15587978,Germany,Cologne
15773242,France,Marseille
15761053,Germany,Frankfurt
15702095,Spain,Madrid
15764253,France,Toulouse
15700801,Germany,Hamburg
15730590,Germany,Munich
15643916,Spain,Seville
15720636,France,Paris
15795429,France,Nice
15609254,Spain,Madrid
15625141,Spain,Bilbao
15810898,France,Toulouse
15775797,Spain,Valencia
15795246,Germany,Cologne
15795275,Spain,Madrid
15571869,Germany,Berlin
15694143,France,Lyon
15748231,Germany,Hamburg
15632185,France,Nice
15806249,Spain,Madrid
15743293,Germany,Hamburg
15598157,France,Lyon
15700946,France,Toulouse
15722692,France,Nice
15696506,Spain,Valencia
15728823,Spain,Seville
15808851,Germany,Frankfurt
15675231,France,Nice
15732299,France,Toulouse
15706269,France,Lyon
15590078,Spain,Barcelona
15776985,France,Marseille
15756743,France,Marseille
15782364,Spain,Bilbao
15604093,France,Marseille
15749328,France,Toulouse
15656322,Germany,Munich
15685564,Spain,Madrid
15785831,France,Nice
15796218,Germany,Berlin
15716218,France,Nice
15572735,Spain,Bilbao
15633840,France,Toulouse
15608760,France,Lyon
15627848,France,Marseille
15792029,France,Paris
15617331,Germany,Munich
15651740,Spain,Bilbao
15636407,Germany,Berlin
15607526,Germany,Berlin
15632576,France,Nice
15581505,France,Marseille
15612207,Germany,Berlin
15707242,Spain,Valencia
15721937,France,Paris
15773852,Germany,Hamburg
15719778,France,Toulouse
15650538,Germany,Frankfurt
15797475,France,Toulouse
15780359,Germany,Munich
15737104,Germany,Cologne
15789936,France,Toulouse
15709523,Germany,Cologne
15593425,Spain,Seville
15776725,Germany,Frankfurt
15604706,Germany,Hamburg
15790958,Spain,Barcelona
15747534,France,Toulouse
15574237,France,Lyon
15690332,Germany,Hamburg
15661290,Germany,Frankfurt
15651883,Germany,Cologne
15808905,France,Marseille
15715532,Germany,Cologne
15786078,France,Lyon
15652401,France,Marseille
15673074,Germany,Hamburg
15598744,Germany,Hamburg
15785975,Spain,Madrid
15613180,Germany,Berlin
15584229,Germany,Berlin
15773804,France,Lyon
15699515,Germany,Cologne
15705313,France,Toulouse
15693817,Spain,Barcelona
15673790,Germany,Berlin
15674868,Spain,Barcelona
15692110,France,Toulouse
15645904,France,Toulouse
15581332,Germany,Frankfurt
15808544,France,Toulouse
15734948,Spain,Bilbao
15654531,France,Lyon
15637774,France,Toulouse
15677141,Spain,Bilbao
15739578,France,Toulouse
15697360,France,Nice
15655213,Germany,Cologne
15580872,Germany,Cologne
15683213,France,Marseille
15801188,France,Lyon
15645029,Spain,Barcelona
15633181,France,Toulouse
15598259,Germany,Frankfurt
15576000,France,Paris
15766047,France,Nice
15596339,France,Toulouse
15715199,Spain,Barcelona
15615938,France,Nice
15679991,France,Marseille
15626135,France,Toulouse
15792934,France,Nice
15744046,Spain,Bilbao
15700826,Germany,Munich
15756301,Germany,Berlin
15586517,France,Paris
15751297,France,Nice
15710365,France,Toulouse
15679307,France,Marseille
15610753,France,Paris
15811036,France,Nice
15610912,Spain,Seville
15619932,France,Paris
15746199,France,Lyon
15584967,Spain,Bilbao
15734365,France,Marseille
15726960,France,Toulouse
15665177,France,Nice
15779915,Spain,Madrid
15729110,Spain,Bilbao
15575399,France,Nice
15678374,France,Paris
15792679,France,Lyon
15668767,France,Toulouse
15761886,France,Paris
15583076,Germany,Frankfurt
15815615,France,Nice
15591942,Spain,Valencia
15724924,France,Nice
15762123,Spain,Madrid
15567893,Germany,Munich
15648989,France,Nice
15662021,Spain,Madrid
15691627,France,Toulouse
15731751,France,Toulouse
15635277,Spain,Bilbao
15655252,Germany,Cologne
15803941,France,Nice
15714380,France,Marseille
15666559,Germany,Cologne
15799998,France,Marseille
15703763,France,Marseille
15795640,Germany,Munich
15780056,Spain,Barcelona
15777873,France,Paris
15584749,Germany,Frankfurt
15765258,France,Marseille
15623346,France,Nice
15614054,France,Marseille
15766185,Germany,Berlin
15667632,France,Toulouse
15599024,Spain,Bilbao
15798709,Spain,Barcelona
15741921,Spain,Bilbao
15793671,France,Paris
15797900,France,Marseille
15667932,Spain,Bilbao
15795933,France,Paris
15660403,Spain,Valencia
15736299,France,Toulouse
15759034,France,Paris
15724663,Spain,Barcelona
15594556,Spain,Bilbao
15737169,Spain,Madrid
15632472,Spain,Valencia
15722813,Spain,Valencia
15588450,France,Lyon
15736717,France,Nice
15680683,Spain,Valencia
15710316,Spain,Valencia
15746333,France,Marseille
15606861,France,Paris
15641285,Spain,Madrid
15662908,Germany,Frankfurt
15814267,France,Lyon
15614923,Spain,Bilbao
15579223,Germany,Hamburg
15651389,Spain,Seville
15677087,France,Marseille
15665784,France,Lyon
15576706,Germany,Munich
15615473,France,Lyon
15587299,France,Toulouse
15655389,France,Lyon
15784491,France,Nice
15809999,France,Paris
15681115,Spain,Valencia
15629390,France,Paris
15792668,Germany,Hamburg
15583863,Germany,Frankfurt
15681878,Germany,Hamburg
15782875,France,Toulouse
15732235,France,Toulouse
15735909,Germany,Cologne
15653448,France,Lyon
15587647,Germany,Cologne
15701037,France,Lyon
15727499,Germany,Hamburg
15724838,France,Nice
15666711,France,Marseille
15588933,France,Paris
15763111,Spain,Valencia
15805676,Spain,Madrid
15586674,Spain,Madrid
15744553,France,Lyon
15776629,France,Toulouse
15647207,France,Toulouse
15715638,Germany,Cologne
15750602,France,Marseille
15766810,Germany,Cologne
15756625,France,Nice
15639552,Germany,Hamburg
15633213,Spain,Seville
15610416,France,Toulouse
15715208,Germany,Cologne
15619608,Germany,Munich
15628697,Spain,Barcelona
15643826,France,Nice
15718588,France,Toulouse
15709741,France,Paris
15723318,France,Marseille
15717328,France,Toulouse
15771299,France,Toulouse
15706223,Spain,Valencia
15612358,Germany,Frankfurt
15769191,France,Paris
15618816,Germany,Berlin
15730810,Spain,Bilbao
15783463,France,Marseille
15616213,Germany,Cologne
15611287,France,Nice
15786454,Spain,Valencia
15768682,Spain,Valencia
15766172,France,Marseille
15637646,France,Marseille
15653404,Spain,Madrid
15690546,France,Marseille
15735636,France,Nice
15605424,Spain,Seville
15568449,Spain,Seville
15688085,Spain,Barcelona
15683483,Spain,Bilbao
15659567,France,Lyon
15766667,Spain,Bilbao
15624975,Spain,Valencia
15660878,France,Lyon
15586557,France,Marseille
15746183,France,Nice
15631457,France,Paris
15754053,France,Paris
15645839,France,Paris
15689955,France,Paris
15593510,Germany,Cologne
15654964,Spain,Madrid
15594039,Spain,Bilbao
15625929,France,Paris
15815295,France,Toulouse
15621818,Germany,Munich
15652700,France,Lyon
15636860,France,Marseille
15569432,France,Marseille
15751455,France,Lyon
15800583,Spain,Madrid
15770214,France,Paris
15613463,Germany,Frankfurt
15587066,France,Paris
15693752,France,Paris
15714874,France,Nice
15657809,France,Lyon
15651955,France,Nice
15570912,Germany,Berlin
15640266,Spain,Madrid
15652069,France,Paris
15596074,France,Nice
15800268,Germany,Hamburg
15809847,France,Toulouse
15599074,Spain,Bilbao
15599591,Germany,Hamburg
15776096,Spain,Madrid
15611669,Germany,Hamburg
15694098,France,Marseille
15713347,Spain,Valencia
15713094,France,Toulouse
15811978,Germany,Berlin
15799925,France,Toulouse
15692575,France,Marseille
15743149,France,Toulouse
15776947,Spain,Valencia
15700656,France,Marseille
15594515,France,Lyon
15787884,France,Paris
15577988,France,Marseille
15795586,France,Paris
15677739,France,Toulouse
15720134,Germany,Cologne
15688868,France,Marseille
15642996,Germany,Berlin
15771222,France,Marseille
15605059,Germany,Munich
15568088,Germany,Hamburg
15665943,France,Toulouse
15795571,Spain,Madrid
15662243,France,Toulouse
15593128,France,Lyon
15589739,France,Nice
15787602,Spain,Seville
15685019,France,Lyon
15704209,France,Toulouse
15605264,Germany,Berlin
15708265,Spain,Barcelona
15740264,France,Nice
15615477,Spain,Seville
15727361,France,Lyon
15760216,France,Nice
15806134,Germany,Berlin
15601351,France,Toulouse
15669262,France,Marseille
15696989,Germany,Berlin
15688498,Germany,Berlin
15686964,France,Paris
15625035,France,Paris
15618391,France,Nice
15591344,Spain,Valencia
15605455,France,Toulouse
15680804,France,Paris
15768282,Germany,Cologne
15685826,France,Lyon
15793491,Germany,Berlin
15797787,France,Paris
15611171,France,Toulouse
15601627,France,Marseille
15734085,Germany,Hamburg
15809309,Spain,Valencia
15809462,France,Toulouse
15634628,France,Nice
15775678,France,Paris
15579526,France,Nice
15779103,Germany,Cologne
15738715,France,Toulouse
15593943,France,Toulouse
15754574,Spain,Seville
15737814,France,Paris
15670889,France,Nice
15629299,Germany,Hamburg
15771569,Germany,Berlin
15811927,France,Toulouse
15785654,Germany,Cologne
15665524,Spain,Madrid
15736287,France,Nice
15765732,Spain,Bilbao
15797381,Germany,Munich
15598536,Germany,Munich
15664506,Spain,Valencia
15575619,Spain,Seville
15587394,France,Paris
15654457,Spain,Madrid
15762793,Germany,Munich
15658067,Germany,Frankfurt
15642816,France,Marseille
15693088,France,Paris
15793883,France,Toulouse
15665283,France,Marseille
15680421,France,Lyon
15695148,Spain,Barcelona
15636592,France,Nice
15772618,France,Paris
15724453,France,Toulouse
15565878,Spain,Barcelona
15609160,France,Marseille
15678460,France,Toulouse
15662571,France,Paris
15606849,France,Marseille
15670738,Germany,Cologne
15662641,France,Paris
15727539,France,Toulouse
15651020,France,Lyon
15673877,France,Lyon
15760865,Germany,Berlin
15705009,France,Lyon
15657540,France,Paris
15707441,Spain,Bilbao
15694765,Germany,Hamburg
15649086,France,Toulouse
15650488,France,Toulouse
15760924,Spain,Madrid
15700263,France,Nice
15806922,Spain,Valencia
15637522,France,Toulouse
15636548,Spain,Bilbao
15566891,Germany,Cologne
15627185,Germany,Berlin
15754012,France,Paris
15627514,Spain,Valencia
15661433,France,Paris
15610653,Spain,Valencia
15667002,Spain,Madrid
15709199,Spain,Seville
15710087,Germany,Berlin
15679884,France,Lyon
15784180,France,Nice
15808849,France,Toulouse
15751549,Germany,Frankfurt
15588235,France,Lyon
15640418,Germany,Frankfurt
15721116,Spain,Barcelona
15599084,France,Paris
15773394,France,Paris
15625713,Spain,Barcelona
15766417,France,Toulouse
15622578,France,Paris
15799924,Spain,Seville
15618363,Germany,Frankfurt
15637138,France,Paris
15781665,France,Lyon
15804853,France,Lyon
15651627,Germany,Berlin
15680685,France,Lyon
15808930,France,Paris
15570970,France,Marseille
15679961,Spain,Madrid
15705458,Spain,Seville
15750396,France,Nice
15679928,France,Lyon
15711181,France,Nice
15698324,France,Paris
15807433,France,Paris
15636590,France,Paris
15628950,Germany,Cologne
15617206,Germany,Frankfurt
15603741,Spain,Bilbao
15742607,Germany,Hamburg
15747821,Germany,Berlin
15612043,France,Lyon
15809558,Spain,Seville
15803750,Spain,Valencia
15704681,Germany,Cologne
15667392,Spain,Valencia
15738889,France,Paris
15598838,France,Nice
15579109,Germany,Frankfurt
15799042,France,Lyon
15697042,Spain,Valencia
15696605,France,Lyon
15802274,France,Paris
15596808,Spain,Bilbao
15705403,Spain,Barcelona
15732903,France,Marseille
15581968,France,Paris
15683892,Germany,Berlin
15595447,Spain,Valencia
15569249,France,Lyon
15656188,Spain,Seville
15689661,France,Lyon
15644934,France,Marseille
15721793,Germany,Frankfurt
15687413,Spain,Barcelona
15761286,Germany,Cologne
15658240,France,Lyon
15706232,France,Nice
15583394,Germany,Berlin
15715643,France,Lyon
15644856,Spain,Madrid
15785488,Spain,Bilbao
15711571,Spain,Seville
15778604,France,Lyon
15751180,France,Paris
15748360,Germany,Cologne
15770039,Germany,Berlin
15685096,France,Paris
15669501,France,Paris
15622631,France,Lyon
15586699,France,Paris
15702377,Spain,Bilbao
15577170,France,Marseille
15769451,France,Toulouse
15811877,France,Toulouse
15648725,France,Lyon
15752801,Germany,Hamburg
15808175,France,Lyon
15681342,France,Marseille
15589210,France,Nice
15696826,France,Toulouse
15614962,Spain,Seville
15689061,France,Lyon
15640074,Spain,Barcelona
15776156,France,Nice
15739548,France,Paris
15662854,Germany,Frankfurt
15687688,Germany,Hamburg
15715750,Germany,Cologne
15571121,France,Nice
15726466,France,Paris
15660390,France,Marseille
15663942,France,Marseille
15638610,Germany,Cologne
15644446,France,Paris
15585892,France,Nice
15609356,France,Lyon
15803378,Spain,Barcelona
15599440,France,Paris
15692408,Spain,Bilbao
15683168,France,Paris
15790254,Spain,Bilbao
15767729,Spain,Valencia
15768600,Germany,Frankfurt
15699839,France,Nice
15786237,France,Lyon
15694530,France,Toulouse
15796813,France,Lyon
15605791,Germany,Munich
15714087,Germany,Berlin
15711446,Spain,Barcelona
15588123,France,Paris
15748552,Germany,Hamburg
15618410,Germany,Cologne
15672432,France,Toulouse
15610042,France,Lyon
15580914,Spain,Barcelona
15583680,Spain,Madrid
15813718,Spain,Madrid
15767264,Germany,Munich
15686461,France,Marseille
15678882,Germany,Hamburg
15789611,Germany,Cologne
15668679,France,Marseille
15631685,Germany,Munich
15655658,France,Nice
15753591,France,Toulouse
15617348,France,Paris
15704581,Germany,Berlin
15738487,France,Paris
15648069,France,Nice
15737627,Germany,Hamburg
15731586,Spain,Barcelona
15757467,Spain,Madrid
15597709,France,Toulouse
15720529,France,Nice
15596797,Spain,Madrid
15681755,France,Paris
15815271,Germany,Hamburg
15682860,Spain,Seville
15621546,France,Nice
15705918,France,Nice
15684512,Germany,Munich
15671769,France,Toulouse
15642934,Germany,Hamburg
15594305,France,Marseille
15789201,Germany,Hamburg
15706762,France,Paris
15766183,Germany,Munich
15777994,France,Lyon
15568162,Spain,Madrid
15680643,Spain,Barcelona
15761854,France,Toulouse
15730793,Germany,Hamburg
15692137,France,Toulouse
15608595,France,Lyon
15709459,Spain,Madrid
15775750,France,Toulouse
15585855,France,Nice
15752139,Germany,Cologne
15768295,France,Paris
15766906,France,Toulouse
15725776,Germany,Hamburg
15682576,France,Lyon
15704081,Germany,Frankfurt
15719940,Germany,Cologne
15672894,France,Lyon
15667451,France,Toulouse
15636767,Spain,Valencia
15571415,Germany,Hamburg
15575605,France,Toulouse
15649160,France,Lyon
15615832,Spain,Valencia
15600975,France,Marseille
15690772,Spain,Barcelona
15565714,France,Marseille
15763108,Germany,Hamburg
15723884,Spain,Madrid
15644453,Germany,Frankfurt
15655464,France,Paris
15783883,Germany,Munich
15787693,Spain,Barcelona
15664793,Spain,Madrid
15642391,Germany,Cologne
15756538,France,Toulouse
15668830,Spain,Seville
15796569,Spain,Barcelona
15677112,France,Marseille
15815040,Germany,Hamburg
15590434,Spain,Valencia
15597536,Spain,Bilbao
15723989,France,Lyon
15767358,Germany,Frankfurt
15594812,Spain,Barcelona
15688210,France,Nice
15681509,Spain,Bilbao
15572390,Spain,Barcelona
15801441,Germany,Berlin
15783859,France,Toulouse
15575243,France,Nice
15773421,France,Toulouse
15788776,Germany,Hamburg
15765257,Spain,Bilbao
15661412,France,Toulouse
15636478,France,Toulouse
15603683,Spain,Valencia
15651868,France,Paris
15815443,Spain,Seville
15682686,France,Lyon
15697460,Germany,Hamburg
15748432,France,Marseille
15698271,France,Toulouse
15808662,France,Nice
15690372,Spain,Barcelona
15781875,Spain,Bilbao
15801473,Germany,Hamburg
15704509,France,Nice
15694666,Spain,Madrid
15731166,France,Toulouse
15728523,France,Paris
15788442,Spain,Madrid
15689781,France,Toulouse
15764226,Germany,Frankfurt
15809837,Germany,Berlin
15805212,France,Toulouse
15716082,Spain,Bilbao
15643056,Germany,Cologne
15654859,Spain,Seville
15761158,France,Paris
15577515,Germany,Cologne
15723827,France,Toulouse
15646594,France,Lyon
15712877,Spain,Madrid
15598802,Spain,Bilbao
15699340,France,Paris
15691150,France,Toulouse
15608688,France,Lyon
15737998,France,Lyon
15735837,Spain,Valencia
15659100,France,Marseille
15609070,Germany,Hamburg
15650313,Germany,Berlin
15627699,France,Paris
15591010,Germany,Cologne
15798895,France,Marseille
15745375,Germany,Hamburg
15775235,France,Toulouse
15780088,Spain,Bilbao
15649379,France,Nice
15713983,Germany,Berlin
15709252,Germany,Cologne
15699238,Spain,Seville
15732884,France,Lyon
15587297,France,Toulouse
15684722,France,Lyon
15621244,France,Marseille
15744273,Germany,Cologne
15682540,France,Paris
15636521,Spain,Madrid
15785339,France,Toulouse
15638983,France,Marseille
15654625,Germany,Frankfurt
15697310,Germany,Berlin
15678210,France,Marseille
15575438,France,Toulouse
15632789,France,Marseille
15621423,France,Nice
15573520,Germany,Frankfurt
15740458,Spain,Bilbao
15762799,Germany,Hamburg
15686885,Germany,Berlin
15565996,France,Nice
15662152,France,Marseille
15711742,France,Paris
15701885,France,Nice
15774262,Germany,Munich
15567839,France,Paris
15644400,France,Paris
15797246,Germany,Cologne
15778290,France,Marseille
15708714,France,Toulouse
15586183,France,Nice
15761733,France,Paris
15773934,France,Marseille
15705343,Spain,Valencia
15593959,France,Lyon
15664615,Germany,Frankfurt
15671014,Spain,Madrid
15657778,France,Nice
15585192,Spain,Barcelona
15592914,France,Lyon
15770995,Germany,Munich
15570990,Spain,Barcelona
15596165,Germany,Frankfurt
15788131,France,Paris
15800773,Spain,Seville
15690153,France,Nice
15638989,France,Lyon
15623210,Germany,Hamburg
15652658,France,Marseille
15684440,Germany,Munich
15730287,France,Marseille
15720353,France,Nice
15767231,France,Toulouse
15761554,France,Marseille
15706637,Spain,Madrid
15690492,France,Paris
15694237,Spain,Valencia
15729771,Germany,Munich
15609823,Spain,Seville
15793366,Germany,Cologne
15614813,Germany,Frankfurt
15566495,Spain,Bilbao
15707602,France,Paris
15635244,France,Toulouse
15805627,France,Nice
15607986,France,Nice
15799785,Germany,Munich
15699963,France,Toulouse
15624595,Spain,Bilbao
15629750,France,Marseille
15651460,Spain,Madrid
15753550,France,Lyon
15594133,Spain,Seville
15772329,Germany,Berlin
15591552,France,Paris
15750921,France,Toulouse
15701687,Spain,Barcelona
15728906,France,Marseille
15670029,France,Paris
15763579,Germany,Berlin
15728010,France,Lyon
15663194,Germany,Munich
15736510,Spain,Madrid
15745804,France,Lyon
15631451,Spain,Seville
15746995,Germany,Hamburg
15730673,Germany,Hamburg
15734649,Spain,Bilbao
15701081,France,Paris
15632503,France,Marseille
15585928,Germany,Cologne
15648681,France,Nice
15747757,Germany,Hamburg
15718921,Spain,Seville
15571081,France,Marseille
15734578,France,Toulouse
15579583,Spain,Seville
15622729,France,Paris
15662189,Spain,Valencia
15692718,France,Lyon
15762716,Spain,Madrid
15724851,Germany,Berlin
15587266,Germany,Hamburg
15675926,Germany,Frankfurt
15706268,Germany,Munich
15581871,Germany,Cologne
15666166,France,Nice
15671582,Spain,Valencia
15680901,France,Marseille
15642336,France,Toulouse
15653147,France,Nice
15571284,Germany,Frankfurt
15591360,France,Nice
15810485,Germany,Cologne
15611973,France,Toulouse
15735572,France,Marseille
15567860,Spain,Bilbao
15795690,France,Lyon
15706464,Spain,Valencia
15725028,France,Lyon
15751167,France,Marseille
15633944,Spain,Barcelona
15672637,France,Toulouse
15680895,Spain,Valencia
15793825,France,Marseille
15611318,Spain,Madrid
15768474,Spain,Barcelona
15716276,France,Marseille
15623668,Germany,Munich
15696361,Germany,Cologne
15607988,Germany,Hamburg
15637891,Germany,Frankfurt
15789865,France,Lyon
15627190,France,Nice
15788224,Germany,Munich
15702149,Germany,Hamburg
15708236,France,Lyon
15568469,France,Lyon
15764444,Germany,Hamburg
15794204,France,Lyon
15807546,France,Paris
15782159,France,Paris
15618703,Spain,Valencia
15793317,Spain,Bilbao
15740487,France,Lyon
15722479,France,Toulouse
15688264,France,Marseille
15583067,France,Marseille
15686670,France,Lyon
15593345,Germany,Hamburg
15811690,Germany,Frankfurt
15734008,Germany,Berlin
15771856,Spain,Valencia
15762045,Germany,Munich
15778142,Germany,Hamburg
15689268,France,Marseille
15721507,France,Toulouse
15750476,Spain,Bilbao
15810723,France,Lyon
15787229,Spain,Bilbao
15570508,France,Marseille
15617065,Spain,Madrid
15689786,Germany,Berlin
15648876,France,Toulouse
15802106,France,Toulouse
15773869,Spain,Barcelona
15711635,Germany,Cologne
15795527,Spain,Valencia
15759133,France,Lyon
15679394,France,Paris
15801072,France,Nice
15646082,France,Nice
15796111,Germany,Munich
15670646,Spain,Valencia
15578722,France,Toulouse
15815095,Spain,Valencia
15730360,France,Nice
15763194,France,Lyon
15720725,France,Nice
15567834,France,Toulouse
15720644,France,Marseille
15811742,Spain,Madrid
15813363,Spain,Seville
15717629,Germany,Berlin
15713160,Spain,Barcelona
15568878,Spain,Bilbao
15809800,France,Paris
15736420,France,Marseille
15757933,Germany,Berlin
15623072,Spain,Seville
15683993,France,Nice
15570947,Spain,Barcelona
15797767,France,Toulouse
15731989,France,Marseille
15591035,Spain,Madrid
15586479,France,Marseille
15605872,France,Paris
15666012,France,Nice
15641733,France,Lyon
15593178,Spain,Bilbao
15649183,Spain,Bilbao
15736399,Spain,Barcelona
15751137,Germany,Munich
15757188,Spain,Barcelona
15726167,France,Paris
15624850,France,Paris
15717700,Spain,Bilbao
15716347,Germany,Cologne
15696287,Germany,Berlin
15638871,France,Nice
15765093,France,Toulouse
15592999,France,Lyon
15641715,France,Toulouse
15607746,France,Marseille
15625311,Germany,Frankfurt
15573077,Germany,Frankfurt
15735106,Spain,Bilbao
15672912,Spain,Madrid
15589881,France,Marseille
15660144,France,Toulouse
15664083,Germany,Hamburg
15690898,France,Toulouse
15808023,France,Marseille
15676909,Spain,Seville
15764922,Spain,Valencia
15766734,France,Paris
15795079,Spain,Valencia
15757434,France,Marseille
15673747,France,Marseille
15808386,Germany,Munich
15603565,Spain,Seville
15744044,Germany,Frankfurt
15577771,Germany,Berlin
15769548,France,Lyon
15802071,Germany,Cologne
15677395,France,Toulouse
15632010,Spain,Seville
15779492,Spain,Valencia
15694677,France,Lyon
15704315,France,Toulouse
15742009,Spain,Seville
15766663,France,Lyon
15742297,France,Nice
15688059,Germany,Frankfurt
15752344,Spain,Madrid
15698749,Germany,Hamburg
15631693,France,Lyon
15604536,Germany,Munich
15802869,Germany,Cologne
15635598,France,Nice
15592326,France,Marseille
15736533,Germany,Berlin
15647191,France,Nice
15622507,Germany,Cologne
15765487,Germany,Berlin
15646521,Spain,Madrid
15746258,France,Toulouse
15692430,Germany,Munich
15625501,Germany,Cologne
15640521,Germany,Hamburg
15790630,France,Nice
15664720,Spain,Seville
15750055,Spain,Bilbao
15644878,Spain,Barcelona
15754578,France,Lyon
15705379,France,Lyon
15761047,Germany,Cologne
15671293,Germany,Munich
15687527,Spain,Bilbao
15647898,Spain,Seville
15671534,Germany,Berlin
15591248,France,Marseille
15676156,France,Nice
15812918,France,Marseille
15604130,Spain,Seville
15700549,France,Nice
15715519,Spain,Seville
15707042,France,Lyon
15605276,France,Paris
15630592,France,Paris
15636626,France,Lyon
15740411,Germany,Munich
15593834,Spain,Valencia
15804235,France,Toulouse
15679801,Spain,Madrid
15673907,France,Marseille
15636562,Spain,Seville
15702571,Germany,Hamburg
15627365,France,Toulouse
15748499,Germany,Hamburg
15598614,Spain,Madrid
15668889,Germany,Berlin
15800049,Spain,Valencia
15583724,Spain,Seville
15622083,Germany,Berlin
15645571,Spain,Bilbao
15598266,France,Marseille
15667934,France,Nice
15569682,Germany,Cologne
15772941,Germany,Frankfurt
15586174,Germany,Cologne
15803682,Germany,Munich
15627328,Spain,Seville
15717065,France,Paris
15602456,Germany,Munich
15721569,Germany,Frankfurt
15573798,France,Nice
15638272,Spain,Madrid
15799859,France,Marseille
15599152,France,Lyon
15737909,France,Nice
15646190,France,Paris
15711249,Spain,Barcelona
15671987,Spain,Valencia
15812766,Spain,Seville
15778589,France,Lyon
15750104,Germany,Munich
15784526,France,Lyon
15646563,France,Paris
15744423,France,Marseille
15593694,France,Marseille
15785367,France,Toulouse
15687765,Germany,Munich
15789014,France,Paris
15703177,France,Marseille
15660263,France,Marseille
15776545,France,Nice
15683276,Spain,Madrid
15599272,France,Nice
15589541,France,Lyon
15608804,Germany,Hamburg
15645820,France,Paris
15659031,France,Nice
15790113,Germany,Hamburg
15652289,France,Nice
15605341,France,Marseille
15697844,Spain,Valencia
15652048,Germany,Munich
15587038,Spain,Valencia
15660528,Spain,Valencia
15700300,Germany,Berlin
15642001,Germany,Frankfurt
15580366,Germany,Frankfurt
15657228,Germany,Munich
15729377,France,Lyon
15686913,France,Paris
15631267,France,Lyon
15632275,France,Nice
15715907,France,Marseille
15764841,France,Marseille
15748649,France,Toulouse
15771409,France,Toulouse
15779207,Germany,Munich
15814116,France,Lyon
15665087,Germany,Berlin
15611189,Spain,Barcelona
15729718,France,Lyon
15733602,Spain,Bilbao
15620103,France,Lyon
15770406,Germany,Hamburg
15800554,France,Nice
15611409,Spain,Bilbao
15646535,France,Nice
15575430,France,Nice
15711299,Germany,Frankfurt
15642063,France,Paris
15706602,Spain,Seville
15592773,Germany,Cologne
15786539,France,Paris
15737542,Germany,Berlin
15590234,France,Lyon
15773776,France,Paris
15728082,Spain,Seville
15609987,France,Marseille
15735330,France,Marseille
15649430,France,Marseille
15768777,Spain,Barcelona
15777893,France,Toulouse
15791326,France,Nice
15615176,France,Nice
15735221,France,Marseille
15617991,France,Lyon
15658504,Germany,Munich
15785705,Germany,Berlin
15801817,France,Paris
15752578,France,Lyon
15781574,Spain,Barcelona
15792107,Spain,Barcelona
15569917,Spain,Barcelona
15721504,Spain,Valencia
15757306,Spain,Barcelona
15647295,France,Lyon
15642098,Spain,Barcelona
15696120,Spain,Madrid
15675176,France,Toulouse
15700046,France,Paris
15782089,France,Paris
15706394,France,Paris
15759387,Germany,Cologne
15623369,France,Toulouse
15732943,Spain,Madrid
15750545,France,Lyon
15809909,Spain,Madrid
15642448,Spain,Madrid
15791944,France,Nice
15768342,France,Nice
15567919,Germany,Berlin
15674750,Spain,Seville
15778345,France,Paris
15687634,Germany,Munich
15666096,Spain,Madrid
15581700,Germany,Berlin
15656417,France,Marseille
15649101,France,Paris
15781975,France,Paris
15700511,Germany,Berlin
15770255,Germany,Frankfurt
15643574,France,Lyon
15595010,Spain,Bilbao
15580579,France,Lyon
15748532,Spain,Barcelona
15773789,Spain,Valencia
15600027,Spain,Madrid
15620832,France,Paris
15568819,Germany,Hamburg
15748691,Spain,Valencia
15583552,Germany,Frankfurt
15588019,France,Marseille
15713250,France,Marseille
15569595,France,Lyon
15794868,Germany,Frankfurt
15576680,France,Nice
15613699,France,Lyon
15609758,France,Nice
15762392,Spain,Bilbao
15693382,France,Paris
15791769,France,Paris
15712483,Spain,Bilbao
15636454,France,Paris
15710138,Spain,Bilbao
15571571,Germany,Hamburg
15638751,Spain,Barcelona
15598574,Spain,Valencia
15796787,France,Lyon
15615670,France,Nice
15705506,Spain,Madrid
15599535,Spain,Madrid
15768449,France,Lyon
15725002,France,Nice
15611682,Spain,Seville
15749964,France,Marseille
15678779,France,Nice
15752601,France,Lyon
15758477,France,Toulouse
15629133,France,Paris
15604963,France,Lyon
15796413,France,Marseille
15812470,France,Toulouse
15587443,France,Toulouse
15689692,Germany,Hamburg
15779586,Germany,Frankfurt
15667588,Spain,Barcelona
15624423,France,Toulouse
15591107,Germany,Berlin
15748986,Germany,Munich
15793896,Spain,Madrid
15620570,France,Toulouse
15727811,Germany,Berlin
15707681,Germany,Frankfurt
15702030,France,Lyon
15673238,Germany,Cologne
15604196,France,Marseille
15769356,Germany,Munich
15665590,France,Nice
15572361,Germany,Berlin
15667460,France,Paris
15654760,France,Marseille
15632669,Spain,Seville
15613673,France,Paris
15698522,Germany,Cologne
15741633,Spain,Valencia
15674583,France,Toulouse
15665374,Spain,Bilbao
15588854,France,Marseille
15810716,Germany,Cologne
15776921,Germany,Hamburg
15569394,France,Nice
15788215,Spain,Seville
15641007,France,Marseille
15594651,France,Toulouse
15575146,Germany,Hamburg
15608916,France,Paris
15666297,Spain,Seville
15598586,France,Marseille
15665014,Spain,Barcelona
15701738,Germany,Berlin
15650591,Germany,Cologne
15652667,France,Paris
15679622,France,Toulouse
15730150,Spain,Seville
15813192,France,Nice
15606554,France,Paris
15611794,Germany,Berlin
15672357,Spain,Barcelona
15711759,France,Toulouse
15615296,France,Toulouse
15699294,France,Nice
15788634,Spain,Madrid
15660871,France,Lyon
15618258,Spain,Madrid
15722535,France,Marseille
15711977,France,Lyon
15690169,France,Marseille
15790689,Spain,Barcelona
15665181,Spain,Bilbao
15633608,France,Toulouse
15805261,Spain,Madrid
15740356,Germany,Hamburg
15808223,Spain,Seville
15769980,Germany,Cologne
15675450,France,Marseille
15776494,France,Nice
15592412,Germany,Frankfurt
15777452,France,Marseille
15692258,Spain,Seville
15791045,France,Marseille
15807889,Germany,Cologne
15602043,Germany,Frankfurt
15807335,Spain,Seville
15629985,Germany,Cologne
15679453,Germany,Frankfurt
15637315,Spain,Valencia
15691513,France,Lyon
15622289,Spain,Seville
15715184,Spain,Madrid
15702801,France,Paris
15719931,France,Marseille
15806081,Germany,Cologne
15796336,Spain,Seville
15647306,France,Lyon
15742369,Spain,Barcelona
15655859,Spain,Madrid
15675650,France,Paris
15574119,Spain,Madrid
15754168,France,Paris
15763029,Germany,Cologne
15765048,France,Paris
15786215,France,Lyon
15707559,France,Toulouse
15582129,France,Nice
15687540,France,Marseille
15787196,Spain,Barcelona
15670898,France,Marseille
15775433,Germany,Frankfurt
15700693,France,Nice
15677955,Germany,Berlin
15570086,Germany,Berlin
15794875,Spain,Bilbao
15673591,France,Toulouse
15631756,France,Toulouse
15757617,France,Lyon
15612729,France,Marseille
15637857,France,Toulouse
15681007,France,Toulouse
15593622,France,Nice
15629273,Germany,Munich
15765846,Spain,Bilbao
15596013,Germany,Munich
15722473,France,Nice
15774936,Germany,Frankfurt
15685640,France,Paris
15566563,France,Paris
15768746,France,Toulouse
15689952,Spain,Madrid
15725906,Spain,Seville
15634501,France,Toulouse
15571940,Spain,Valencia
15741643,Germany,Cologne
15806822,France,Toulouse
15701166,France,Toulouse
15718531,France,Paris
15628308,France,Paris
15585287,Germany,Hamburg
15781619,France,Nice
15805162,France,Marseille
15588535,Spain,Barcelona
15775307,Spain,Seville
15777616,Germany,Cologne
15692291,Spain,Barcelona
15680843,France,Marseille
15606232,Spain,Seville
15641585,France,Toulouse
15684358,France,Paris
15806389,Germany,Frankfurt
15641860,Germany,Cologne
15814237,Germany,Frankfurt
15808780,France,Nice
15767064,Spain,Bilbao
15751177,Germany,Cologne
15613427,Germany,Cologne
15647259,Spain,Bilbao
15748660,Germany,Hamburg
15726695,Spain,Bilbao
15757473,France,Paris
15809509,France,Toulouse
15715512,Germany,Munich
15614168,Germany,Cologne
15679818,Germany,Frankfurt
15609928,Germany,Cologne
15731246,Spain,Bilbao
15685243,France,Marseille
15638730,France,Marseille
15697034,Spain,Valencia
15699225,France,Paris
15677387,Germany,Berlin
15759184,France,Nice
15595991,France,Paris
15681332,France,Lyon
15756299,France,Marseille
15750547,France,Marseille
15566380,Spain,Bilbao
15675963,France,Paris
15674671,Spain,Valencia
15621466,Germany,Cologne
15607176,France,Paris
15570299,Germany,Cologne
15613197,France,Marseille
15798885,France,Marseille
15714883,France,Toulouse
15604497,Germany,Munich
15773949,France,Paris
15774164,Germany,Hamburg
15774127,France,Lyon
15619016,Germany,Hamburg
15795759,Germany,Munich
15798844,France,Nice
15717962,Spain,Madrid
15691504,Germany,Berlin
15693893,Germany,Munich
15672499,France,Paris
15750410,France,Marseille
15568904,Germany,Hamburg
15649033,Germany,Berlin
15780989,Spain,Bilbao
15771059,Germany,Munich
15687852,France,Paris
15695280,Germany,Cologne
15592751,Germany,Cologne
15598338,Germany,Frankfurt
15735784,France,Nice
15629128,Germany,Cologne
15642870,France,Marseille
15637977,Germany,Berlin
15600792,Spain,Seville
15576131,France,Nice
15686588,France,Paris
15761018,Germany,Munich
15616029,France,Toulouse
15761149,France,Nice
15802758,Germany,Cologne
15647838,Germany,Munich
15735968,France,Nice
15581286,France,Paris
15625445,France,Toulouse
15600173,France,Paris
15635143,France,Lyon
15664849,Spain,Valencia
15762455,Spain,Seville
15797165,France,Nice
15788189,France,Marseille
15780492,France,Lyon
15678497,Spain,Bilbao
15588560,Germany,Munich
15606003,France,Marseille
15611756,Germany,Cologne
15789563,Germany,Hamburg
15702416,France,Toulouse
15766288,Germany,Berlin
15667633,France,Nice
15622774,France,Lyon
15755416,France,Marseille
15769915,Spain,Valencia
15643908,France,Paris
15627395,Germany,Munich
15679663,France,Nice
15651581,Germany,Cologne
15596379,Germany,Hamburg
15746674,France,Nice
15801256,Spain,Madrid
15663808,Germany,Frankfurt
15598521,Germany,Berlin
15621457,France,Nice
15764726,France,Marseille
15646374,Germany,Munich
15716501,France,Paris
15589948,Spain,Bilbao
15811343,Germany,Frankfurt
15659677,France,Toulouse
15594436,Spain,Seville
15748995,Spain,Barcelona
15677062,France,Marseille
15697201,Spain,Madrid
15666453,Germany,Munich
15693771,Spain,Bilbao
15569867,France,Marseille
15711602,France,Toulouse
15717736,Germany,Frankfurt
15750441,France,Marseille
15732791,Germany,Hamburg
15775104,France,Toulouse
15757607,France,Toulouse
15793070,Spain,Valencia
15760456,France,Nice
15665385,France,Nice
15612418,France,Toulouse
15727138,Spain,Bilbao
15732061,Germany,Hamburg
15776051,France,Paris
15616530,France,Nice
15632344,France,Lyon
15744979,France,Nice
15745433,Germany,Cologne
15683657,France,Lyon
15718572,Germany,Cologne
15665783,France,Marseille
15652782,Germany,Frankfurt
15707025,Spain,Bilbao
15647807,France,Toulouse
15718281,Germany,Frankfurt
15660571,Spain,Madrid
15727857,Spain,Bilbao
15639252,Spain,Barcelona
15628144,France,Marseille
15683560,France,Toulouse
15653275,Spain,Barcelona
15622182,Germany,Hamburg
15613962,France,Lyon
15618437,Spain,Valencia
15783338,Spain,Seville
15764491,Spain,Seville
15712960,Spain,Valencia
15688157,Germany,Berlin
15579287,France,Lyon
15570931,France,Toulouse
15615177,Spain,Valencia
15809906,Germany,Munich
15652169,France,Lyon
15649450,Germany,Munich
15777179,France,Nice
15803538,Spain,Barcelona
15610936,France,Toulouse
15590094,Germany,Hamburg
15572706,France,Paris
15634564,Spain,Barcelona
15684296,France,Lyon
15702293,Spain,Madrid
15642099,Spain,Barcelona
15773273,Spain,Valencia
15613337,France,Toulouse
15800482,Spain,Seville
15732644,Spain,Bilbao
15713426,Germany,Cologne
15640789,France,Toulouse
15598892,France,Paris
15606436,Spain,Barcelona
15751227,France,Lyon
15812365,France,Marseille
15616088,France,Lyon
15803886,Spain,Madrid
15587311,Spain,Valencia
15617401,France,Marseille
15775886,France,Nice
15807305,France,Lyon
15761717,France,Paris
15628008,Spain,Seville
15583755,Germany,Berlin
15661409,France,Paris
15774250,France,Paris
15681476,France,Marseille
15654870,France,Nice
15790448,France,Marseille
15785326,Spain,Madrid
15592854,France,Toulouse
15617486,France,Marseille
15806796,Germany,Berlin
15644699,France,Toulouse
15622305,Germany,Hamburg
15608209,Germany,Hamburg
15626898,France,Paris
15644297,Germany,Frankfurt
15731569,France,Nice
15582149,Germany,Berlin
15802483,France,Nice
15686999,France,Nice
15772479,France,Nice
15778884,France,Marseille
15623630,Germany,Cologne
15774316,France,Paris
15695097,Germany,Hamburg
15645404,France,Nice
15750574,Spain,Madrid
15636812,France,Marseille
15712068,Spain,Valencia
15652030,Germany,Frankfurt
15577398,France,Toulouse
15756848,Spain,Barcelona
15806929,Germany,Cologne
15656005,Germany,Hamburg
15722632,Germany,Hamburg
15794356,Germany,Berlin
15659656,France,Lyon
15588341,Spain,Barcelona
15709142,Germany,Munich
15627042,France,Toulouse
15627517,Spain,Seville
15803032,Germany,Munich
15665129,Germany,Frankfurt
15628272,France,Paris
15678206,France,Toulouse
15678427,Germany,Frankfurt
15678067,Spain,Valencia
15793331,France,Paris
15699532,France,Marseille
15605827,France,Nice
15643635,Spain,Seville
15787710,Spain,Seville
15614137,France,Lyon
15754494,France,Marseille
15713440,Germany,Hamburg
15803479,France,Marseille
15709639,France,Toulouse
15601719,Germany,Munich
15772482,Germany,Munich
15591489,France,Paris
15629002,Germany,Frankfurt
15798053,Spain,Madrid
15753895,Spain,Madrid
15595426,Spain,Barcelona
15645815,France,Marseille
15632848,France,Nice
15703068,Germany,Cologne
15791513,France,Marseille
15587210,Germany,Munich
15793803,France,Paris
15787756,Germany,Frankfurt
15723437,France,Lyon
15702715,France,Toulouse
15809872,France,Toulouse
15644295,Spain,Madrid
15778694,Germany,Cologne
15759555,Spain,Valencia
15631406,Germany,Munich
15616676,Germany,Berlin
15771154,France,Lyon
15669491,France,Marseille
15697691,France,Lyon
15665180,France,Lyon
15752588,France,Toulouse
15743051,France,Marseille
15571873,France,Toulouse
15679743,France,Paris
15769412,Spain,Valencia
15775124,Spain,Madrid
15732113,Spain,Seville
15578141,Spain,Seville
15595874,Spain,Seville
15755642,France,Marseille
15576526,Spain,Seville
15792489,Spain,Madrid
15733705,France,Lyon
15807221,Spain,Valencia
15573045,France,Nice
15756824,Germany,Berlin
15773520,France,Marseille
15627439,Spain,Seville
15701439,Spain,Bilbao
15785352,France,Nice
15616525,Spain,Valencia
15717489,France,Toulouse
15795737,Spain,Madrid
15693877,France,Paris
15576111,Germany,Hamburg
15595713,Spain,Seville
15808868,France,Lyon
15708193,France,Paris
15697801,Germany,Cologne
15770121,France,Lyon
15800524,Germany,Munich
15686236,Germany,Munich
15659807,Spain,Bilbao
15736078,Germany,Berlin
15620836,Germany,Berlin
15698184,France,Lyon
15717643,France,Lyon
15776596,Spain,Bilbao
15814757,Spain,Barcelona
15812607,Germany,Frankfurt
15663888,Germany,Cologne
15748882,Spain,Valencia
15690829,Germany,Cologne
15695819,Germany,Cologne
15696834,France,Lyon
15797710,Germany,Munich
15700654,Germany,Hamburg
15583764,Germany,Frankfurt
15688849,France,Marseille
15661473,Germany,Munich
15601030,Germany,Hamburg
15789557,Germany,Berlin
15745250,France,Toulouse
15590349,France,Marseille
15741693,France,Lyon
15618446,France,Toulouse
15766552,France,Toulouse
15668775,France,Nice
15757895,Germany,Hamburg
15774551,Spain,Madrid
15684011,Germany,Berlin
15736146,Germany,Frankfurt
15656286,France,Nice
15774847,France,Lyon
15619340,Spain,Madrid
15815656,Germany,Cologne
15623357,Germany,Hamburg
15601324,France,Marseille
15715510,France,Lyon
15663770,France,Paris
15779267,France,Toulouse
15597957,Spain,Bilbao
15584620,Germany,Cologne
15750772,France,Nice
15706557,France,Marseille
15594391,France,Lyon
15661656,France,Paris
15631217,France,Marseille
15588955,Germany,Hamburg
15758252,Germany,Frankfurt
15740223,Germany,Berlin
15805413,France,Paris
15635116,Spain,Bilbao
15764892,Spain,Seville
15795936,France,Toulouse
15655232,Germany,Cologne
15640133,France,Paris
15751524,Germany,Hamburg
15670552,France,Lyon
15623966,France,Lyon
15752193,Spain,Valencia
15607269,Germany,Munich
15700752,France,Toulouse
15777901,Germany,Cologne
15639117,Spain,Barcelona
15720203,Spain,Seville
15586236,France,Lyon
15676645,France,Nice
15715988,France,Lyon
15603749,France,Marseille
15608956,France,Lyon
15733872,Germany,Cologne
15666982,Germany,Hamburg
15602647,Germany,Cologne
15623063,Germany,Hamburg
15682928,Spain,Madrid
15729246,Spain,Valencia
15588928,France,Marseille
15803352,Germany,Hamburg
15607485,Spain,Bilbao
15656249,France,Toulouse
15761783,France,Lyon
15716605,Germany,Munich
15757425,France,Nice
15603096,France,Toulouse
15588580,Germany,Berlin
15770539,France,Paris
15572022,France,Toulouse
15571843,Spain,Barcelona
15752502,France,Marseille
15609058,France,Toulouse
15775108,France,Lyon
15708904,France,Toulouse
15600086,France,Toulouse
15814675,Germany,Frankfurt
15572777,Spain,Valencia
15585106,Germany,Berlin
15738936,Germany,Berlin
15750970,Spain,Bilbao
15725772,Spain,Madrid
15692106,Spain,Madrid
15791533,Spain,Valencia
15715715,Spain,Barcelona
15785576,Germany,Cologne
15798834,Spain,Valencia
15744127,France,Nice
15637427,Spain,Bilbao
15576990,Germany,Berlin
15615352,France,Paris
15647333,France,Marseille
15572050,Germany,Frankfurt
15581370,Spain,Bilbao
15813503,Spain,Seville
15769783,Spain,Valencia
15793135,Germany,Cologne
15599182,Spain,Valencia
15689517,France,Lyon
15641366,Germany,Frankfurt
15588859,Spain,Madrid
15732293,Spain,Bilbao
15568032,Germany,Hamburg
15623525,Spain,Valencia
15606601,France,Lyon
15800811,France,Nice
15610711,Germany,Cologne
15809654,France,Marseille
15576077,France,Toulouse
15643378,France,Lyon
15566790,France,Paris
15774402,Spain,Valencia
15694641,Spain,Bilbao
15605916,France,Toulouse
15812356,Germany,Hamburg
15644179,France,Marseille
15771674,Spain,Madrid
15623314,Germany,Munich
15613292,France,Paris
15813871,France,Lyon
15759480,France,Toulouse
15587712,France,Marseille
15671165,France,Marseille
15620746,France,Toulouse
15706537,Germany,Munich
15589312,France,Marseille
15741180,France,Nice
15733888,Spain,Valencia
15798532,France,Nice
15577359,Spain,Valencia
15614936,Spain,Seville
15747647,Spain,Barcelona
15588566,Spain,Valencia
15570141,France,Toulouse
15800793,Germany,Hamburg
15572415,France,Nice
15635125,Spain,Seville
15636551,France,Paris
15600912,Germany,Hamburg
15768476,Spain,Barcelona
15650266,Germany,Berlin
15621004,France,Lyon
15748352,Spain,Barcelona
15788920,Germany,Berlin
15743236,France,Toulouse
15637717,Germany,Munich
15635500,Germany,Hamburg
15634792,France,Toulouse
15607560,France,Toulouse
15727177,France,Paris
15774358,Germany,Cologne
15791304,Germany,Berlin
15603328,France,Toulouse
15804937,France,Marseille
15804142,Spain,Bilbao
15608845,Spain,Seville
15702434,France,Toulouse
15632609,France,Toulouse
15603550,Germany,Berlin
15755239,Germany,Hamburg
15670528,Germany,Berlin
15732704,Spain,Valencia
15589019,Spain,Madrid
15677796,Germany,Hamburg
15760177,Spain,Valencia
15636595,Spain,Barcelona
15737275,France,Lyon
15672905,Spain,Bilbao
15753955,Spain,Valencia
15708504,Germany,Frankfurt
15592451,France,Nice
15790455,France,Lyon
15572174,France,Nice
15656330,Spain,Madrid
15569626,Spain,Bilbao
15608726,France,Nice
15637366,Germany,Hamburg
15778049,Germany,Cologne
15727421,France,Paris
15688865,France,Lyon
15751032,Germany,Cologne
15734737,France,Paris
15746515,France,Marseille
15664311,Germany,Berlin
15708139,France,Marseille
15768574,Spain,Madrid
15738018,France,Toulouse
15699753,France,Marseille
15703199,Spain,Bilbao
15627830,Germany,Berlin
15570855,France,Marseille
15772503,France,Lyon
15584453,Spain,Madrid
15710111,France,Paris
15618562,Germany,Cologne
15706764,France,Toulouse
15798737,France,Toulouse
15712608,Germany,Munich
15636736,France,Nice
15703544,Spain,Madrid
15815645,France,Marseille
15705739,Germany,Berlin
15709643,France,Nice
15669805,Germany,Cologne
15737489,Spain,Valencia
15775131,Spain,Bilbao
15765283,Germany,Hamburg
15628715,France,Lyon
15813283,France,Paris
15745716,Spain,Valencia
15598485,Spain,Valencia
15696552,France,Paris
15754569,France,Paris
15701741,France,Nice
15572631,France,Nice
15636069,Spain,Seville
15682467,France,Paris
15790744,France,Toulouse
15625023,France,Marseille
15731267,France,Lyon
15742879,Spain,Barcelona
15757015,Germany,Cologne
15770711,Germany,Berlin
15569430,Spain,Madrid
15617304,France,Lyon
15704466,France,Lyon
15664681,France,Toulouse
15605534,Germany,Cologne
15792473,Germany,Munich
15802625,Germany,Hamburg
15766017,Germany,Berlin
15762172,France,Marseille
15728333,France,Toulouse
15792868,France,Toulouse
15605698,France,Marseille
15777060,France,Nice
15626243,France,Lyon
15719898,France,Marseille
15599976,France,Paris
15752809,Spain,Valencia
15589698,Germany,Frankfurt
15609977,France,Lyon
15750121,France,Toulouse
15734177,France,Toulouse
15781347,France,Toulouse
15592025,France,Toulouse
15670163,France,Marseille
15765402,France,Nice
15624343,Spain,Bilbao
15602354,Germany,Cologne
15579183,France,Paris
15584899,France,Toulouse
15723658,Spain,Valencia
15803965,France,Nice
15682489,France,Lyon
15813645,France,Toulouse
15766787,France,Toulouse
15687171,Spain,Madrid
15690744,France,Paris
15707974,Spain,Bilbao
15673084,Spain,Valencia
15814772,Germany,Cologne
15743709,France,Lyon
15610343,France,Lyon
15737414,France,Toulouse
15788480,Germany,Frankfurt
15568519,France,Nice
15792453,Spain,Madrid
15658100,France,Marseille
15695197,Germany,Cologne
15749807,Spain,Seville
15773876,France,Paris
15591698,Germany,Cologne
15712813,Germany,Munich
15763898,Spain,Barcelona
15793324,Spain,Barcelona
15757759,Spain,Valencia
15796230,Germany,Hamburg
15611729,Germany,Frankfurt
15709531,France,Toulouse
15650751,France,Marseille
15641413,Germany,Frankfurt
15753840,Spain,Madrid
15669994,Germany,Frankfurt
15695301,Spain,Madrid
15792004,Spain,Madrid
15603035,France,Nice
15717286,Spain,Madrid
15577107,Spain,Bilbao
15754747,Germany,Cologne
15705676,France,Toulouse
15751912,France,Paris
15677336,Germany,Cologne
15684395,Spain,Bilbao
15659949,France,Marseille
15812422,France,Marseille
15806941,France,Marseille
15637690,Germany,Frankfurt
15632882,Germany,Berlin
15807107,France,Nice
15661034,Germany,Berlin
15811958,Germany,Berlin
15785167,Spain,Seville
15646720,Spain,Barcelona
15658614,Germany,Hamburg
15704657,France,Toulouse
15567147,Spain,Madrid
15701319,Germany,Berlin
15745266,Spain,Seville
15650437,Germany,Munich
15764314,Germany,Munich
15612594,Spain,Bilbao
15593501,France,Toulouse
15804150,France,Toulouse
15649297,France,Nice
15641110,France,Marseille
15660608,France,Marseille
15806570,France,Lyon
15715345,Spain,Barcelona
15755521,France,Lyon
15579074,Germany,Berlin
15641158,Germany,Frankfurt
15752507,Germany,Munich
15597983,France,Paris
15586069,France,Toulouse
15655082,France,Nice
15720155,Germany,Berlin
15582116,Germany,Berlin
15749365,France,Toulouse
15632069,France,Paris
15663134,Spain,Madrid
15766683,Germany,Hamburg
15707219,France,Toulouse
15709232,Germany,Cologne
15801351,France,Toulouse
15578747,Spain,Bilbao
15675626,France,Toulouse
15583736,Germany,Munich
15590011,Spain,Bilbao
15609913,France,Nice
15719479,Spain,Valencia
15575147,France,Toulouse
15597309,Spain,Valencia
15648367,Germany,Berlin
15758031,Spain,Barcelona
15751771,Germany,Hamburg
15689288,France,Paris
15731026,Germany,Hamburg
15775809,Germany,Berlin
15743076,Spain,Madrid
15658258,France,Lyon
15756321,Spain,Madrid
15706799,Spain,Barcelona
15775703,France,Toulouse
15642636,France,Lyon
15704651,France,Lyon
15806771,France,Toulouse
15566735,Germany,Frankfurt
15681671,Germany,Hamburg
15775949,France,Paris
15586752,Germany,Munich
15582519,France,Toulouse
15658233,France,Lyon
15755330,Germany,Cologne
15605072,France,Toulouse
15617538,Spain,Madrid
15591428,France,Paris
15692142,Germany,Hamburg
15692931,France,Lyon
15781127,Spain,Seville
15677136,France,Toulouse
15677828,France,Toulouse
15567897,Germany,Berlin
15793641,France,Toulouse
15678333,France,Nice
15630511,France,Lyon
15792627,Spain,Barcelona
15717191,France,Marseille
15625716,France,Nice
15710053,Germany,Cologne
15580043,Spain,Madrid
15601410,Spain,Valencia
15684669,France,Paris
15619083,France,Paris
15692207,France,Toulouse
15730705,France,Toulouse
15749688,France,Toulouse
15728542,France,Nice
15760063,Spain,Bilbao
15658982,Germany,Frankfurt
15758769,France,Marseille
15778481,France,Paris
15661162,Spain,Seville
15568164,France,Toulouse
15601569,France,Toulouse
15772383,France,Nice
15667456,Spain,Bilbao
15672983,Spain,Bilbao
15799534,France,Toulouse
15582847,France,Lyon
15612478,France,Paris
15709621,France,Nice
15802009,France,Paris
15698816,Spain,Seville
15574830,Germany,Frankfurt
15603082,France,Marseille
15685947,Germany,Frankfurt
15643048,France,Paris
15807568,France,Marseille
15597591,France,Toulouse
15747558,Spain,Seville
15756655,France,Paris
15589949,Spain,Seville
15601012,France,Nice
15724269,France,Marseille
15567506,Germany,Cologne
15791877,Germany,Cologne
15794360,Germany,Berlin
15686538,France,Lyon
15585985,France,Marseille
15699257,Spain,Barcelona
15804104,France,Toulouse
15727619,Germany,Munich
15740237,Germany,Cologne
15801436,France,Lyon
15705735,Spain,Bilbao
15649359,France,Lyon
15624892,Germany,Frankfurt
15784918,Germany,Munich
15584785,France,Nice
15797197,Spain,Seville
15574858,France,Lyon
15794101,France,Marseille
15743245,France,Toulouse
15791535,France,Toulouse
15605215,France,Marseille
15771749,Germany,Cologne
15616833,Spain,Barcelona
15750728,Spain,Bilbao
15769353,France,Lyon
15770091,Germany,Munich
15716420,Spain,Madrid
15740602,Germany,Cologne
15796071,Spain,Barcelona
15811389,Germany,Hamburg
15783875,France,Lyon
15671800,France,Lyon
15677288,France,Nice
15633525,France,Toulouse
15634606,Spain,Madrid
15579207,France,Toulouse
15619892,Spain,Seville
15567778,Germany,Munich
15711750,France,Lyon
15751084,France,Lyon
15768945,France,Nice
15586931,Spain,Madrid
15636353,Spain,Madrid
15623858,France,Marseille
15703354,France,Marseille
15663987,Spain,Valencia
15780805,France,Lyon
15768566,France,Lyon
15643229,France,Nice
15754940,Spain,Madrid
15676576,France,Paris
15800068,Spain,Valencia
15648030,Spain,Seville
15668594,Germany,Berlin
15728709,Germany,Frankfurt
15724181,Spain,Barcelona
15647546,Germany,Berlin
15702601,Germany,Frankfurt
15567725,France,Lyon
15674179,Germany,Cologne
15686957,Germany,Munich
15607690,Germany,Munich
15806546,Spain,Valencia
15632850,France,Paris
15709016,Germany,Frankfurt
15638068,Spain,Valencia
15749345,France,Lyon
15791321,Spain,Bilbao
15699095,France,Nice
15638329,Germany,Berlin
15575445,Spain,Madrid
15752622,France,Toulouse
15774507,France,Toulouse
15570857,Germany,Berlin
15599386,Germany,Berlin
15744913,Spain,Bilbao
15647292,France,Nice
15728838,France,Paris
15584704,France,Nice
15749068,France,Paris
15622985,France,Nice
15587676,France,Paris
15779496,France,Lyon
15733460,Spain,Madrid
15711457,France,Lyon
15795290,France,Marseille
15611223,Germany,Hamburg
15794159,France,Marseille
15780677,France,Toulouse
15690175,Spain,Bilbao
15722599,France,Toulouse
15569976,Germany,Berlin
15707011,France,Lyon
15702277,France,Marseille
15801915,France,Marseille
15580213,France,Lyon
15637947,Spain,Madrid
15715888,France,Lyon
15732967,France,Toulouse
15737047,France,Toulouse
15694039,Germany,Berlin
15649457,Germany,Hamburg
15742809,Spain,Seville
15637829,France,Marseille
15633194,France,Marseille
15611635,Spain,Bilbao
15638774,Spain,Barcelona
15722037,Germany,Berlin
15672930,Spain,Valencia
15668774,Germany,Munich
15780966,France,Toulouse
15659694,Germany,Munich
15624424,Spain,Barcelona
15708713,France,Lyon
15755405,France,Nice
15647570,Germany,Cologne
15684348,France,Lyon
15702541,France,Lyon
15646942,Spain,Seville
15748920,France,Toulouse
15694581,Spain,Seville
15643215,Germany,Cologne
15649060,Germany,Frankfurt
15774258,France,Marseille
15731553,France,Paris
15617029,Spain,Seville
15780716,Germany,Hamburg
15577018,Germany,Berlin
15809515,Germany,Frankfurt
15789924,France,Paris
15725076,Spain,Madrid
15672481,France,Marseille
15574115,Spain,Valencia
15661830,Spain,Seville
15665879,France,Lyon
15673820,France,Toulouse
15747772,Germany,Berlin
15666197,Germany,Cologne
15773639,Germany,Berlin
15581893,France,Lyon
15672447,Germany,Frankfurt
15777830,France,Paris
15713890,France,Nice
15577598,Spain,Valencia
15786042,Germany,Cologne
15753462,Germany,Cologne
15759690,France,Nice
15801414,France,Marseille
15656141,France,Marseille
15608701,Germany,Munich
15582892,France,Paris
15632967,France,Marseille
15587573,Germany,Frankfurt
15654891,France,Nice
15611365,France,Lyon
15749103,Germany,Cologne
15810203,Germany,Cologne
15813660,Spain,Barcelona
15605673,Spain,Bilbao
15669282,France,Nice
15792726,France,Nice
15593241,France,Toulouse
15683053,Spain,Valencia
15632736,Germany,Cologne
15731865,France,Lyon
15760450,France,Marseille
15787204,Spain,Madrid
15650454,France,Paris
15573730,Germany,Frankfurt
15705050,France,Marseille
15791342,Spain,Seville
15684316,France,Lyon
15700540,Germany,Frankfurt
15770631,Spain,Bilbao
15790594,France,Marseille
15604020,Germany,Hamburg
15637599,Germany,Berlin
15736578,France,Nice
15666332,Spain,Bilbao
15727291,France,Marseille
15785920,Germany,Frankfurt
15658987,France,Marseille
15687719,Spain,Barcelona
15799641,Spain,Madrid
15758702,France,Paris
15689526,Germany,Frankfurt
15586848,France,Nice
15707637,France,Marseille
15719426,France,Lyon
15639265,France,Marseille
15576124,France,Toulouse
15757829,Germany,Frankfurt
15633227,France,Paris
15753092,Germany,Berlin
15782939,France,Marseille
15746338,France,Marseille
15590676,France,Nice
15599329,France,Marseille
15783097,Germany,Berlin
15597885,France,Paris
15597467,France,Paris
15724764,Germany,Cologne
15778418,Germany,Munich
15684769,France,Nice
15756167,Spain,Madrid
15632439,France,Toulouse
15755138,France,Marseille
15659092,France,Lyon
15742116,Germany,Frankfurt
15801994,France,Nice
15647572,Spain,Bilbao
15644551,Spain,Bilbao
15709135,Germany,Hamburg
15684469,Germany,Munich
15627637,Germany,Munich
15667093,France,Marseille
15690589,France,Nice
15595350,France,Lyon
15777586,Spain,Seville
15804064,France,Nice
15717770,Spain,Barcelona
15754443,France,Paris
15776939,Germany,Munich
15713517,France,Nice
15683522,Germany,Frankfurt
15673995,Spain,Barcelona
15771054,Spain,Valencia
15578788,Spain,Seville
15737408,France,Paris
15750837,Germany,Hamburg
15576022,France,Toulouse
15635502,France,Toulouse
15627298,France,Paris
15811415,France,Paris
15645059,France,Paris
15689671,Spain,Seville
15718667,France,Lyon
15803202,France,Toulouse
15593683,Spain,Barcelona
15703394,Spain,Seville
15570289,Germany,Berlin
15567437,Germany,Munich
15711687,France,Nice
15656592,Germany,Cologne
15634373,France,Nice
15769125,Spain,Bilbao
15711386,France,Nice
15714241,Spain,Seville
15642530,Germany,Munich
15713599,France,Nice
15744770,France,Toulouse
15780498,France,Toulouse
15624397,France,Toulouse
15615219,France,Toulouse
15570908,Spain,Seville
15762855,Spain,Barcelona
15661827,Spain,Barcelona
15746035,Spain,Bilbao
15691906,Germany,Hamburg
15793424,Spain,Seville
15577905,France,Toulouse
15667216,France,Lyon
15673971,Germany,Frankfurt
15701238,France,Nice
15644849,France,Paris
15635531,Spain,Barcelona
15632263,Spain,Seville
15720110,France,Toulouse
15619045,France,Paris
15697510,Spain,Barcelona
15784923,Germany,Frankfurt
15567383,Germany,Munich
15732621,France,Paris
15757981,France,Nice
15727819,Spain,Seville
15738088,Spain,Madrid
15765173,France,Paris
15665159,France,Marseille
15618203,Germany,Frankfurt
15791452,France,Marseille
15638159,Spain,Madrid
15585466,France,Nice
15677310,Germany,Hamburg
15646262,France,Paris
15656901,France,Marseille
15621093,Germany,Munich
15592123,France,Marseille
15589200,Spain,Valencia
15602934,France,Marseille
15812720,Germany,Cologne
15695383,Spain,Madrid
15723064,Spain,Barcelona
15761606,Spain,Barcelona
15650322,France,Nice
15669782,Germany,Cologne
15751628,France,Paris
15809057,Spain,Valencia
15617052,France,Marseille
15590810,Germany,Hamburg
15801293,Germany,Hamburg
15770968,Germany,Cologne
15572356,Spain,Madrid
15603247,Germany,Berlin
15619116,France,Nice
15691792,Spain,Valencia
15783276,France,Paris
15766137,France,Paris
15574554,Germany,Cologne
15578671,Spain,Seville
15716608,Spain,Bilbao
15690670,France,Marseille
15630466,France,Nice
15630349,Spain,Seville
15803801,France,Marseille
15647890,France,Toulouse
15606115,France,Toulouse
15714642,Spain,Bilbao
15741181,France,Lyon
15773973,France,Lyon
15758546,Spain,Bilbao
15598940,Germany,Cologne
15669783,France,Toulouse
15624993,France,Toulouse
15760568,Germany,Hamburg
15699047,France,Marseille
15616168,France,Paris
15773146,France,Nice
15770375,Germany,Frankfurt
15589725,France,Toulouse
15710034,Germany,Cologne
15800806,Spain,Barcelona
15570485,Spain,Seville
15575391,France,Marseille
15790750,Germany,Frankfurt
15714832,Germany,Berlin
15619953,Spain,Seville
15673929,France,Marseille
15578835,Spain,Madrid
15752388,Spain,Barcelona
15797081,Germany,Berlin
15570194,France,Nice
15580149,Spain,Valencia
15777708,Spain,Bilbao
15769955,France,Paris
15810444,Germany,Frankfurt
15645593,France,Paris
15765345,France,Lyon
15760873,France,Nice
15794178,France,Nice
15589361,Spain,Bilbao
15662483,France,Paris
15809736,France,Nice
15731148,France,Nice
15774328,Germany,Hamburg
15646969,Spain,Seville
15718769,Spain,Bilbao
15610226,France,Paris
15616270,Spain,Madrid
15790717,Spain,Bilbao
15635703,Germany,Hamburg
15616365,France,Paris
15630244,France,Marseille
15734714,France,Lyon
15721433,France,Lyon
15590201,Spain,Bilbao
15590828,Germany,Cologne
15752097,Spain,Madrid
15800031,France,Nice
15630857,Spain,Bilbao
15689953,Spain,Valencia
15759733,France,Toulouse
15810826,France,Nice
15668009,Spain,Madrid
15743456,France,Toulouse
15725762,France,Paris
15761713,France,Marseille
15769246,Germany,Cologne
15781129,Spain,Barcelona
15599124,France,Toulouse
15639004,France,Paris
15810995,Germany,Frankfurt
15653773,France,Marseille
15708357,Spain,Seville
15733597,France,Marseille
15789560,France,Paris
15699524,France,Paris
15626475,France,Paris
15810839,France,Nice
15684318,Germany,Hamburg
15768120,Germany,Munich
15712807,Spain,Barcelona
15696371,Spain,Barcelona
15675794,Germany,Munich
15774277,France,Paris
15603764,France,Lyon
15618647,France,Marseille
15614643,Spain,Seville
15707696,Spain,Barcelona
15749583,Germany,Berlin
15815125,Spain,Bilbao
15779620,France,Marseille
15768233,Germany,Hamburg
15637788,France,Paris
15777046,France,Paris
15788723,Germany,Munich
15790489,Spain,Seville
15739476,France,Paris
15612670,Spain,Valencia
15631222,France,Lyon
15658972,France,Toulouse
15724691,France,Marseille
15740442,France,Marseille
15760427,France,Toulouse
15677939,France,Paris
15611599,France,Paris
15633474,France,Lyon
15671973,Spain,Barcelona
15790019,France,Nice
15737735,Spain,Bilbao
15661745,France,Lyon
15797065,Spain,Seville
15710671,France,Nice
15656522,Spain,Bilbao
15705085,Spain,Seville
15744873,Germany,Berlin
15781914,Germany,Munich
15637354,France,Paris
15717307,France,Marseille
15746695,France,Toulouse
15804962,France,Nice
15665378,France,Toulouse
15757865,France,Paris
15578787,France,Toulouse
15794323,France,Paris
15697546,France,Toulouse
15629519,France,Lyon
15624703,Germany,Berlin
15570002,Germany,Munich
15808566,France,Nice
15805463,Germany,Frankfurt
15709136,France,Paris
15801605,France,Lyon
15567855,France,Nice
15675141,France,Lyon
15665759,France,Marseille
15761487,France,Nice
15700394,Spain,Seville
15631162,France,Toulouse
15630641,France,Paris
15585066,France,Nice
15722991,France,Lyon
15737404,France,Lyon
15722409,Spain,Valencia
15806420,France,Nice
15658148,France,Lyon
15810660,Germany,Hamburg
15709780,France,Nice
15727350,France,Toulouse
15752312,Spain,Bilbao
15616745,Spain,Seville
15572294,France,Paris
15674110,France,Paris
15662501,France,Toulouse
15649239,Spain,Bilbao
15700424,France,Marseille
15636388,Germany,Hamburg
15713975,Germany,Berlin
15592925,Spain,Madrid
15581626,France,Toulouse
15641319,Spain,Valencia
15723481,Spain,Bilbao
15787825,Germany,Munich
15710726,France,Toulouse
15627195,Germany,Munich
15657957,Germany,Hamburg
15676117,France,Nice
15607874,France,Nice
15796993,France,Marseille
15649858,Spain,Madrid
15811032,Germany,Hamburg
15679963,Germany,Frankfurt
15579131,France,Nice
15572428,Germany,Berlin
15622461,France,Marseille
15636105,Spain,Madrid
15583849,France,Toulouse
15718780,Spain,Madrid
15739271,Germany,Hamburg
15697129,Spain,Bilbao
15763415,Germany,Munich
15796617,France,Toulouse
15626628,Spain,Barcelona
15765857,Spain,Bilbao
15742511,France,Nice
15786433,Germany,Munich
15685805,Spain,Valencia
15627971,France,Marseille
15783025,Germany,Cologne
15726289,France,Marseille
15802118,Spain,Barcelona
15607990,Spain,Valencia
15695932,Spain,Valencia
15812279,France,Lyon
15687558,Germany,Cologne
15729065,Germany,Frankfurt
15698902,Germany,Munich
15570192,Germany,Berlin
15809265,France,Lyon
15745201,France,Paris
15580623,Spain,Bilbao
15578156,Spain,Seville
15631063,France,Paris
15692577,Germany,Berlin
15810910,Spain,Barcelona
15723217,France,Toulouse
15733111,Spain,Bilbao
15610727,France,Toulouse
15792720,France,Toulouse
15723153,Spain,Bilbao
15802823,Spain,Madrid
15756118,Spain,Madrid
15684934,France,Nice
15776936,France,Paris
15729087,Germany,Cologne
15786463,Germany,Berlin
15717498,France,Marseille
15718406,France,Toulouse
15799468,France,Nice
15626383,Spain,Valencia
15597385,Spain,Seville
15570271,Spain,Barcelona
15690330,Germany,Berlin
15680611,France,Paris
15810227,France,Toulouse
15807194,Spain,Valencia
15712199,Germany,Hamburg
15694995,France,Toulouse
15723400,France,Paris
15654772,France,Lyon
15574743,Spain,Madrid
15807593,Spain,Valencia
15686718,Germany,Munich
15695299,France,Lyon
15722701,Germany,Berlin
15799635,Spain,Bilbao
15742323,France,Marseille
15658435,France,Lyon
15586029,Germany,Hamburg
15772337,Germany,Cologne
15807555,France,Marseille
15603378,France,Paris
15792862,Germany,Munich
15657349,Germany,Cologne
15777614,Spain,Bilbao
15653952,Germany,Hamburg
15724336,Germany,Berlin
15689594,France,Lyon
15801920,Germany,Cologne
15653347,Spain,Madrid
15749951,Germany,Munich
15648178,Germany,Frankfurt
15738662,Germany,Frankfurt
15640855,Germany,Cologne
15584288,France,Lyon
15760988,Germany,Frankfurt
15569624,Germany,Hamburg
15597949,Germany,Frankfurt
15604551,France,Nice
15617476,France,Nice
15645323,France,Lyon
15793311,Germany,Berlin
15764153,France,Nice
15802560,Spain,Barcelona
15728608,Germany,Berlin
15770474,France,Lyon
15724444,France,Marseille
15753110,Spain,Bilbao
15711521,France,Lyon
15632816,Germany,Frankfurt
15693637,France,Marseille
15725509,Germany,Hamburg
15684645,Germany,Berlin
15692235,France,Nice
15777459,Spain,Bilbao
15656937,Spain,Valencia
15610643,Germany,Frankfurt
15777315,France,Toulouse
15611058,Germany,Berlin
15630413,France,Toulouse
15635942,France,Paris
15648858,France,Marseille
15810732,France,Toulouse
15705448,Germany,Cologne
15730488,Spain,Valencia
15620443,France,Paris
15741078,France,Nice
15753161,France,Toulouse
15711396,Spain,Seville
15593499,Spain,Valencia
15579189,France,Nice
15743545,Spain,Madrid
15791316,France,Lyon
15608246,Germany,Berlin
15676526,France,Marseille
15813911,France,Toulouse
15630195,France,Nice
15736250,France,Toulouse
15671334,France,Marseille
15574169,Germany,Berlin
15718839,Germany,Cologne
15762331,France,Lyon
15606901,France,Marseille
15713559,Germany,Berlin
15768881,France,Nice
15743075,France,Paris
15660980,Spain,Barcelona
15810942,Germany,Cologne
15728362,France,Paris
15683339,Spain,Barcelona
15685476,France,Lyon
15663650,Germany,Hamburg
15617434,Spain,Valencia
15622470,Spain,Valencia
15703682,Spain,Madrid
15727391,Germany,Berlin
15711062,Germany,Berlin
15567339,France,Toulouse
15760662,Germany,Cologne
15605737,France,Paris
15692977,Germany,Frankfurt
15672082,France,Marseille
15600280,France,Marseille
15804052,Spain,Barcelona
15576065,Spain,Madrid
15796838,Spain,Seville
15693526,France,Lyon
15748595,France,Marseille
15679029,France,Paris
15753639,France,Marseille
15604138,Spain,Bilbao
15666095,Spain,Barcelona
15643487,Spain,Madrid
15764033,Germany,Frankfurt
15747288,Spain,Bilbao
15790599,Germany,Cologne
15737705,France,Paris
15737194,France,Toulouse
15726776,Spain,Bilbao
15804357,France,Paris
15664432,Spain,Madrid
15688984,France,Paris
15583026,France,Paris
15771668,France,Toulouse
15779904,France,Marseille
15784323,France,Paris
15756277,Germany,Hamburg
15663312,France,Paris
15793197,France,Toulouse
15731463,Germany,Berlin
15621768,Spain,Valencia
15691323,Germany,Frankfurt
15781326,France,Toulouse
15595640,France,Paris
15814331,Germany,Berlin
15602030,France,Paris
15747974,France,Nice
15611315,Germany,Berlin
15636977,Germany,Munich
15690337,France,Toulouse
15680666,Spain,Seville
15679551,Spain,Madrid
15778915,France,Nice
15568849,Spain,Seville
15747762,France,Lyon
15753679,France,Nice
15750049,France,Nice
15606097,Germany,Berlin
15802368,France,Toulouse
15767488,Spain,Seville
15669946,Germany,Cologne
15612103,Germany,Cologne
15645353,France,Nice
15650018,France,Nice
15659002,France,Paris
15616028,France,Marseille
15660475,France,Paris
15652615,France,Toulouse
15653572,Spain,Bilbao
15628059,France,Marseille
15703413,France,Nice
15610433,France,Lyon
15770548,Germany,Berlin
15645637,Germany,Berlin
15590888,Spain,Madrid
15568326,France,Nice
15655368,France,Paris
15665579,France,Nice
15676091,France,Lyon
15716984,Spain,Bilbao
15715078,France,Lyon
15569452,Germany,Frankfurt
15628863,France,Marseille
15778192,Spain,Valencia
15793723,Germany,Cologne
15798943,France,Toulouse
15764708,France,Nice
15791040,Spain,Seville
15631512,France,Lyon
15640106,France,Lyon
15710315,Germany,Hamburg
15771535,Spain,Madrid
15611947,France,Paris
15670266,France,Lyon
15609083,France,Marseille
15567923,France,Nice
15788183,Germany,Cologne
15735782,France,Nice
15774401,Spain,Valencia
15737971,France,Marseille
15758750,France,Nice
15611767,Germany,Frankfurt
15643770,France,Lyon
15744717,France,Lyon
15570681,France,Toulouse
15792650,Spain,Valencia
15605531,Spain,Bilbao
15605339,France,Marseille
15672216,France,Marseille
15812893,France,Marseille
15624180,Germany,Berlin
15701364,France,Nice
15762588,France,Nice
15806318,Germany,Hamburg
15712596,France,Paris
15600399,France,Lyon
15576216,Germany,Frankfurt
15620750,France,Nice
15623489,France,Paris
15667944,France,Toulouse
15584928,Germany,Munich
15779913,France,Lyon
15644977,France,Lyon
15749679,France,Lyon
15629010,Germany,Berlin
15768465,Germany,Munich
15767781,France,Lyon
15635364,France,Toulouse
15722004,France,Toulouse
15766044,Germany,Frankfurt
15586680,France,Marseille
15635388,Spain,Bilbao
15655175,Germany,Frankfurt
15639133,France,Marseille
15799653,Germany,Frankfurt
15723872,Spain,Valencia
15775627,France,Toulouse
15630704,Germany,Munich
15815534,Spain,Barcelona
15697249,Germany,Berlin
15681316,France,Toulouse
15682523,France,Paris
15650244,Spain,Seville
15648638,Spain,Barcelona
15795747,Spain,Madrid
15607330,Spain,Barcelona
15624013,France,Lyon
15800805,France,Toulouse
15667321,Spain,Bilbao
15601116,France,Lyon
15622033,Germany,Hamburg
15758451,Germany,Cologne
15688689,Germany,Munich
15652674,France,Toulouse
15806327,France,Lyon
15649618,Germany,Cologne
15677117,France,Lyon
15751445,Germany,Berlin
15749669,France,Marseille
15656351,Spain,Madrid
15667438,France,Paris
15682273,France,Marseille
15580912,France,Paris
15785183,Spain,Bilbao
15705383,France,Paris
15712903,France,Lyon
15774285,Spain,Valencia
15583138,France,Toulouse
15740160,France,Lyon
15793425,Spain,Bilbao
15749265,Germany,Munich
15623989,France,Paris
15604832,France,Paris
15584580,France,Lyon
15573854,France,Lyon
15614847,France,Marseille
15679966,France,Lyon
15799435,Spain,Barcelona
15752186,France,Marseille
15705544,France,Lyon
15713632,Spain,Valencia
15586523,Germany,Frankfurt
15609176,France,Lyon
15769308,Germany,Hamburg
15676810,France,Lyon
15634591,France,Paris
15679804,France,Lyon
15677764,Germany,Munich
15571917,Germany,Berlin
15574608,France,Paris
15740868,Germany,Hamburg
15702442,Germany,Cologne
15699797,France,Paris
15648047,Germany,Munich
15766826,France,Lyon
15591628,Germany,Munich
15583857,Spain,Seville
15752534,France,Lyon
15741403,Spain,Valencia
15783589,France,Marseille
15598046,France,Lyon
15643330,France,Nice
15680405,France,Nice
15728683,France,Toulouse
15621644,Germany,Berlin
15733032,Spain,Madrid
15608381,Germany,Hamburg
15658946,Germany,Hamburg
15757912,Germany,Hamburg
15645371,Germany,Hamburg
15653110,France,Nice
15766355,Germany,Cologne
15585249,France,Marseille
15611786,Spain,Valencia
15575486,France,Nice
15780215,France,Toulouse
15686099,Spain,Barcelona
15739042,France,Paris
15815316,France,Nice
15778489,Germany,Frankfurt
15786389,Spain,Barcelona
15601787,Germany,Frankfurt
15624715,Spain,Valencia
15763093,Germany,Hamburg
15572073,Spain,Valencia
15780256,France,Lyon
15659305,Germany,Berlin
15638882,Germany,Munich
15714680,France,Lyon
15777217,Spain,Bilbao
15739123,Germany,Frankfurt
15594450,France,Toulouse
15797751,Germany,Hamburg
15691543,Germany,Berlin
15722845,Spain,Seville
15605804,France,Nice
15702061,France,Paris
15694321,France,Lyon
15798749,Germany,Frankfurt
15720050,France,Toulouse
15758048,France,Nice
15805681,France,Marseille
15802809,Spain,Seville
15807239,France,Nice
15749093,France,Toulouse
15689344,Spain,Barcelona
15606076,Germany,Munich
15610090,France,Marseille
15693926,Spain,Bilbao
15791501,France,Toulouse
15621870,Spain,Seville
15734711,France,Toulouse
15814405,France,Marseille
15729359,France,Nice
15606944,Germany,Cologne
15671934,Germany,Frankfurt
15641773,Germany,Berlin
15701972,France,Lyon
15749114,Spain,Barcelona
15780362,France,Lyon
15753229,France,Toulouse
15656009,France,Lyon
15785024,France,Toulouse
15670492,France,Lyon
15795458,Spain,Valencia
15732438,France,Toulouse
15781987,France,Toulouse
15775826,France,Nice
15807457,Spain,Barcelona
15632538,Spain,Valencia
15641389,Germany,Munich
15657306,France,Nice
15709447,France,Paris
15762682,Spain,Barcelona
15626042,Spain,Madrid
15597109,France,Marseille
15756148,Spain,Seville
15665634,France,Nice
15739997,France,Marseille
15686242,France,Lyon
15759244,Germany,Frankfurt
15672027,Germany,Berlin
15594576,France,Toulouse
15707138,Spain,Bilbao
15756954,France,Nice
15619130,Germany,Munich
15639665,Spain,Seville
15571065,Spain,Seville
15686060,Germany,Cologne
15615753,Germany,Cologne
15800961,Germany,Cologne
15763065,Spain,Valencia
15672467,France,Toulouse
15752915,France,Marseille
15744695,France,Marseille
15584897,France,Toulouse
15601857,Germany,Berlin
15674156,Germany,Hamburg
15695465,France,Toulouse
15792232,Spain,Barcelona
15807900,France,Marseille
15743760,France,Paris
15652835,Spain,Valencia
15767818,France,Paris
15591150,Spain,Valencia
15734659,Germany,Frankfurt
15796115,Germany,Frankfurt
15724648,France,Nice
15737732,France,Paris
15632280,Spain,Valencia
15750407,Germany,Hamburg
15795370,Germany,Berlin
15656829,Spain,Madrid
15643794,Spain,Madrid
15798605,Germany,Munich
15637324,France,Paris
15589589,France,Nice
15778936,France,Lyon
15757385,Spain,Valencia
15666200,France,Lyon
15683977,Spain,Valencia
15675518,Spain,Valencia
15584812,Spain,Valencia
15752984,France,Marseille
15577913,France,Lyon
15591980,France,Nice
15598948,Spain,Barcelona
15574142,Germany,Frankfurt
15582903,France,Marseille
15733229,Spain,Madrid
15635752,Germany,Munich
15771000,France,Marseille
15804864,France,Marseille
15641175,Germany,Cologne
15692226,France,Toulouse
15584156,Spain,Bilbao
15702656,France,Paris
15606552,France,Toulouse
15687001,Germany,Frankfurt
15781903,Germany,Hamburg
15731951,Spain,Seville
15580953,France,Lyon
15810390,France,Lyon
15628274,Germany,Hamburg
15615444,Germany,Cologne
15784010,Germany,Hamburg
15571586,Spain,Bilbao
15748616,France,Nice
15769402,France,Nice
15739248,France,Toulouse
15603481,Spain,Seville
15723604,France,Marseille
15797822,France,Paris
15665064,France,Marseille
15640580,France,Lyon
15581089,Spain,Seville
15728605,France,Toulouse
15737385,Spain,Barcelona
15714789,France,Toulouse
15786035,France,Toulouse
15815259,France,Nice
15592716,France,Paris
15734850,Spain,Valencia
15638047,Germany,Hamburg
15674573,France,Nice
15694859,Germany,Hamburg
15776404,France,Marseille
15579345,Germany,Berlin
15690733,Spain,Seville
15631481,France,Marseille
15620988,France,Marseille
15571529,Germany,Hamburg
15592104,France,Toulouse
15651900,Germany,Cologne
15596212,Spain,Seville
15710687,France,Nice
15613787,Spain,Valencia
15599211,France,Marseille
15675983,France,Nice
15622370,Germany,Berlin
15656319,Spain,Bilbao
15605130,France,Paris
15672574,Spain,Barcelona
15659355,Spain,Barcelona
15777907,France,Marseille
15655171,France,Nice
15619674,France,Nice
15775192,Germany,Frankfurt
15617657,France,Nice
15688951,Germany,Cologne
15763460,France,Toulouse
15756992,France,Lyon
15617454,France,Toulouse
15701932,France,Paris
15700813,Germany,Frankfurt
15645600,Spain,Seville
15634146,Germany,Hamburg
15686743,Spain,Seville
15698792,France,Paris
15591724,France,Marseille
15571281,France,Nice
15661380,France,Toulouse
15728885,France,Marseille
15618950,Spain,Madrid
15609804,France,Lyon
15735849,France,Paris
15652948,France,Nice
15618155,France,Lyon
15566378,France,Paris
15565879,France,Nice
15792922,Spain,Seville
15770567,France,Paris
15738042,Germany,Hamburg
15714920,Germany,Hamburg
15782121,France,Paris
15673180,Germany,Cologne
15660636,Spain,Valencia
15664504,France,Lyon
15790322,France,Lyon
15739847,Germany,Munich
15699415,France,Nice
15665521,Germany,Berlin
15682868,France,Toulouse
15584462,France,Paris
15661708,France,Marseille
15584452,France,Nice
15717010,France,Paris
15643828,France,Lyon
15733361,Germany,Munich
15795488,Spain,Seville
15581551,Spain,Seville
15632051,Germany,Hamburg
15780409,France,Paris
15572767,France,Lyon
15590337,France,Nice
15634551,Germany,Cologne
15669290,France,Toulouse
15621140,Spain,Madrid
15613518,France,Toulouse
15728043,Germany,Hamburg
15570073,Spain,Barcelona
15777033,France,Lyon
15682454,France,Marseille
15758513,France,Toulouse
15772604,Spain,Seville
15721715,France,Lyon
15688563,Germany,Frankfurt
15772009,France,Nice
15809585,France,Marseille
15593778,France,Nice
15655360,Germany,Hamburg
15780909,Germany,Frankfurt
15757310,Germany,Cologne
15801411,Spain,Valencia
15761706,Spain,Barcelona
15658409,France,Paris
15810010,Germany,Hamburg
15627027,France,Toulouse
15624374,France,Paris
15720083,Spain,Seville
15752294,France,Nice
15743193,France,Lyon
15696733,France,Nice
15677522,France,Marseille
15643523,Spain,Bilbao
15624936,France,Toulouse
15716085,Spain,Seville
15641688,Spain,Seville
15796834,Germany,Frankfurt
15720123,Spain,Madrid
15604732,France,Paris
15723484,Germany,Munich
15807120,Germany,Cologne
15810891,France,Marseille
15640407,Germany,Munich
15778838,France,Toulouse
15709256,France,Nice
15742285,France,Lyon
15729019,Spain,Seville
15608588,Germany,Hamburg
15610557,Spain,Barcelona
15786418,France,Nice
15653050,Germany,Cologne
15744914,Germany,Cologne
15669611,France,Toulouse
15594786,Germany,Hamburg
15649211,Spain,Bilbao
15766066,Germany,Berlin
15772216,France,Toulouse
15619898,France,Paris
15724543,France,Lyon
15755084,France,Lyon
15730441,France,Marseille
15666767,France,Nice
15690456,Germany,Munich
15570533,Germany,Berlin
15797692,France,Lyon
15603135,Germany,Cologne
15698927,France,Toulouse
15687363,France,Nice
15733444,France,Paris
15678057,France,Marseille
15806918,France,Paris
15638247,Spain,Madrid
15674833,France,Nice
15812534,France,Marseille
15586522,Spain,Seville
15794297,France,Toulouse
15737025,France,Lyon
15615931,France,Marseille
15664860,Spain,Barcelona
15664539,Spain,Bilbao
15583692,Germany,Berlin
15693131,France,Toulouse
15779973,Germany,Berlin
15620557,Spain,Madrid
15639549,Germany,Cologne
15618750,France,Toulouse
15796790,France,Marseille
15668309,France,Toulouse
15732437,Germany,Hamburg
15665158,Spain,Seville
15689322,Spain,Madrid
15596624,France,Paris
15601977,Spain,Valencia
15801462,France,Paris
15566139,France,Lyon
15791006,Germany,Munich
15668057,France,Toulouse
15580805,France,Toulouse
15658768,France,Toulouse
15613048,Germany,Berlin
15803654,France,Paris
15662337,Germany,Frankfurt
15650924,Spain,Barcelona
15647203,France,Toulouse
15682778,France,Lyon
15579820,Spain,Seville
15709354,France,Marseille
15728480,France,Lyon
15641091,France,Lyon
15603111,Spain,Madrid
15679693,France,Nice
15797190,Germany,Berlin
15788025,France,Lyon
15646168,Spain,Valencia
15580493,France,Paris
15726720,France,Nice
15735799,Germany,Cologne
15773098,Spain,Barcelona
15668971,France,Paris
15603221,Germany,Berlin
15740043,France,Marseille
15712264,France,Lyon
15751926,Germany,Cologne
15589401,France,Marseille
15742019,France,Lyon
15660611,Spain,Barcelona
15607634,Germany,Berlin
15595036,Germany,Frankfurt
15745794,France,Lyon
15781689,Spain,Seville
15696054,France,Paris
15752467,Spain,Bilbao
15597739,France,Paris
15651336,France,Toulouse
15636061,Germany,Munich
15723013,Germany,Cologne
15784148,France,Paris
15578098,France,Nice
15638621,Spain,Madrid
15720924,France,Paris
15566531,Germany,Cologne
15718064,Spain,Barcelona
15605067,France,Lyon
15655335,France,Marseille
15607301,Spain,Barcelona
15694628,Germany,Hamburg
15607112,France,Paris
15635775,France,Paris
15644280,France,Toulouse
15708362,France,Paris
15771997,France,Paris
15730579,France,Marseille
15728005,France,Lyon
15791674,France,Paris
15754599,France,Lyon
15693690,Spain,Madrid
15728963,Germany,Hamburg
15659710,France,Lyon
15658675,Germany,Berlin
15638788,France,Toulouse
15609735,Germany,Frankfurt
15771477,France,Paris
15570145,France,Marseille
15797149,Spain,Valencia
15636912,Spain,Bilbao
15687828,Spain,Barcelona
15667424,Germany,Frankfurt
15759872,France,Lyon
15572374,Spain,Bilbao
15754926,France,Toulouse
15687431,France,Toulouse
15604515,Germany,Berlin
15682839,France,Lyon
15624677,Germany,Hamburg
15646366,Germany,Berlin
15701768,France,Marseille
15623566,France,Marseille
15681274,Spain,Barcelona
15762573,Spain,Madrid
15706458,Germany,Cologne
15654222,Spain,Valencia
15704053,Spain,Madrid
15724321,Germany,Cologne
15621815,France,Lyon
15724876,France,Toulouse
15696588,France,Lyon
15612832,France,Paris
15804295,France,Marseille
15712536,France,Nice
15662494,Spain,Valencia
15807728,France,Paris
15764916,Germany,Berlin
15615330,France,Lyon
15638487,Germany,Cologne
15627859,Germany,Munich
15622192,Spain,Bilbao
15789413,France,Toulouse
15583221,Germany,Berlin
15768495,France,Nice
15644103,Spain,Bilbao
15741197,Spain,Barcelona
15664547,France,Marseille
15797293,France,Paris
15572021,Germany,Frankfurt
15637461,France,Marseille
15620577,France,Toulouse
15609643,Germany,Hamburg
15785358,Germany,Munich
15603883,France,Lyon
15782550,Germany,Munich
15775761,Germany,Cologne
15680201,Germany,Berlin
15767594,France,Marseille
15591985,France,Paris
15789339,France,Nice
15781530,France,Nice
15705174,Germany,Cologne
15572114,Spain,Seville
15804009,Germany,Frankfurt
15662698,Spain,Barcelona
15696047,France,Nice
15701160,Germany,Frankfurt
15790093,France,Paris
15632143,France,Lyon
15736778,Germany,Berlin
15734917,Germany,Frankfurt
15643903,France,Paris
15569526,France,Marseille
15777067,France,Lyon
15795511,Germany,Cologne
15610419,France,Lyon
15644994,Germany,Frankfurt
15703707,France,Paris
15659327,France,Paris
15771323,Spain,Barcelona
15750549,Germany,Munich
15698462,France,Toulouse
15739692,France,Marseille
15744041,France,Lyon
15700714,France,Lyon
15777743,France,Toulouse
15623143,France,Lyon
15712568,Spain,Madrid
15617432,Germany,Hamburg
15650424,France,Nice
15728829,France,Toulouse
15680430,Germany,Munich
15687626,France,Lyon
15609187,France,Marseille
15609521,Germany,Munich
15752626,France,Paris
15571756,France,Nice
15814040,France,Toulouse
15658211,Spain,Valencia
15742091,Germany,Berlin
15787168,Spain,Barcelona
15772363,Germany,Munich
15659364,Spain,Valencia
15738980,France,Lyon
15794236,Germany,Hamburg
15721383,Spain,Bilbao
15652981,Germany,Berlin
15722731,France,Lyon
15640507,Spain,Barcelona
15578878,Spain,Bilbao
15744295,France,Toulouse
15776558,France,Nice
15596136,France,Marseille
15704597,France,Lyon
15648272,Spain,Seville
15594915,France,Paris
15581115,France,Paris
15763907,France,Toulouse
15705994,Spain,Madrid
15772421,Germany,Hamburg
15711572,Germany,Berlin
15691170,Spain,Barcelona
15600106,France,Lyon
15745431,France,Lyon
15649508,Spain,Madrid
15812611,Spain,Barcelona
15619699,France,Nice
15813946,Germany,Frankfurt
15762762,Germany,Hamburg
15629793,Spain,Barcelona
15781298,Germany,Frankfurt
15622658,France,Paris
15658980,Germany,Cologne
15701936,Germany,Cologne
15686917,Spain,Valencia
15807312,Spain,Barcelona
15574523,France,Lyon
15724200,France,Lyon
15738224,France,Toulouse
15593283,Germany,Hamburg
15814690,Germany,Frankfurt
15807245,Germany,Hamburg
15799358,France,Marseille
15616172,France,Marseille
15777958,France,Nice
15809124,France,Toulouse
15616367,Germany,Hamburg
15687385,France,Marseille
15607877,Spain,Seville
15736327,Germany,Berlin
15746704,Spain,Valencia
15778304,Germany,Cologne
15588456,France,Toulouse
15664035,Spain,Barcelona
15596405,Spain,Seville
15815097,France,Toulouse
15762708,Spain,Seville
15776211,France,Nice
15626012,France,Nice
15792077,Germany,Cologne
15718765,Spain,Barcelona
15576615,Spain,Seville
15752650,Spain,Madrid
15797502,Spain,Seville
15687329,Germany,Cologne
15779423,France,Paris
15619514,Germany,Munich
15615430,Germany,Frankfurt
15716431,France,Nice
15798341,France,Lyon
15651958,France,Nice
15726179,Germany,Hamburg
15652999,Germany,Munich
15691950,France,Toulouse
15632446,France,Toulouse
15620936,France,Marseille
15587640,France,Toulouse
15782231,France,Marseille
15580462,Spain,Seville
15736371,France,Nice
15648032,Spain,Bilbao
15610454,Germany,Cologne
15671358,France,Paris
15747130,France,Marseille
15578374,Spain,Barcelona
15572182,Germany,Cologne
15770041,Spain,Barcelona
15669414,Germany,Hamburg
15777054,Germany,Hamburg
15621021,Spain,Madrid
15785490,France,Paris
15577695,France,Nice
15686974,France,Marseille
15574584,France,Toulouse
15719541,Spain,Seville
15646310,Spain,Seville
15697606,France,Toulouse
15711489,Spain,Valencia
15670427,Spain,Seville
15731755,France,Toulouse
15796370,Spain,Valencia
15598331,France,Nice
15704795,France,Paris
15796764,Germany,Cologne
15589420,France,Paris
15810563,Spain,Madrid
15746569,France,Toulouse
15811594,Spain,Bilbao
15645896,Germany,Hamburg
15802909,Germany,Hamburg
15797665,France,Toulouse
15778959,France,Marseille
15722532,Spain,Valencia
15784124,Germany,Frankfurt
15776518,France,Toulouse
15611247,France,Marseille
15721469,Germany,Berlin
15773338,France,Toulouse
15784042,France,Toulouse
15776229,France,Lyon
15655903,Spain,Barcelona
15590177,France,Toulouse
15568876,France,Paris
15813140,Spain,Valencia
15770516,Spain,Madrid
15755731,Germany,Hamburg
15574480,Spain,Valencia
15798084,France,Nice
15673020,France,Toulouse
15643575,Germany,Hamburg
15596811,France,Marseille
15786789,France,Lyon
15578865,Germany,Frankfurt
15605672,France,Nice
15603674,France,Lyon
15759915,France,Paris
15686219,France,Paris
15696388,Germany,Berlin
15713604,Germany,Cologne
15647800,France,Toulouse
15813451,Spain,Bilbao
15765375,France,Paris
15774586,Germany,Frankfurt
15603454,Germany,Hamburg
15653037,France,Toulouse
15782475,France,Lyon
15593496,Spain,Seville
15808971,Spain,Valencia
15791972,France,Marseille
15676869,Spain,Bilbao
15683007,Germany,Frankfurt
15659495,Spain,Seville
15703923,Germany,Frankfurt
15674000,France,Marseille
15618171,France,Toulouse
15732202,France,Paris
15735078,Germany,Berlin
15798615,France,Nice
15638494,Germany,Munich
15763874,Spain,Barcelona
15696355,Germany,Munich
15655952,France,Lyon
15739850,France,Toulouse
15611338,Spain,Valencia
15707861,France,Paris
15672237,France,Lyon
15657771,France,Toulouse
15677783,Spain,Madrid
15681026,Germany,Berlin
15566543,Spain,Madrid
15594612,Spain,Seville
15814664,Germany,Frankfurt
15642785,France,Toulouse
15690164,Germany,Munich
15590213,Spain,Seville
15603794,France,Lyon
15733491,Germany,Hamburg
15806360,France,Marseille
15587133,France,Lyon
15721377,France,Lyon
15747927,France,Lyon
15806455,France,Toulouse
15695474,France,Lyon
15666295,Germany,Frankfurt
15656062,France,Paris
15579969,France,Toulouse
15703563,France,Nice
15692664,France,Lyon
15719276,Spain,Barcelona
15672754,Germany,Hamburg
15768163,Germany,Berlin
15656710,France,Lyon
15696175,Germany,Hamburg
15586914,France,Marseille
15581736,Germany,Cologne
15588839,Spain,Seville
15589329,France,Nice
15605622,Spain,Madrid
15798964,Germany,Hamburg
15769959,France,Paris
15657105,Spain,Valencia
15569266,France,Paris
15719294,France,Toulouse
15606229,France,Paris
15569892,France,Marseille
15584532,France,Paris
15682355,Germany,Munich
15628319,France,Paris
16750682,Portugal,Lisbon
16715280,Portugal,Lisbon
16717183,Portugal,Braga
16705756,Portugal,Porto
16610233,Portugal,Porto
16676344,Portugal,Porto
16570500,Portugal,Lisbon
16579585,Portugal,Faro
16654452,Portugal,Lisbon
16755959,Portugal,Faro
16666314,Portugal,Coimbra
16727651,Portugal,Lisbon
16587600,Portugal,Lisbon
16717456,Portugal,Lisbon
16809044,Portugal,Porto
16635882,Portugal,Porto
16563653,Portugal,Faro
16586812,Portugal,Faro
16726974,Portugal,Lisbon
16618826,Portugal,Faro
16679157,Portugal,Porto
16694261,Portugal,Faro
16762526,Portugal,Coimbra
16703465,Portugal,Porto
16785336,Portugal,Coimbra
16581381,Portugal,Faro
16632369,Portugal,Braga
16585677,Portugal,Lisbon
16723320,Portugal,Porto
16629343,Portugal,Coimbra
16576794,Portugal,Braga
16805909,Portugal,Braga
16640606,Portugal,Porto
16737998,Portugal,Porto
16735410,Portugal,Braga
16577143,Portugal,Lisbon
16682177,Portugal,Lisbon
16598982,Portugal,Coimbra
16591492,Portugal,Lisbon
16595078,Portugal,Braga
16587533,Portugal,Braga
16717323,Portugal,Faro
16631521,Portugal,Braga
16604698,Portugal,Lisbon
16768430,Portugal,Coimbra
16630336,Portugal,Faro
16591710,Portugal,Lisbon
16723889,Portugal,Coimbra
16679616,Portugal,Lisbon
16576709,Portugal,Faro
16760559,Portugal,Braga
16805055,Portugal,Faro
16682674,Portugal,Braga
16629051,Portugal,Faro
16735961,Portugal,Porto
16613838,Portugal,Lisbon
16718255,Portugal,Lisbon
16605465,Portugal,Porto
16788359,Portugal,Braga
16632035,Portugal,Lisbon
16645221,Portugal,Porto
16706101,Portugal,Lisbon
16571490,Portugal,Coimbra
16584682,Portugal,Braga
16772284,Portugal,Coimbra
16571503,Portugal,Braga
16761152,Portugal,Porto
16756690,Portugal,Braga
16809713,Portugal,Braga
16729396,Portugal,Porto
16780071,Portugal,Braga
16749165,Portugal,Lisbon
16584616,Portugal,Faro
16645629,Portugal,Porto
16641307,Portugal,Faro
16726513,Portugal,Porto
16812531,Portugal,Porto
16655534,Portugal,Coimbra
16677339,Portugal,Coimbra
16753397,Portugal,Braga
16671492,Portugal,Faro
16679094,Portugal,Porto
16691801,Portugal,Braga
16677179,Portugal,Lisbon
16817528,Portugal,Porto
16618865,Portugal,Lisbon
16694457,Portugal,Braga
16730892,Portugal,Coimbra
16639134,Portugal,Braga
16811693,Portugal,Lisbon
16766639,Portugal,Porto
16684097,Portugal,Faro
16585852,Portugal,Braga
16684103,Portugal,Porto
16720943,Portugal,Coimbra
16654060,Portugal,Coimbra
16568794,Portugal,Coimbra
16600037,Portugal,Porto
16773285,Portugal,Braga
16648297,Portugal,Porto
16736274,Portugal,Porto
16793414,Portugal,Faro
16736895,Portugal,Faro
16711805,Portugal,Braga
16773402,Portugal,Faro
16640837,Portugal,Coimbra
16795605,Portugal,Faro
16719006,Portugal,Coimbra
16610721,Portugal,Braga
16725054,Portugal,Porto
16667724,Portugal,Porto
16623711,Portugal,Faro
16785519,Portugal,Coimbra
16629631,Portugal,Lisbon
16746727,Portugal,Lisbon
16633609,Portugal,Lisbon
16610430,Portugal,Porto
16656749,Portugal,Porto
16720755,Portugal,Coimbra
16694442,Portugal,Faro
16646493,Portugal,Lisbon
16638720,Portugal,Coimbra
16571202,Portugal,Coimbra
16652830,Portugal,Faro
16692259,Portugal,Coimbra
16592301,Portugal,Faro
16647679,Portugal,Braga
16804352,Portugal,Faro
16703294,Portugal,Lisbon
16588890,Portugal,Lisbon
16645261,Portugal,Faro
16779222,Portugal,Braga
16669821,Portugal,Braga
16653915,Portugal,Lisbon
16772322,Portugal,Braga
16794174,Portugal,Coimbra
16739235,Portugal,Porto
16702469,Portugal,Coimbra
16675008,Portugal,Lisbon
16734409,Portugal,Braga
16566648,Portugal,Faro
16700536,Portugal,Porto
16708249,Portugal,Faro
16644417,Portugal,Lisbon
16754966,Portugal,Braga
16674880,Portugal,Faro
16612225,Portugal,Faro
16761197,Portugal,Porto
16642595,Portugal,Porto
16790290,Portugal,Braga
16782803,Portugal,Porto
16569883,Portugal,Faro
16774271,Portugal,Faro
16735568,Portugal,Lisbon
16656983,Portugal,Faro
16592563,Portugal,Braga
16774085,Portugal,Coimbra
16582502,Portugal,Lisbon
16749437,Portugal,Lisbon
16741331,Portugal,Braga
16743014,Portugal,Braga
16767709,Portugal,Porto
16667537,Portugal,Lisbon
16639370,Portugal,Porto
16761691,Portugal,Faro
16751370,Portugal,Lisbon
16708703,Portugal,Lisbon
16762516,Portugal,Coimbra
16612737,Portugal,Lisbon
16601586,Portugal,Faro
16785906,Portugal,Porto
16730683,Portugal,Porto
16738720,Portugal,Coimbra
16749773,Portugal,Faro
16693927,Portugal,Porto
16601912,Portugal,Braga
16654846,Portugal,Faro
16764668,Portugal,Faro
16746254,Portugal,Coimbra
16754525,Portugal,Porto
16801423,Portugal,Faro
16580367,Portugal,Porto
16713509,Portugal,Braga
16783246,Portugal,Coimbra
16673437,Portugal,Braga
16737637,Portugal,Coimbra
16561880,Portugal,Faro
16735709,Portugal,Coimbra
16669774,Portugal,Lisbon
16766820,Portugal,Porto
16676570,Portugal,Porto
16665198,Portugal,Lisbon
16773676,Portugal,Braga
16596623,Portugal,Lisbon
16776544,Portugal,Faro
16614877,Portugal,Faro
16696219,Portugal,Porto
16638490,Portugal,Faro
16754830,Portugal,Porto
16762547,Portugal,Lisbon
16745544,Portugal,Lisbon
16583999,Portugal,Lisbon
16815969,Portugal,Porto
16635744,Portugal,Lisbon
16777365,Portugal,Lisbon
16702325,Portugal,Braga
16665688,Portugal,Lisbon
16672540,Portugal,Faro
16723033,Portugal,Porto
16735981,Portugal,Braga
16741808,Portugal,Coimbra
16788004,Portugal,Porto
16666208,Portugal,Faro
16578792,Portugal,Porto
16661000,Portugal,Faro
16794479,Portugal,Faro
16618714,Portugal,Coimbra
16813343,Portugal,Porto
16773105,Portugal,Coimbra
16709518,Portugal,Coimbra
16657137,Portugal,Porto
16700227,Portugal,Lisbon
16679750,Portugal,Lisbon
16783839,Portugal,Coimbra
16599703,Portugal,Braga
16602329,Portugal,Coimbra
16683880,Portugal,Coimbra
16616885,Portugal,Coimbra
16626810,Portugal,Lisbon
16667775,Portugal,Lisbon
16650864,Portugal,Lisbon
16764465,Portugal,Coimbra
16799855,Portugal,Braga
16818484,Portugal,Lisbon
16679847,Portugal,Porto
16626010,Portugal,Porto
16707174,Portugal,Porto
16655083,Portugal,Faro
16757686,Portugal,Coimbra
16772429,Portugal,Porto
16745226,Portugal,Coimbra
16584129,Portugal,Porto
16766710,Portugal,Braga
16772781,Portugal,Coimbra
16638325,Portugal,Porto
16644827,Portugal,Lisbon
16619596,Portugal,Coimbra
16725505,Portugal,Faro
16749486,Portugal,Lisbon
16698918,Portugal,Lisbon
16795802,Portugal,Faro
16633192,Portugal,Lisbon
16712662,Portugal,Lisbon
16649502,Portugal,Porto
16743630,Portugal,Porto
16609615,Portugal,Coimbra
16624478,Portugal,Coimbra
16648139,Portugal,Coimbra
16644982,Portugal,Porto
16604831,Portugal,Coimbra
16706909,Portugal,Lisbon
16722884,Portugal,Porto
16736169,Portugal,Coimbra
16780888,Portugal,Lisbon
16782939,Portugal,Coimbra
16781803,Portugal,Braga
16661375,Portugal,Coimbra
16679049,Portugal,Braga
16676219,Portugal,Coimbra
16812205,Portugal,Faro
16631424,Portugal,Coimbra
16748359,Portugal,Porto
16711778,Portugal,Porto
16785647,Portugal,Braga
16661988,Portugal,Porto
16572725,Portugal,Lisbon
16794595,Portugal,Faro
16639713,Portugal,Faro
16769932,Portugal,Lisbon
16625667,Portugal,Braga
16804725,Portugal,Lisbon
16556538,Portugal,Lisbon
16811753,Portugal,Faro
16690970,Portugal,Coimbra
16808379,Portugal,Faro
16587620,Portugal,Faro
16697596,Portugal,Porto
16561666,Portugal,Lisbon
16612033,Portugal,Faro
16584201,Portugal,Lisbon
16815162,Portugal,Porto
16823803,Portugal,Lisbon
16592678,Portugal,Faro
16593367,Portugal,Lisbon
16701359,Portugal,Porto
16669804,Portugal,Coimbra
16707967,Portugal,Lisbon
16729299,Portugal,Faro
16719188,Portugal,Porto
16659680,Portugal,Faro
16615984,Portugal,Faro
16741010,Portugal,Lisbon
16734641,Portugal,Faro
16670093,Portugal,Lisbon
16768147,Portugal,Coimbra
16717105,Portugal,Faro
16625325,Portugal,Faro
16668630,Portugal,Faro
16739869,Portugal,Braga
16594638,Portugal,Braga
16606475,Portugal,Porto
16633008,Portugal,Braga
16690300,Portugal,Porto
16654935,Portugal,Braga
16733930,Portugal,Coimbra
16714175,Portugal,Porto
16761669,Portugal,Braga
16757981,Portugal,Coimbra
16754849,Portugal,Braga
16723101,Portugal,Lisbon
16655851,Portugal,Lisbon
16629215,Portugal,Coimbra
16656295,Portugal,Faro
16617004,Portugal,Faro
16596245,Portugal,Lisbon
16741563,Portugal,Lisbon
16559195,Portugal,Faro
16614873,Portugal,Porto
16595288,Portugal,Faro
16789398,Portugal,Braga
16638467,Portugal,Porto
16698746,Portugal,Braga
16728876,Portugal,Lisbon
16648438,Portugal,Porto
16791792,Portugal,Braga
16580593,Portugal,Braga
16631728,Portugal,Porto
16661864,Portugal,Coimbra
16669059,Portugal,Faro
16798443,Portugal,Braga
16726680,Portugal,Faro
16729807,Portugal,Faro
16734197,Portugal,Lisbon
16684950,Portugal,Faro
16797278,Portugal,Braga
16679554,Portugal,Lisbon
16729519,Portugal,Porto
16659592,Portugal,Braga
16780603,Portugal,Lisbon
16696171,Portugal,Lisbon
16795130,Portugal,Faro
16636851,Portugal,Porto
16696582,Portugal,Braga
16641741,Portugal,Braga
16754123,Portugal,Faro
16596280,Portugal,Porto
16746884,Portugal,Braga
16594689,Portugal,Porto
16736751,Portugal,Braga
16593075,Portugal,Faro
16587469,Portugal,Coimbra
16697338,Portugal,Braga
16653625,Portugal,Lisbon
16591226,Portugal,Lisbon
16675470,Portugal,Coimbra
16761767,Portugal,Braga
16660418,Portugal,Lisbon
16723862,Portugal,Lisbon
16741928,Portugal,Braga
16620168,Portugal,Porto
16665545,Portugal,Braga
16787363,Portugal,Porto
16715962,Portugal,Coimbra
16591149,Portugal,Faro
16626674,Portugal,Coimbra
16761722,Portugal,Faro
16642979,Portugal,Lisbon
16750685,Portugal,Lisbon
16803279,Portugal,Lisbon
16790255,Portugal,Porto
16611807,Portugal,Faro
16644218,Portugal,Lisbon
16775340,Portugal,Braga
16716826,Portugal,Faro
16626323,Portugal,Faro
16670614,Portugal,Porto
16752487,Portugal,Coimbra
16635349,Portugal,Porto
16588269,Portugal,Lisbon
16723023,Portugal,Braga
16653042,Portugal,Braga
16814371,Portugal,Lisbon
16575546,Portugal,Braga
16669573,Portugal,Porto
16749081,Portugal,Porto
16683101,Portugal,Lisbon
16812604,Portugal,Braga
16688829,Portugal,Faro
16727253,Portugal,Coimbra
16740699,Portugal,Faro
16745855,Portugal,Porto
16794379,Portugal,Porto
16748241,Portugal,Porto
16766810,Portugal,Porto
16672369,Portugal,Coimbra
16578587,Portugal,Lisbon
16696988,Portugal,Porto
16603133,Portugal,Braga
16731922,Portugal,Coimbra
16742471,Portugal,Porto
16776283,Portugal,Braga
16788584,Portugal,Porto
16776227,Portugal,Lisbon
16700211,Portugal,Coimbra
16623362,Portugal,Lisbon
16632676,Portugal,Coimbra
16763671,Portugal,Porto
16568457,Portugal,Porto
16810500,Portugal,Coimbra
16585551,Portugal,Braga
16636384,Portugal,Braga
16753742,Portugal,Porto
16672952,Portugal,Porto
16669196,Portugal,Lisbon
16705966,Portugal,Porto
16707918,Portugal,Coimbra
16722361,Portugal,Braga
16683003,Portugal,Braga
16761918,Portugal,Lisbon
16630320,Portugal,Braga
16759901,Portugal,Braga
16635393,Portugal,Faro
16681715,Portugal,Coimbra
16775832,Portugal,Faro
16783147,Portugal,Braga
16804442,Portugal,Lisbon
16698967,Portugal,Lisbon
16766222,Portugal,Braga
16606274,Portugal,Porto
16589041,Portugal,Faro
16778739,Portugal,Braga
16695322,Portugal,Lisbon
16700604,Portugal,Lisbon
16754992,Portugal,Faro
16816150,Portugal,Coimbra
16613846,Portugal,Braga
16630206,Portugal,Braga
16752475,Portugal,Coimbra
16581265,Portugal,Faro
16777139,Portugal,Faro
16780499,Portugal,Lisbon
16568309,Portugal,Coimbra
16809489,Portugal,Faro
16698329,Portugal,Porto
16770648,Portugal,Braga
16638579,Portugal,Lisbon
16639462,Portugal,Coimbra
16602949,Portugal,Lisbon
16629917,Portugal,Faro
16794533,Portugal,Faro
16765063,Portugal,Porto
16751341,Portugal,Braga
16639165,Portugal,Coimbra
16575798,Portugal,Lisbon
16778567,Portugal,Braga
16671179,Portugal,Faro
16675495,Portugal,Braga
16666503,Portugal,Lisbon
16809053,Portugal,Braga
16663339,Portugal,Faro
16797585,Portugal,Braga
16764328,Portugal,Coimbra
16622356,Portugal,Braga
16610589,Portugal,Coimbra
16685127,Portugal,Braga
16680173,Portugal,Faro
16706514,Portugal,Porto
16761991,Portugal,Porto
16596678,Portugal,Coimbra
16636786,Portugal,Coimbra
16571906,Portugal,Porto
16636182,Portugal,Faro
16750368,Portugal,Faro
16737375,Portugal,Braga
16771298,Portugal,Coimbra
16707695,Portugal,Faro
16583828,Portugal,Lisbon
16793667,Portugal,Braga
16639805,Portugal,Braga
16707366,Portugal,Porto
16617532,Portugal,Coimbra
16582209,Portugal,Faro
16643263,Portugal,Faro
16575629,Portugal,Braga
16717354,Portugal,Coimbra
16768794,Portugal,Coimbra
16716280,Portugal,Coimbra
16558773,Portugal,Porto
16614370,Portugal,Faro
16782435,Portugal,Coimbra
16582402,Portugal,Porto
16713756,Portugal,Lisbon
16664911,Portugal,Braga
16672609,Portugal,Faro
16790033,Portugal,Faro
16561340,Portugal,Braga
16692933,Portugal,Lisbon
16602489,Portugal,Porto
16563767,Portugal,Braga
16778463,Portugal,Porto
16678183,Portugal,Porto
16596979,Portugal,Porto
16805966,Portugal,Lisbon
16772219,Portugal,Lisbon
16710473,Portugal,Porto
16741846,Portugal,Coimbra
16766627,Portugal,Faro
16604560,Portugal,Lisbon
16597500,Portugal,Coimbra
16808536,Portugal,Coimbra
16631640,Portugal,Faro
16743904,Portugal,Porto
16784581,Portugal,Coimbra
16697773,Portugal,Coimbra
16698185,Portugal,Coimbra
16690045,Portugal,Porto
16707893,Portugal,Porto
16586799,Portugal,Lisbon
16762574,Portugal,Lisbon
16576180,Portugal,Coimbra
16585091,Portugal,Porto
16627548,Portugal,Porto
16578648,Portugal,Faro
16794650,Portugal,Coimbra
16644077,Portugal,Lisbon
16720603,Portugal,Faro
16744696,Portugal,Porto
16800727,Portugal,Lisbon
16604141,Portugal,Coimbra
16806939,Portugal,Porto
16586408,Portugal,Coimbra
16624657,Portugal,Faro
16709742,Portugal,Faro
16804377,Portugal,Faro
16801876,Portugal,Braga
16760334,Portugal,Coimbra
16630322,Portugal,Faro
16752549,Portugal,Faro
16645558,Portugal,Coimbra
16780540,Portugal,Faro
16751320,Portugal,Coimbra
16803658,Portugal,Porto
16597442,Portugal,Coimbra
16658310,Portugal,Coimbra
16724606,Portugal,Braga
16762701,Portugal,Porto
16639082,Portugal,Braga
16691762,Portugal,Faro
16796318,Portugal,Coimbra
16644571,Portugal,Porto
16567482,Portugal,Braga
16747018,Portugal,Coimbra
16644105,Portugal,Lisbon
16613645,Portugal,Braga
16588004,Portugal,Porto
16576362,Portugal,Braga
16785494,Portugal,Braga
16782964,Portugal,Braga
