RowNumber,CustomerId,Surname,CreditScore,Geography,Gender,Age,Tenure,Balance,NumOfProducts,HasCrCard,IsActiveMember,EstimatedSalary,Exited,Complain,Satisfaction Score,Card Type,Point Earned
1813,18769397,Obiajulu,545,Belgium,Female,33,3,191150.31217807336,1,False,False,67925.66911103371,True,False,0,GOLD,488.0302781072139
-1495,18659339,Welch,621,Belgium,Female,29,3,168518.3316920887,1,True,False,47403.87584536942,True,False,3,SILVER,518.1031040302294
5362,18612046,Lettiere,606,Belgium,Male,47,6,103315.85339351378,1,True,False,51596.32786103302,True,False,5,DIAMOND,498.3318377879032
3335,18630130,Lamb,498,Belgium,Male,42,9,193641.8558814724,1,True,False,67739.25250480832,True,False,3,GOLD,556.5073515094479
5230,18724771,Ugochukwu,559,Belgium,Female,35,0,141728.93054501145,1,False,True,59264.50899798585,True,False,3,DIAMOND,492.6513349832673
6944,18675598,Ch'en,613,Belgium,Female,44,2,85744.50127722045,0,True,False,59816.129078014,True,True,3,PLATINUM,367.0655347362813
4566,18589169,Capon,568,Belgium,Female,32,5,72678.40857473387,0,True,True,54827.70603310957,True,True,5,DIAMOND,666.8635537168832
3462,18641013,Frederick,590,Belgium,Female,39,2,85221.38714976807,1,True,False,67489.19600174935,True,False,5,GOLD,527.0529447917821
4674,18603885,Anderson,535,Belgium,Female,32,0,120550.19899891388,1,True,True,89845.70203261699,True,False,0,SILVER,538.1958896204798
6722,18813140,Gill,717,Belgium,Male,38,1,111967.85408178334,1,False,True,92207.99519156809,True,False,4,GOLD,530.8431928295103
5096,18729298,Hussain,579,Belgium,Male,44,6,81437.37315558284,1,True,True,73987.719091603,True,False,2,PLATINUM,521.6108482753249
-1946,18809960,Phillipps,478,Belgium,Male,38,1,202759.49412907087,0,True,True,67823.1614096669,True,False,4,SILVER,415.641043333721
8539,18676302,Mishin,603,Belgium,Female,42,5,74502.87550136221,1,True,False,69835.67468110689,True,False,5,DIAMOND,582.7826986241918
2129,18793167,Matthews,570,Belgium,Male,43,0,139863.12657116528,2,False,True,75582.16992757967,True,False,1,DIAMOND,444.9576346559864
7453,18683679,Allen,577,Belgium,Female,38,1,148793.81787516212,1,True,True,96121.6357034708,True,False,3,SILVER,467.3174988551231
297,18690137,Martin,510,Belgium,Female,36,2,226644.7423825841,1,True,True,70527.71646675002,True,False,3,DIAMOND,289.5010764703065
4280,18711970,Lambert,481,Belgium,Female,36,11,156663.63845862783,1,False,False,84585.30983021922,True,True,1,DIAMOND,296.99741037460075
4715,18655766,Pai,556,Belgium,Male,37,8,88433.16440000551,2,True,False,69929.9681583204,True,True,2,SILVER,498.31848652688205
8179,18734447,Davide,577,Belgium,Male,33,9,151019.74907294216,1,False,True,66501.43211929043,True,True,3,SILVER,267.0003268144974
1984,18782364,Fanucci,565,Belgium,Male,26,1,128974.143814137,2,True,False,75437.794782892,True,False,5,PLATINUM,412.3885131041324
9758,18654087,Jen,620,Belgium,Female,40,3,35993.460017224,1,False,False,64057.35017420832,True,False,1,DIAMOND,554.7968425386813
5590,18608000,Fan,560,Belgium,Male,41,5,112847.61669157128,1,True,False,67989.5430008974,True,False,4,DIAMOND,360.9397476908015
4803,18689085,Nucci,635,Belgium,Female,36,8,72406.11100244924,0,True,False,71778.18824813819,True,True,1,DIAMOND,407.96341699534776
4433,18816997,Sal,602,Belgium,Male,32,-1,143501.30022726403,1,True,True,84381.61048882715,True,False,3,DIAMOND,335.9001835776389
5571,18511901,Munro,575,Belgium,Female,35,4,163390.8718373865,1,False,False,81225.94953980674,True,False,0,PLATINUM,513.1451302176192
2934,18673214,Manfrin,597,Belgium,Male,37,1,140363.22901632867,1,True,True,74331.29320905346,True,False,5,SILVER,431.3392394190045
3543,18623134,Lord,637,Belgium,Male,38,3,184644.8254220252,2,True,False,59604.29850189095,True,False,4,GOLD,354.4754488145029
5952,18730196,Parker,538,Belgium,Female,39,0,111272.67436788458,0,True,True,83496.81091120881,True,True,1,PLATINUM,552.8779782233124
8021,18668322,Payne,473,Belgium,Male,37,5,82154.80219405235,1,False,True,87844.3677378243,True,False,4,DIAMOND,399.344811544276
7539,18560049,Banks,630,Belgium,Male,27,3,76340.51125528319,3,True,True,91293.95981601995,True,True,4,DIAMOND,477.7174696915849
9702,18734313,Cattaneo,552,Belgium,Female,38,1,99918.47280698674,0,True,True,67690.33644135924,True,False,1,GOLD,601.3242907606187
8842,18602183,Rizzo,557,Belgium,Male,42,8,201302.7706080935,1,False,False,82305.10362843004,True,False,3,DIAMOND,478.51842378580886
7219,18727858,Mullen,596,Belgium,Male,36,3,82700.04767691606,1,True,False,65715.6826918354,True,False,3,DIAMOND,619.2502252494883
5936,18666184,Wilson,593,Belgium,Male,26,2,148274.05782410305,1,True,False,63300.30376367304,True,False,4,GOLD,596.4323849550186
6557,18794148,McCollum,508,Belgium,Male,38,0,114880.062694908,2,False,False,63127.05789485755,True,True,5,PLATINUM,350.3376437664687
-1124,18612091,Dobie,589,Belgium,Male,39,4,90307.45194130376,0,False,False,58917.739331625446,True,True,1,PLATINUM,401.3050752609258
4164,18797769,Moore,645,Belgium,Male,37,2,230773.4947084868,1,True,True,85299.45736595402,True,False,3,PLATINUM,372.84895314283045
4943,18725296,Iheatu,670,Belgium,Female,40,8,83661.57449521263,1,True,True,47971.20825066948,True,False,3,SILVER,527.8121467614499
240,18715002,Chia,547,Belgium,Male,36,11,108598.35557307008,2,False,True,48672.34772955578,True,False,2,PLATINUM,486.4771827323241
1793,18712206,Pharr,601,Belgium,Male,38,3,216989.02662806137,1,True,True,64142.84833060302,True,False,3,SILVER,407.829035457718
4217,18791055,Clark,680,Belgium,Female,39,8,81016.0047118499,0,False,False,84180.58963518773,True,False,2,PLATINUM,414.2411288195438
6655,18561356,Lombardo,740,Belgium,Female,32,0,146952.41292730457,1,True,True,39404.53057890935,True,False,2,PLATINUM,548.0417494066422
4997,18754034,Fanucci,567,Belgium,Female,32,3,117101.657236962,1,True,False,59175.60050464316,True,True,1,GOLD,394.0743088526952
1814,18702895,Pickering,657,Belgium,Male,36,2,176852.36608746852,2,True,False,52641.3608724094,True,False,3,GOLD,431.4108763256195
1070,18661664,Johnson,589,Belgium,Male,43,6,95157.46577167028,1,True,False,64589.47395073029,True,False,4,PLATINUM,561.0075729684107
8448,18721925,Miller,590,Belgium,Male,40,2,108808.04050898815,2,True,True,63930.77093179153,True,True,2,PLATINUM,442.91929234116594
1820,18793267,Martin,626,Belgium,Male,40,4,24524.13661360024,1,True,True,98563.8448912008,True,False,2,DIAMOND,621.0217100678877
10767,18648357,Lombardo,512,Belgium,Female,38,1,104742.613251298,1,True,True,71545.89299712348,True,False,4,SILVER,351.07790510630866
3158,18757244,Hayward,584,Belgium,Male,38,2,125501.71983937507,1,True,True,93665.91854864704,True,False,2,DIAMOND,355.1404413637081
11325,18690392,Lung,586,Belgium,Female,37,1,159445.89113443496,2,True,True,68314.11438858657,True,False,4,SILVER,508.6140607557964
7502,18704403,Wilson,582,Belgium,Male,35,7,94588.07950130496,1,True,True,79999.92605116668,True,False,1,GOLD,384.28905535394136
6869,18627924,Onwumelu,573,Belgium,Male,34,4,247219.8520924197,1,True,True,62432.09848284524,True,False,4,GOLD,378.686491474982
7320,18691138,Chidumaga,589,Belgium,Female,42,0,119174.91251956303,1,True,True,65153.89961868408,True,False,4,DIAMOND,564.5040797168444
3760,18672607,Hill,593,Belgium,Male,39,6,144194.004066207,1,True,False,50249.9143341254,True,False,4,GOLD,447.15977084658965
9069,18636016,Tretiakova,584,Belgium,Female,41,6,74902.78146314024,0,True,False,104292.60543771464,True,True,3,SILVER,628.6498733859529
7484,18517794,Tu,601,Belgium,Male,30,7,182332.28378945167,1,False,False,83575.3136970609,True,False,1,GOLD,441.7280416629718
2796,18779759,Brenan,620,Belgium,Male,36,7,228409.1496046953,0,True,False,64391.46531499968,True,True,2,SILVER,524.762627442493
9120,18741493,Dickson,686,Belgium,Female,36,6,131362.45538510854,1,True,False,53333.28576284668,True,False,2,GOLD,398.5483045463757
6835,18778570,Cunningham,599,Belgium,Male,37,8,49343.61307552528,2,True,False,86391.2481598354,True,False,3,PLATINUM,271.1666068218257
7669,18579507,Sims,499,Belgium,Female,38,5,121506.56377963952,0,True,True,43945.665744360645,True,True,2,SILVER,216.65459866866823
-172,18780735,Udobata,566,Belgium,Male,40,11,87892.70033832864,1,False,False,90278.69129091637,True,False,3,PLATINUM,449.5637342654321
4953,18555603,Goddard,594,Belgium,Female,31,0,106772.1561512531,1,False,False,56554.89502443198,True,True,1,SILVER,501.6457968520341
7849,18718881,Azikiwe,582,Belgium,Female,38,3,82094.88469009861,0,True,True,76764.1703378199,True,False,2,DIAMOND,485.6801914166761
6897,18683191,Dale,543,Belgium,Male,30,10,73638.8062684121,0,True,True,50032.0300883761,True,False,3,SILVER,341.4343234173461
5243,18787631,Olisaemeka,633,Belgium,Female,40,3,158317.92607808553,2,True,False,102515.55612641644,True,False,3,GOLD,349.7457516968099
4537,18567839,Harris,568,Belgium,Female,32,0,137459.4946712859,0,True,True,79634.72436093568,True,False,3,DIAMOND,363.106881258172
8507,18612001,Chia,576,Belgium,Male,45,3,174122.49343828185,2,True,False,55984.59224278159,True,False,0,PLATINUM,322.92581262072054
3587,18588176,Marino,516,Belgium,Male,36,2,124127.5809449189,1,True,False,30551.278952953297,True,False,6,SILVER,438.0163535935114
7650,18570087,Artemiev,615,Belgium,Male,35,1,150213.54887782456,1,True,False,74864.55499962991,True,True,4,DIAMOND,418.3273105597496
4178,18657162,Pharr,552,Belgium,Male,36,5,233145.48498531524,1,True,True,77874.57277528601,True,False,4,SILVER,404.3390306861989
9168,18875070,Nnachetam,628,Belgium,Male,39,9,133086.13247137828,1,True,False,48933.70003115162,True,False,1,PLATINUM,410.5589098512364
1485,18736231,Samuel,620,Belgium,Female,30,1,118058.42704446128,0,False,True,79509.63462386679,True,False,0,GOLD,323.7254801104467
10276,18819514,Defalco,569,Belgium,Male,37,0,47734.23323945972,0,True,True,49758.66696074929,True,False,3,GOLD,557.991239830757
9385,18645185,Linger,578,Belgium,Male,44,6,155730.1899013027,2,True,True,101967.79984737556,True,False,4,GOLD,483.9702863213107
7936,18802039,Downer,654,Belgium,Female,34,3,76410.60572420404,0,False,False,77963.86030204443,True,True,1,DIAMOND,729.2871712729481
5851,18601578,Hs?,560,Belgium,Female,25,10,140919.47552179493,1,False,False,40603.41544892758,True,False,1,PLATINUM,645.3100778369096
-1973,18667997,Fiorentini,615,Belgium,Male,36,10,7093.898178506297,0,False,True,82582.43090331714,True,False,2,GOLD,612.4748257715032
5543,18711236,Peel,627,Belgium,Female,31,5,116556.48543130048,0,False,False,62701.50641100327,True,False,2,DIAMOND,494.02612231367885
581,18767966,Endrizzi,528,Belgium,Male,35,1,208984.21462973324,1,False,False,74957.89311554977,True,False,2,DIAMOND,672.0699483096018
3052,18782144,Kerr,577,Belgium,Male,35,5,104165.21517086502,1,True,True,59864.30425655408,True,False,4,PLATINUM,410.4601956281893
1427,18792535,Stewart,583,Belgium,Male,35,2,105180.48944029996,0,True,True,74508.68630198402,True,False,1,GOLD,506.6131611536011
8670,18818065,Kharlamov,671,Belgium,Male,40,0,127061.44421871596,1,True,False,98469.54564815947,True,True,1,SILVER,250.09388171340848
4384,18626815,Avdeev,605,Belgium,Male,32,6,112808.23528166456,1,False,True,72158.03490919863,True,False,3,PLATINUM,459.1801585753432
2137,18586037,Genovesi,503,Belgium,Male,28,5,69748.91554611236,0,True,True,58173.69442568442,True,False,5,DIAMOND,518.7389701406221
8180,18555597,Nnaemeka,565,Belgium,Male,42,4,165166.3478220133,2,True,True,59403.33847157214,True,False,0,DIAMOND,254.0751759414785
1147,18751189,Pirozzi,577,Belgium,Female,42,5,189554.8673346605,1,True,False,61682.671081685774,True,True,2,PLATINUM,509.2364371504478
5976,18759842,Cantamessa,563,Belgium,Female,32,6,142619.38574527908,1,True,False,104106.3058551959,True,False,1,SILVER,283.16556459019347
7408,18788959,McCollum,581,Belgium,Male,32,3,92129.21382812216,1,False,False,53111.325341363896,True,True,5,PLATINUM,370.33896606925504
6349,18616293,Mamelu,524,Belgium,Male,36,-1,119971.71864279977,1,True,True,65534.2990965994,True,False,0,SILVER,241.00866074234844
9294,18769724,Avdeyeva,547,Belgium,Female,50,3,235862.1913718953,0,True,False,59046.23793766909,True,False,0,GOLD,621.3142437254081
704,18578152,Kuo,576,Belgium,Male,36,8,94330.01144684812,1,True,True,63084.79287283472,True,False,5,GOLD,608.0166363281696
2054,18611205,McIntosh,550,Belgium,Male,29,2,153820.90028668637,1,True,False,70377.19120496608,True,False,5,DIAMOND,639.7594032537812
2865,18671128,Onyekaozulu,519,Belgium,Female,36,5,164229.92345664793,1,False,True,83103.24229107973,True,True,1,DIAMOND,492.2639353386131
-1048,18745526,Hsia,560,Belgium,Male,39,1,170173.49342865142,1,True,True,72824.34819887058,True,False,1,SILVER,503.80922950532783
3671,18725470,Onyemachukwu,562,Belgium,Male,39,5,35500.7823483638,2,True,False,80495.68569370372,True,False,1,PLATINUM,692.4203811124797
4186,18683585,Wu,502,Belgium,Female,35,0,108067.37594238328,1,False,True,52881.38378450285,True,False,5,SILVER,531.9719117038622
7689,18716673,Walton,576,Belgium,Male,33,2,101506.53953084038,3,True,False,57723.16102585675,True,True,1,DIAMOND,635.5677684778553
9460,18700522,Yao,554,Belgium,Male,38,8,103207.76295920945,2,True,True,75529.43338883144,True,False,1,GOLD,490.4357196013042
2788,18846070,Mazzi,663,Belgium,Female,46,0,86216.06711126797,1,True,True,65159.960941065954,True,False,0,PLATINUM,659.7035678090909
9800,18695385,Trevisani,480,Belgium,Male,41,7,93970.81107526032,0,False,True,74215.11961980346,True,False,4,GOLD,502.8296849598929
9151,18766654,Allan,618,Belgium,Male,40,6,148583.34506079316,2,False,True,76918.5211088394,True,False,4,DIAMOND,490.5178767926458
7588,18733520,Greenwood,508,Belgium,Female,32,6,65157.487545085125,1,False,True,94822.72043679631,True,False,3,DIAMOND,617.0996922953261
3800,18629568,Gallagher,566,Belgium,Female,37,0,58408.83492426322,0,True,True,72167.64922591511,True,False,3,PLATINUM,444.45920979298313
-616,18799802,T'ang,528,Belgium,Male,34,2,140607.75568588555,2,True,True,68704.90542809783,True,False,3,PLATINUM,250.4647416648144
6257,18607927,Bianchi,606,Belgium,Male,29,6,87550.92469205803,1,True,True,67257.16158569737,True,False,2,DIAMOND,445.4897915821936
8686,18646953,Napolitani,572,Belgium,Female,39,8,94266.11257460724,0,False,False,73528.03282046525,True,False,5,PLATINUM,533.2105232069097
8276,18811103,Lord,588,Belgium,Male,40,0,72622.52490702276,1,True,True,73295.42580796823,True,False,2,GOLD,350.3184989463504
4706,18611151,Williams,544,Belgium,Male,37,8,99355.96884628775,2,False,True,72291.85611781623,True,False,1,GOLD,639.0206762188898
7989,18761250,Fanucci,594,Belgium,Female,34,10,103303.87638079411,0,True,False,70382.62906315898,True,False,5,DIAMOND,522.6566526314808
2160,18574712,Lorenzo,620,Belgium,Female,38,1,97888.07431884392,3,True,True,124003.35328105754,True,False,4,GOLD,518.5627053438602
3166,18726540,Chukwukere,572,Belgium,Male,33,7,64983.674463473406,1,False,True,127659.4098098988,True,False,4,DIAMOND,622.4135923460581
5188,18536113,Fang,551,Belgium,Male,41,1,137942.89680519374,1,True,False,136990.82868829614,True,False,1,SILVER,350.1995002489252
6943,18734761,Cone,617,Belgium,Female,41,4,229216.3068608552,2,False,False,148101.43185561695,True,False,4,GOLD,298.0562740433769
11502,18634473,Yeh,635,Belgium,Male,34,10,33281.436125570224,0,True,True,120035.91082582503,True,False,3,DIAMOND,361.89153114772
9056,18759934,Nwora,609,Belgium,Female,40,3,148361.7028654547,0,True,False,136976.63181102774,True,False,2,SILVER,319.0568623000598
3814,18770823,Shen,566,Belgium,Male,41,0,188071.7435678559,2,True,False,144085.6884568662,True,False,0,PLATINUM,338.7567623598586
6394,18867895,Burns,525,Belgium,Male,34,8,120878.13356574796,1,True,True,173171.2512001219,True,True,3,PLATINUM,435.5444988321133
7880,18603128,Chidumaga,561,Belgium,Male,33,2,139167.83980825698,2,False,True,132889.4979696149,True,False,1,GOLD,441.6559669879964
7967,18815179,Ch'ien,602,Belgium,Male,30,4,153080.49573941293,1,True,True,133641.35475797107,True,False,2,PLATINUM,439.3481063064028
6337,18617736,Lo,496,Belgium,Male,37,9,127514.0727412832,3,True,True,146555.44197321613,True,True,0,GOLD,220.1921818811348
4862,18690389,Somadina,585,Belgium,Female,28,7,84897.91496269133,0,True,True,132869.74541501325,True,False,1,GOLD,541.7257890794601
7058,18755815,Tudawali,552,Belgium,Female,39,2,164314.60766247584,2,True,True,154989.49294349347,True,False,2,GOLD,355.65397074691924
4332,18691679,Sabbatini,608,Belgium,Female,36,7,149437.11228258675,2,False,True,135839.08503278322,True,False,2,SILVER,395.9471192926651
3976,18703450,Murphy,619,Belgium,Female,40,6,205024.9616381657,1,True,False,144251.2947444783,True,False,1,GOLD,432.0655261393144
8187,18640532,Fermin,572,Belgium,Female,37,3,82820.61755316296,1,True,False,154352.3777025073,True,False,2,GOLD,602.0983508045223
2557,18592101,McGuigan,613,Belgium,Male,39,8,150171.93566905463,2,True,False,134210.1771325593,True,False,1,GOLD,562.5806340581547
4734,18815394,Folliero,608,Belgium,Female,38,6,140906.87197339,0,True,False,181045.6004316826,True,True,5,SILVER,467.1408349336479
5897,18814019,Cantamessa,534,Belgium,Female,42,7,127220.08119179196,1,True,False,128865.57147414357,True,False,2,SILVER,457.7344782081949
10852,18809184,Blinova,611,Belgium,Female,41,7,83509.59014474368,1,True,False,132151.61703773256,True,True,1,GOLD,445.6635190622697
7227,18639576,Abdullah,437,Belgium,Female,28,1,51505.32524951181,1,True,False,140594.8554329607,True,True,4,PLATINUM,573.9878661270963
8291,18681893,Hawes,591,Belgium,Male,29,3,131928.9348070216,2,True,False,126512.4570170135,True,False,0,SILVER,395.35495008962187
5747,18680789,Boyle,677,Belgium,Male,41,1,41931.14372994639,2,True,True,153444.13355434733,True,False,1,GOLD,567.8560587606704
6070,18787914,Iweobiegbunam,642,Belgium,Male,27,7,103090.48237966094,2,True,True,131634.75145278178,True,False,1,PLATINUM,414.078528939423
6621,18733234,Lo Duca,566,Belgium,Male,31,9,66887.77237039445,1,True,True,130833.38654869284,True,False,1,GOLD,486.20075631337056
767,18709592,Dennis,572,Belgium,Male,37,4,14543.727010878538,1,True,False,117653.44501103747,True,False,5,SILVER,727.0051211490913
9465,18628890,Mackenzie,605,Belgium,Female,38,7,66231.56164162603,2,True,False,122427.53305357376,True,True,3,PLATINUM,504.2935461828047
5630,18613391,Robertson,544,Belgium,Male,38,4,137328.6506072552,1,True,False,164698.7642290842,True,False,5,PLATINUM,567.798097057206
10054,18647905,Ukaegbunam,566,Belgium,Male,37,8,173049.84343568163,1,True,False,132897.4524137064,True,False,4,DIAMOND,436.2482346155828
8699,18662625,Odinakachukwu,516,Belgium,Male,33,6,153289.50657968025,1,True,False,163930.3732116062,True,False,3,SILVER,522.5801309216683
2601,18742734,Chukwuraenye,657,Belgium,Female,29,3,100577.7581996938,0,True,True,132261.33655183492,True,False,3,DIAMOND,559.8847389943959
5622,18624533,Adamson,622,Belgium,Female,31,5,166603.72795005015,1,False,False,150256.12118728642,True,False,5,GOLD,465.2682475135297
8446,18704785,Capon,606,Belgium,Male,30,5,167073.0492869051,1,False,True,113474.49012206245,True,False,5,SILVER,348.9420939822492
4900,18723209,Tan,563,Belgium,Female,32,5,175283.03345693965,2,True,False,153244.28261095542,True,False,2,DIAMOND,273.22944782258185
6278,18800905,Napolitani,528,Belgium,Male,42,10,152381.43493557337,0,False,True,135623.44911161475,True,True,2,SILVER,681.5136060721638
6791,18527774,Watkins,594,Belgium,Male,33,5,123936.38710797968,0,True,False,137957.03320872385,True,False,0,GOLD,598.1940644736027
4373,18578549,Marsh,618,Belgium,Male,28,9,91327.09437543052,1,False,True,133077.8584224379,True,False,1,PLATINUM,612.7594935756076
4038,18840188,Dellucci,682,Belgium,Male,36,2,144490.49736791203,1,True,False,164389.78920499785,True,False,5,DIAMOND,597.1088882700327
3267,18666781,Clements,553,Belgium,Male,35,2,96250.1276971037,2,True,True,140833.04612789827,True,False,0,PLATINUM,642.5713329975815
8548,18824823,T'ao,500,Belgium,Male,37,5,119942.40409804996,1,True,False,133982.5286389836,True,False,5,GOLD,481.9518085482261
1989,18631613,Woods,471,Belgium,Male,35,4,88664.02725476396,1,True,False,131617.13937230318,True,False,4,SILVER,527.9927531038151
7569,18699890,Mazzanti,551,Belgium,Male,44,2,177716.44647087314,1,True,False,158824.43959149165,True,False,0,PLATINUM,442.1972469329124
8509,18632935,Igwebuike,595,Belgium,Female,37,6,72340.06788032565,1,True,False,131440.3673343353,True,False,2,SILVER,594.8556298824566
8646,18627963,Ho,535,Belgium,Female,37,9,167639.99932012951,0,True,True,148934.3556392275,True,False,1,DIAMOND,386.0523796180017
6017,18699219,Fiorentino,554,Belgium,Male,35,5,109358.49313271765,2,True,False,136461.2406341134,True,False,2,DIAMOND,535.8370113770692
8080,18533814,Iloerika,604,Belgium,Male,48,3,89102.65898367859,0,False,True,115330.5942221354,True,True,3,SILVER,483.0335947993219
6313,18666632,Fleming,625,Belgium,Male,46,2,134905.54527002844,2,True,True,125094.35276770282,True,False,0,PLATINUM,481.6363976971167
-1950,18663856,Lueck,497,Belgium,Male,36,2,161655.5923944604,2,True,True,160703.72113552626,True,False,1,PLATINUM,401.78760041058194
5734,18751837,Coles,573,Belgium,Male,35,0,162182.8895499465,1,False,True,142885.2499205854,True,False,3,PLATINUM,437.45517376527806
7191,18577750,Frolova,592,Belgium,Male,41,1,183059.61349651188,2,True,True,143893.5022967558,True,False,5,GOLD,531.1316158915195
2928,18580287,Allsop,544,Belgium,Female,34,6,128791.93109334196,2,True,True,146882.43450894955,True,False,2,DIAMOND,432.49726842664944
9878,18601099,Greco,568,Belgium,Male,34,4,138096.32945432817,1,False,True,117441.12396221812,True,True,0,PLATINUM,455.5998749099316
838,18589755,Scott,590,Belgium,Female,31,8,150488.6477441725,2,True,True,134498.58868967678,True,False,4,DIAMOND,277.0272264085199
4763,18600721,Andrews,660,Belgium,Female,32,7,107256.35538479152,2,True,False,134639.04844511338,True,False,1,SILVER,408.935078891132
423,18767106,Perkins,637,Belgium,Male,38,10,103565.25697392724,1,False,True,139829.15058127634,True,False,0,DIAMOND,471.5574558446528
4051,18591172,De Luca,612,Belgium,Male,33,4,86944.44178324234,2,True,True,137736.66138614388,True,False,4,SILVER,692.843172533237
2354,18698140,Wan,555,Belgium,Male,42,4,91790.58867523295,1,True,False,168443.6538513128,True,False,3,DIAMOND,587.1134411467084
4114,18703025,Somadina,641,Belgium,Male,44,4,135271.00323911518,0,False,False,143314.93398860603,True,False,1,PLATINUM,507.5422299751351
6893,18692235,Alexeyeva,573,Belgium,Female,40,9,123486.63821243512,2,True,False,164230.5869572744,True,False,6,DIAMOND,448.6122691565956
3079,18690381,Taylor,582,Belgium,Female,37,5,26521.02695141622,0,False,True,146229.1641821993,True,False,2,PLATINUM,314.07559017018497
1451,18608288,Hu,496,Belgium,Male,36,4,115125.66138558698,0,True,True,143333.8236599553,True,False,4,GOLD,318.18015288749285
10552,18834560,Green,669,Belgium,Male,34,3,87219.4576850119,0,True,False,156121.70229480608,True,True,2,DIAMOND,537.5736168468039
1296,18600136,Chinomso,574,Belgium,Female,32,5,136641.00222121913,0,True,True,114774.64560180386,True,False,2,PLATINUM,634.4803829986165
7478,18585315,Teague,709,Belgium,Female,33,7,208816.28226830225,0,False,True,129475.2337732481,True,False,0,PLATINUM,605.7757619866786
7342,18697243,Nkemakolam,655,Belgium,Male,42,7,55159.8355048343,1,True,True,143616.0081407139,True,False,2,GOLD,513.4890422740876
5271,18619327,Burns,572,Belgium,Male,30,4,68770.49781539157,1,True,False,129449.01179451734,True,False,5,PLATINUM,632.1163426766037
7395,18693618,Hung,532,Belgium,Female,42,6,144039.9542588622,0,True,True,150597.58121321126,True,True,4,DIAMOND,444.0443733822044
4124,18738510,Wang,583,Belgium,Female,40,8,105734.8888037358,1,False,True,120322.1196805535,True,True,1,DIAMOND,529.7259278598012
2919,18710744,Fiorentini,557,Belgium,Male,29,7,121331.25176118592,1,True,True,162262.9456899713,True,False,4,GOLD,474.6004644217599
2181,18617067,Chidozie,597,Belgium,Male,34,1,131684.45831221173,0,True,True,128406.51345694296,True,False,4,PLATINUM,365.594059360001
5634,18709200,Huang,541,Belgium,Female,38,5,152182.01911057375,1,True,False,147954.51145933277,True,False,4,PLATINUM,464.2119061592538
9348,18808281,Douglas,554,Belgium,Male,42,4,176518.37437415836,3,True,False,138912.75264895332,True,True,3,DIAMOND,378.51398686101993
6210,18651100,Davidson,622,Belgium,Male,34,0,167217.54031688604,0,False,True,125056.33208079108,True,False,5,SILVER,520.1198176338467
1021,18654086,Rossi,534,Belgium,Female,33,7,91413.56174598544,1,True,False,139374.4223676136,True,False,2,GOLD,537.211261889978
4802,18708974,Ramos,558,Belgium,Male,42,4,16886.42844095328,3,True,True,140107.43600742586,True,True,1,GOLD,461.7489106691179
10737,18695157,Onyekachukwu,607,Belgium,Female,35,3,72129.36490523504,0,False,False,139667.24809831844,True,False,4,SILVER,467.6067387504985
4903,18561477,Kerr,579,Belgium,Male,31,4,89065.8645265555,2,True,True,142833.6321027164,True,True,3,DIAMOND,640.4231924186703
5859,18601876,Chizuoke,613,Belgium,Male,38,-1,35863.237945904446,0,True,True,155364.28319965952,True,False,0,SILVER,640.6231486150233
7317,18593053,Akhtar,507,Belgium,Female,44,1,52736.64006234231,1,False,False,131320.06484089748,True,True,3,DIAMOND,588.1868115691872
9130,18658360,Barling,589,Belgium,Female,33,6,116622.9503744983,2,False,False,143479.45122504453,True,False,4,SILVER,358.0051791914454
6377,18671104,Otutodilichukwu,557,Belgium,Male,34,7,43706.59200471773,1,True,True,147361.93319100846,True,True,2,DIAMOND,240.8641053999605
4251,18799858,Chiekwugo,620,Belgium,Male,37,7,157751.5097472526,2,True,False,148170.07812695473,True,False,4,DIAMOND,389.68045193131127
1682,18675941,Pirozzi,635,Belgium,Male,43,3,132528.5765641511,1,True,True,120870.82049165308,True,False,1,GOLD,374.77534338120745
3565,18624150,Fan,630,Belgium,Male,36,2,120484.66173013712,1,False,True,144667.57235047463,True,False,2,GOLD,486.0957704333757
3615,18749895,Browne,613,Belgium,Male,37,9,96613.856413294,1,True,True,129793.87497043946,True,False,3,GOLD,666.8204338956533
6902,18660086,Mills,602,Belgium,Female,29,0,91329.8383701742,0,True,False,116782.59380208972,True,False,1,DIAMOND,469.6368942208812
9624,18816602,Wei,564,Belgium,Female,40,0,138836.28077278976,0,True,True,145718.5499939387,True,False,0,DIAMOND,338.38215170695054
6071,18595307,Foster,595,Belgium,Female,43,1,42701.1406213888,1,False,True,120976.711477188,True,True,4,GOLD,650.2165518764834
7365,18694802,Chiazagomekpere,597,Belgium,Female,37,0,144523.32822766498,1,True,False,132304.67739642202,True,False,2,SILVER,556.1696691631255
11265,18728683,Udinesi,536,Belgium,Male,33,11,89708.4926334243,1,False,True,175645.69099773862,True,False,1,DIAMOND,637.4480537755546
255,18653998,Hawkins,627,Belgium,Female,37,2,138132.0532428198,1,False,True,128457.73048594195,True,False,3,PLATINUM,167.797050000916
5758,18677871,Manna,689,Belgium,Female,40,7,204301.6335490432,0,True,False,146408.33001438846,True,True,0,PLATINUM,253.6612436155293
1162,18788236,Pisano,532,Belgium,Female,45,6,93279.04465867217,0,True,False,140809.8489297294,True,False,4,SILVER,412.3404105485292
-744,18704663,Tseng,575,Belgium,Female,37,5,194129.2475015717,0,True,True,157468.7217030083,True,False,2,DIAMOND,509.6850578076728
2274,18695874,Morey,583,Belgium,Female,29,8,117185.1042690149,0,False,True,147358.76757682915,True,False,1,GOLD,453.7671680513764
4625,18615232,Uwaezuoke,586,Belgium,Male,34,4,135206.8843231022,1,True,False,165995.90713549824,True,False,3,SILVER,641.3951936420265
7295,18787462,Alexander,557,Belgium,Female,36,1,64605.33023130734,3,True,False,108310.14209653049,True,True,2,PLATINUM,625.0341812884432
2142,18563952,Mai,599,Belgium,Female,37,5,66149.29162226082,1,True,True,130883.7176890157,True,False,3,DIAMOND,513.240501088157
1604,18662644,Thompson,523,Belgium,Female,47,10,162132.17641315868,1,True,False,158487.4743623003,True,True,2,PLATINUM,355.6857042688824
2209,18749901,Hancock,614,Belgium,Male,40,6,160555.10266418217,1,True,True,154469.0229267013,True,True,1,SILVER,482.3386615830845
6667,18540744,Barry,593,Belgium,Male,37,8,144361.05477579575,0,True,False,161870.11380364303,True,True,3,SILVER,559.1660194134088
8462,18631360,Henderson,546,Belgium,Male,38,0,178259.29286877142,2,True,True,145289.89132720654,True,False,3,PLATINUM,664.3959190356113
5510,18576314,Graham,535,Belgium,Female,30,9,154875.00804615102,1,True,True,170636.67005027554,True,True,1,SILVER,248.50928802362245
6485,18709540,Williams,619,Belgium,Female,45,3,47307.19981014654,1,True,False,122745.2260359739,True,False,5,PLATINUM,603.2539631257439
9321,18521697,Taplin,582,Belgium,Female,31,7,132445.2646159308,1,True,False,129877.86850499715,True,False,3,SILVER,319.0884595481116
6226,18644228,Davies,556,Belgium,Female,38,1,117291.33497900216,0,False,False,129661.04038939766,True,False,4,PLATINUM,296.17057385439045
441,18771962,Patterson,595,Belgium,Female,38,7,106023.65321147542,1,True,True,149356.38319215985,True,False,4,GOLD,494.8013256357293
2684,18634455,Yin,551,Belgium,Male,34,5,144750.18347589826,1,True,False,139033.64065629843,True,True,5,DIAMOND,542.8928343800981
2150,18840702,Moss,652,Belgium,Male,35,3,150474.98558737084,1,True,False,140471.32634778865,True,False,1,PLATINUM,459.770240592183
6074,18803352,Hirst,612,Belgium,Female,34,1,140183.20532215983,1,False,True,125538.50634821116,True,False,4,DIAMOND,489.8043220675993
3371,18720663,Padovesi,422,Belgium,Female,35,4,64766.741619862296,0,False,True,23799.23432272708,False,False,5,GOLD,481.56517509616936
3368,18583118,Butusov,545,Belgium,Female,45,8,160369.817470203,1,True,True,27135.24580763883,False,False,4,GOLD,402.90030488413095
8348,18690155,Otutodilichukwu,408,Belgium,Female,42,3,184386.31094856892,0,False,False,9921.781569506644,False,True,4,SILVER,436.659576890379
7820,18655918,Oluchukwu,378,Belgium,Male,43,3,58615.70458287509,4,False,True,23338.80548084583,False,True,4,PLATINUM,594.9072455750771
2150,18742157,Huang,363,Belgium,Male,44,5,125185.6431818863,2,True,True,17939.82229676894,False,False,2,PLATINUM,505.5370833603519
6137,18648438,Cross,522,Belgium,Female,40,1,156824.88299552668,3,True,True,17840.638528318617,False,True,5,PLATINUM,409.4748677667799
8915,18623642,Feng,360,Belgium,Male,41,3,70894.83441539263,1,True,True,18024.177940399484,False,False,5,DIAMOND,803.7242005493993
1365,18662964,Clayton,391,Belgium,Male,56,6,168142.31455770935,0,False,False,29685.334065498995,False,True,2,GOLD,351.8780504831582
8527,18807704,Hussain,367,Belgium,Male,48,3,91459.89074728478,1,True,True,17873.780678890584,False,False,4,PLATINUM,541.0942210534226
2648,18756520,Stevens,446,Belgium,Male,35,4,143003.32620937,0,True,True,18767.01302973728,False,True,2,SILVER,331.6891298615461
5435,18869584,Wall,527,Belgium,Male,47,9,49720.20912904175,2,True,True,17548.561982654377,False,False,4,GOLD,500.92821845333
5935,18873966,Scannell,294,Belgium,Female,38,0,153024.77460706074,0,True,False,23803.126322414355,False,True,2,DIAMOND,537.5788809223474
9902,18745099,Clapp,444,Belgium,Female,42,4,183562.790084462,1,False,True,15888.92724646687,False,False,3,PLATINUM,538.2785902783945
3504,18636237,Endrizzi,496,Belgium,Male,42,2,96880.01277949769,1,True,False,22575.48561399405,False,False,2,SILVER,546.3408641267025
1219,18652310,MacDonald,444,Belgium,Male,49,9,58631.34409527849,0,True,True,20389.54842111342,False,False,1,PLATINUM,497.84522771073927
11016,18658736,Zhdanova,436,Belgium,Male,43,7,156051.99941699364,1,False,True,19468.45540359421,False,False,5,DIAMOND,512.2572978523652
5660,18581488,Iloerika,518,Belgium,Male,45,0,161048.90838306065,2,True,True,18463.142379425968,False,False,0,SILVER,448.1270073885231
10045,18650032,Piccio,369,Belgium,Male,49,6,159529.5388627172,1,True,False,22092.68056684493,False,False,4,PLATINUM,185.27892846623865
7852,18784073,Yen,483,Belgium,Male,40,7,122843.90196183969,0,False,False,16602.876939098005,False,False,2,SILVER,512.4633498755958
6406,18658343,Dyer,517,Belgium,Female,45,7,71902.10433807249,1,False,True,18043.366425988595,False,True,1,PLATINUM,429.9541398812496
7794,18763336,Knight,584,Belgium,Male,44,5,137664.5536747776,0,False,False,12672.52193801687,False,False,4,SILVER,344.3951613707102
5668,18565422,P'an,394,Belgium,Male,47,7,97385.78273605974,1,True,True,18681.37111277354,False,False,2,DIAMOND,496.2952967648189
8676,18686686,Piccio,573,Belgium,Male,51,8,99470.70960131186,1,True,False,24681.207445475244,False,False,6,PLATINUM,616.2161097438166
4510,18603918,Bracewell,494,Belgium,Female,51,3,73365.15107909888,0,False,False,23195.23375478654,False,True,3,SILVER,562.99723309483
4417,18626527,Mazzi,423,Belgium,Male,43,6,220498.0494740452,1,True,False,18079.36776910297,False,False,0,DIAMOND,443.5722359056645
8951,18788299,Fiorentini,457,Belgium,Male,56,8,228894.7752542551,0,False,False,23611.856989708933,False,False,3,PLATINUM,215.71035834445263
2130,18830566,Leibius,412,Belgium,Male,42,1,79514.4654593347,0,False,True,21032.13933356964,False,False,3,GOLD,664.6316846729804
3631,18651234,Yates,397,Belgium,Male,52,9,202931.5570060116,1,False,True,14430.64203845837,False,False,3,SILVER,270.4726147712822
1481,18765062,Dubinina,491,Belgium,Male,44,1,109115.89856177948,0,False,False,25909.863710114547,False,True,3,GOLD,379.2187818045242
5471,18597025,Sergeyev,458,Belgium,Male,42,3,153449.68070853333,0,False,True,22853.867838531685,False,False,3,DIAMOND,570.0563084172494
-376,18702019,Chukwualuka,411,Belgium,Male,35,8,84489.47829073234,1,True,False,20257.853825412825,False,False,3,DIAMOND,690.5396812104942
6617,18581547,French,362,Belgium,Male,40,3,137054.31458106215,0,False,True,21221.389712534987,False,False,1,SILVER,461.613041872604
4068,18851897,Darwin,388,Belgium,Male,46,3,106353.8050757222,0,True,False,13887.759924215146,False,False,1,PLATINUM,341.28131608666
3319,18794043,Wu,540,Belgium,Male,38,3,111440.88650206174,1,False,True,12723.05578919737,False,False,5,GOLD,378.08783377351455
7232,18768753,Ch'ang,467,Belgium,Male,38,10,181256.46599180423,2,False,False,10578.967269163251,False,False,1,GOLD,575.6478292595708
4472,18752196,Carpenter,487,Belgium,Female,45,2,51463.27114663562,1,True,True,18137.069327908288,False,False,2,PLATINUM,552.9481814228956
9674,18670409,Genovese,437,Belgium,Male,41,6,172037.30631456897,1,False,True,16088.659799388375,False,False,3,PLATINUM,508.5867773905656
7578,18756023,Stone,444,Belgium,Male,49,0,50854.97388367262,2,False,False,25616.508323343187,False,False,1,SILVER,607.0594616643153
9435,18804735,McNaughtan,424,Belgium,Female,53,3,11842.588283245115,1,True,True,23495.13722609605,False,False,3,GOLD,597.9880449050627
5008,18619955,McKenzie,461,Belgium,Male,43,5,157954.02578484462,2,False,False,17119.568318322286,False,False,2,SILVER,360.6421674506761
373,18779811,Maccallum,399,Belgium,Female,48,2,151823.35250222537,1,True,True,21022.71709986491,False,False,6,PLATINUM,621.1639519524151
8082,18661062,Olisaemeka,600,Belgium,Male,44,6,76422.25014814275,1,True,True,23631.481737948987,False,False,1,SILVER,470.6013079364433
6049,18686961,Folliero,450,Belgium,Female,49,10,193191.91622744928,0,False,True,19429.71441332881,False,False,3,SILVER,517.9435924693787
11230,18698226,Boni,478,Belgium,Female,41,8,121321.80101332668,1,True,False,26265.162784611388,False,False,1,SILVER,334.53725250663285
3713,18614910,Cremonesi,287,Belgium,Male,47,1,141182.54009492515,0,True,False,16960.81741342905,False,False,2,GOLD,484.0406257724805
8590,18693611,Barnes,445,Belgium,Male,35,1,109632.18416320924,2,True,True,25482.58842659494,False,False,3,SILVER,271.1861351606916
8488,18651439,Maslow,466,Belgium,Female,48,-1,162117.46192319557,0,True,True,18969.246969694053,False,True,1,DIAMOND,478.7839427892776
-228,18689800,Allen,513,Belgium,Male,40,8,130631.2887650998,1,False,True,20762.615918154843,False,False,2,SILVER,534.0495515235483
-996,18804198,Angelo,441,Belgium,Female,40,8,135139.40849827166,1,False,True,17908.81204575252,False,False,3,GOLD,472.09114056570695
4610,18695217,Dore,421,Belgium,Male,41,10,187218.73012168065,0,True,True,26112.200739193024,False,False,2,GOLD,315.50196640490225
6687,18605648,Findlay,487,Belgium,Female,47,7,63586.03536926727,1,True,True,21629.041595501927,False,False,4,DIAMOND,567.6567519960037
2576,18655144,Niu,444,Belgium,Female,48,0,143297.10177269866,1,True,False,20069.09002260822,False,False,5,SILVER,531.5360728136332
10331,18652890,Ferguson,352,Belgium,Female,34,4,110064.67443194914,1,False,False,19818.381795476434,False,True,1,DIAMOND,495.37547190440654
6088,18689127,Gibbons,503,Belgium,Female,48,10,164999.68325677508,1,False,False,21894.03678448608,False,True,2,SILVER,565.0904678960691
8996,18606092,Brown,404,Belgium,Male,34,10,102517.56922121569,1,True,True,13571.111018426036,False,False,2,SILVER,321.1949077494886
3923,18751513,Gerasimov,383,Belgium,Male,49,6,152801.44027806428,1,False,True,25675.10115807915,False,False,3,DIAMOND,258.8481983990995
2488,18721788,Onyekachi,398,Belgium,Female,54,0,56861.142906441964,3,False,True,17682.83866723745,False,False,4,DIAMOND,557.8642850229785
4307,18606582,Adams,425,Belgium,Male,35,2,54408.65415333945,0,True,False,19328.36571926807,False,True,3,PLATINUM,651.3331403289426
8291,18623015,Ulyanova,336,Belgium,Female,38,4,114156.91774818736,0,False,True,13774.425336383092,False,False,2,DIAMOND,391.4914109510879
181,18784938,Lucciano,464,Belgium,Female,41,6,79153.46496602983,1,True,False,13401.882453344657,False,False,1,GOLD,395.6706516064879
3609,18719375,Boyle,444,Belgium,Female,41,4,35594.282019016566,1,True,True,24636.919696818284,False,True,3,DIAMOND,750.3658977212617
3745,18784704,Pisani,461,Belgium,Male,47,4,-3839.233263152433,0,True,False,11592.849882518569,False,False,0,GOLD,606.2834774442454
4028,18704806,Alekseyeva,464,Belgium,Male,36,1,81149.8776971009,0,True,False,20458.30002897776,False,False,6,PLATINUM,689.8100915935395
4078,18796862,Gunson,467,Belgium,Male,51,6,72016.48960655993,1,True,False,29067.331626701736,False,False,2,SILVER,382.2856568192802
2495,18766210,Davidson,453,Belgium,Male,48,0,87236.44424961142,1,True,True,10245.58485608893,False,False,3,DIAMOND,188.2947428127252
7969,18602226,Mai,476,Belgium,Male,43,3,173051.7213191199,1,True,True,27790.0479318092,False,False,0,DIAMOND,353.2667122977696
3425,18556088,Golubev,348,Belgium,Female,38,2,41366.49586157425,0,True,False,21037.53836870446,False,False,1,GOLD,377.4839738528052
647,18566852,Ts'ai,435,Belgium,Female,37,0,63561.09215087113,2,True,True,21714.27708056205,False,False,3,PLATINUM,586.2774690494598
2861,18911336,Grant,464,Belgium,Male,42,5,78508.72153166804,2,True,False,28017.116105875462,False,False,6,GOLD,455.3236688840876
4174,18786862,Fiorentino,435,Belgium,Male,52,7,117733.1405744814,1,True,False,18605.16135555598,False,True,3,GOLD,511.0057834221938
8427,18734977,Ma,402,Belgium,Male,46,8,42016.65025050397,0,True,True,24704.865394864435,False,False,4,GOLD,431.27719401562047
3373,18671069,Tang,419,Belgium,Male,43,4,134737.83966676338,1,True,True,18109.772845577187,False,False,5,SILVER,437.8421587605576
2620,18785168,Liang,525,Belgium,Male,34,1,89624.50141227672,1,True,True,28418.695527279106,False,False,6,GOLD,401.3047302294223
6764,18721255,K?,462,Belgium,Male,44,5,116331.60009129232,2,True,True,26642.33482501572,False,False,2,GOLD,486.3852375547622
2020,18659879,Bruce,397,Belgium,Male,60,1,65007.657846929455,2,True,False,28963.980022507552,False,False,2,PLATINUM,500.7157805056125
125,18672255,Golovanov,410,Belgium,Male,40,1,210858.1241315079,1,False,False,10514.83840361518,False,False,2,SILVER,511.0412454811329
4269,18612831,Dean,435,Belgium,Male,42,5,161139.8297879919,1,True,True,20696.976517911324,False,True,3,GOLD,434.0318339876284
-49,18731783,Tyndall,501,Belgium,Male,51,2,220308.9133826973,1,True,True,24343.485863003265,False,False,1,DIAMOND,651.9533524754363
1738,18662963,Azubuike,540,Belgium,Female,48,1,144603.30788478302,2,True,False,14770.133729607416,False,False,1,SILVER,572.4307188092399
7556,18694319,Benson,412,Belgium,Female,44,10,148536.68067713673,1,True,True,15058.99397476522,False,False,3,PLATINUM,404.8591845064572
4459,18769472,Vincent,440,Belgium,Male,34,10,136738.71137080836,0,True,True,27312.06181117112,False,False,3,SILVER,539.2663819495555
1674,18763820,Patterson,467,Belgium,Female,49,7,101421.6318209586,2,True,True,16834.898541572165,False,False,5,GOLD,529.687583232322
-1156,18598933,Golubova,406,Belgium,Female,49,4,110737.43195181564,1,True,False,22879.873279332485,False,False,4,GOLD,644.0200529422
8575,18711029,Howells,426,Belgium,Female,37,2,128881.87487105136,0,True,False,24566.984287982246,False,False,1,PLATINUM,649.8864807885859
6662,18630264,Bulgakov,467,Belgium,Female,49,0,152994.15937212922,1,True,True,18110.847958535443,False,False,2,GOLD,470.6841400666325
3355,18714361,Lu,416,Belgium,Female,55,5,115916.167014515,0,True,False,20199.70701991317,False,False,0,SILVER,521.5138144098778
8202,18795403,Grant,454,Belgium,Female,47,7,133575.08031903076,1,True,False,15906.9002367068,False,False,3,GOLD,657.287988345008
3823,18760925,Evseev,483,Belgium,Female,48,8,104007.4803379992,1,True,True,22978.924724897977,False,False,3,DIAMOND,406.7874400223226
-1747,18558745,Maclean,424,Belgium,Female,42,7,102855.78341647465,0,True,False,17947.978599163005,False,True,5,DIAMOND,407.063048950389
4644,18759898,Ikedinachukwu,475,Belgium,Female,48,6,96695.03750956606,1,False,True,22916.402434538188,False,True,2,PLATINUM,365.2727012939668
7307,18618377,Fleming,327,Belgium,Male,37,5,3737.137243728401,0,True,True,27772.484112867936,False,False,1,PLATINUM,669.2663559689893
4006,18634715,Fedorov,380,Belgium,Female,44,8,31070.77277979005,2,True,False,21502.471485266607,False,True,4,PLATINUM,584.1693411605621
9146,18831944,Landor,375,Belgium,Male,43,3,93475.1354086518,2,True,False,18408.39996984796,False,True,2,PLATINUM,596.845604398061
2211,18632983,McEwan,490,Belgium,Female,37,2,145980.177962969,1,True,False,18217.53657619052,False,False,1,SILVER,533.4484522112557
3953,18746055,Bromby,489,Belgium,Female,39,6,73199.51410868888,3,True,True,15598.195980375236,False,True,3,DIAMOND,411.40883066893525
-1242,18635168,Lo,515,Belgium,Female,47,6,151093.4175722886,1,True,False,25166.126885738573,False,False,1,PLATINUM,262.0278442382262
-603,18761831,Longo,458,Belgium,Female,38,7,111460.97875332268,1,True,True,26966.45761895258,False,False,6,GOLD,448.88338583884587
1356,18727428,Lucchese,438,Belgium,Male,42,0,146864.36281484147,1,False,True,11476.574421022313,False,False,1,DIAMOND,503.9741419013256
1072,18771201,Biryukov,439,Belgium,Male,50,7,108413.46784534556,0,True,True,18046.086780252022,False,False,2,GOLD,510.4672869204208
10225,18612692,Upchurch,443,Belgium,Female,42,6,52186.960800191744,1,True,True,16662.703013941325,False,False,3,SILVER,517.2060647267273
4877,18783019,Chukwukere,481,Belgium,Male,35,7,95857.25854782067,1,False,True,17606.446662434068,False,False,4,DIAMOND,622.9570236090505
8102,18643933,Matthews,484,Belgium,Male,51,3,139103.60681233197,1,True,True,15774.824031671067,False,False,1,SILVER,398.8077512312647
11142,18808005,Bryant,349,Belgium,Female,51,9,76249.897477916,0,True,False,19809.2373739732,False,False,2,GOLD,580.493736617055
6650,18802566,Longo,454,Belgium,Male,61,9,30471.01128123385,0,False,True,20885.18762378492,False,True,1,PLATINUM,586.4791591262765
264,18784580,Lueck,390,Belgium,Male,42,7,149865.99770784867,1,True,True,10671.274353841523,False,False,2,PLATINUM,336.6917429549933
-22,18633164,Bell,435,Belgium,Male,46,3,125081.94193828908,1,True,True,23097.58956179992,False,False,4,GOLD,449.7289636029652
3631,18638290,Tai,489,Belgium,Male,39,4,90709.7892708526,1,True,False,16771.925785698542,False,False,4,GOLD,371.63199487573166
3315,18660578,Cox,495,Belgium,Female,45,2,108330.61233709838,1,False,False,23874.646177432827,False,False,3,GOLD,408.5172472320576
10183,18735393,Ijendu,436,Belgium,Female,42,1,141670.46612196683,1,True,True,19761.89313787569,False,False,6,PLATINUM,317.581517535558
3176,18728380,Horrocks,385,Belgium,Female,41,-1,138607.56694185096,1,True,True,17502.138894185693,False,True,4,SILVER,549.2509636078231
7572,18649256,Buccho,450,Belgium,Female,42,3,155699.81639982376,2,False,False,20196.696940837224,False,False,7,PLATINUM,441.087528191016
4056,18745472,Kay,494,Belgium,Male,52,9,50093.67799494861,1,True,False,23098.224703493648,False,False,5,PLATINUM,654.9042436677362
9312,18656548,Allan,469,Belgium,Male,36,4,119876.44489788402,2,False,False,19561.857816244003,False,False,3,SILVER,408.0340952850808
7502,18646995,Ko,497,Belgium,Male,53,5,66172.23409337847,2,False,True,18616.41120985972,False,True,2,PLATINUM,546.7715013852411
7310,18594356,Adams,419,Belgium,Male,56,8,106418.09170525636,2,True,False,15312.255671910272,False,False,3,DIAMOND,366.8764208393554
1565,18669056,Kudryashova,483,Belgium,Female,47,0,40881.576889799326,0,True,True,29625.091085843665,False,False,3,PLATINUM,531.12791912152
7679,18683205,Lo,480,Belgium,Male,39,9,195316.265169031,2,True,False,23283.952634691526,False,True,5,SILVER,455.0039639363618
4506,18629151,Mitchell,421,Belgium,Male,51,6,53435.21002534345,0,False,False,10281.94622360968,False,False,1,GOLD,318.24121070435814
6576,18787312,Earle,501,Belgium,Female,41,7,73065.81941533988,1,False,True,24346.79261912856,False,False,5,SILVER,418.1976723652329
179,18733854,She,522,Belgium,Female,44,10,129964.01351102607,1,False,True,23125.662248287103,False,False,2,GOLD,381.27985033091807
5629,18801712,Nwora,475,Belgium,Female,49,5,154726.59528704363,1,True,False,15934.264554541598,False,False,1,SILVER,385.3791160011192
1274,18577065,Giordano,466,Belgium,Female,43,3,57777.70583660423,2,True,True,19612.64985544916,False,False,1,PLATINUM,590.8105905202435
8653,18549334,Rizzo,425,Belgium,Female,42,11,54557.39096454176,2,False,True,10863.300311608027,False,False,2,DIAMOND,638.4676126182912
0,18668752,Zuyev,507,Belgium,Male,42,7,-11767.823997040832,1,True,False,25918.15347118946,False,True,2,PLATINUM,341.33110867673304
6063,18782591,Y?an,386,Belgium,Female,41,3,77542.75479462973,1,True,False,21485.95114701656,False,False,1,PLATINUM,516.8049938072934
3265,18710378,Sadler,428,Belgium,Male,45,1,31536.262897718712,1,True,False,26805.314134969507,False,True,3,PLATINUM,495.5603034845981
2008,18736464,Nicholls,391,Belgium,Female,44,3,89807.05003524394,2,False,True,19414.226842759763,False,False,3,SILVER,575.9163644418045
9762,18691762,Johnston,441,Belgium,Male,51,3,27135.98352807473,2,False,True,7038.392796383168,False,False,3,PLATINUM,639.9365274470434
10435,18603547,Pagnotto,513,Belgium,Male,50,7,86181.31653025628,0,True,False,19833.22354590956,False,False,3,SILVER,559.6930583128066
6222,18568455,Graham,388,Belgium,Female,50,11,135027.4345780311,1,True,True,22202.87276348836,False,True,2,SILVER,312.917179304535
4903,18797029,Briggs,522,Belgium,Male,43,0,96955.44653803384,2,True,True,20244.465499695503,False,False,1,GOLD,451.2411074685291
8308,18759449,Buccho,378,Belgium,Female,43,10,40863.23867874911,2,False,True,23324.84436601728,False,False,3,DIAMOND,633.4484679228626
4135,18747222,Okwudilichukwu,379,Belgium,Male,43,5,88154.71295066342,1,True,False,26392.283140243308,False,False,0,GOLD,418.0842087786489
1075,18851675,Hale,474,Belgium,Male,26,9,103769.9517706044,1,True,True,18509.08927527874,False,False,2,DIAMOND,524.2531088724648
955,18743167,Su,482,Belgium,Male,41,4,152180.07772887635,0,True,False,27021.15874787855,False,False,3,PLATINUM,558.1905160417102
11163,18594813,Riley,503,Belgium,Female,48,10,55921.56087558014,2,True,True,24127.46345849369,False,False,4,SILVER,643.0886728919711
-930,18640606,Rowley,429,Belgium,Male,35,10,152994.2061884231,2,True,False,29207.67150685327,False,False,1,DIAMOND,402.4551374125094
7640,18622098,Ting,445,Belgium,Female,38,5,130086.7755649959,3,True,True,31191.61481993941,False,False,3,SILVER,347.5623684136009
3574,18652273,Gerasimova,339,Belgium,Female,30,0,114760.61777765662,2,True,True,20875.24129946534,False,False,4,GOLD,485.8708433810812
7502,18650968,Conti,456,Belgium,Female,42,6,79272.98807865861,2,True,False,11540.23559198611,False,False,2,SILVER,455.3999061199229
-48,18679880,Lorenzo,508,Belgium,Male,39,7,175082.65691678517,2,True,True,20841.79625817923,False,False,1,GOLD,162.0653660711392
2842,18736269,H?,387,Belgium,Male,36,9,124235.815189177,1,False,False,21797.48839070957,False,False,4,SILVER,415.04937532758896
10468,18630021,Wang,395,Belgium,Male,47,2,89058.25124188741,2,True,True,21895.016175652647,False,False,3,GOLD,631.7035703004555
6001,18682167,Abramovich,456,Belgium,Male,56,1,158722.9613490562,1,False,True,25614.56096373693,False,True,1,DIAMOND,651.6919544090033
4305,18774868,Hughes-Jones,508,Belgium,Female,40,4,97049.27798938462,2,True,False,19884.88289557565,False,False,0,DIAMOND,678.7530875169202
5384,18582096,Hsu,417,Belgium,Male,42,3,117460.14103812967,2,True,True,12309.4973149024,False,False,1,DIAMOND,488.2866767168932
1096,18724985,McCaffrey,451,Belgium,Male,51,8,83367.56412560695,2,True,True,23138.641825541923,False,False,5,SILVER,515.1938166885718
1466,18758136,Khan,388,Belgium,Male,44,0,131287.32832197833,1,True,True,15569.129749360372,False,False,0,DIAMOND,493.9273176391473
7678,18558271,Patel,513,Belgium,Female,53,4,61200.37422142498,0,True,True,20805.776094318044,False,False,2,SILVER,481.5284345312939
1316,18711923,Kodilinyechukwu,490,Belgium,Female,51,5,144481.2813117736,1,False,True,14060.796346099056,False,False,3,SILVER,295.62529536582474
4347,18751237,Achebe,376,Belgium,Male,51,9,194988.4207087301,1,False,True,25180.62019083777,False,False,2,DIAMOND,455.34566542769954
3739,18570041,Ni,397,Belgium,Male,43,3,99586.50761090653,0,True,True,27614.42569500801,False,False,4,GOLD,421.4043259056212
9076,18637453,Campbell,354,Belgium,Female,42,8,87289.33213296642,1,True,True,25175.081761210604,False,False,2,GOLD,582.7742984593013
937,18676072,Standish,481,Belgium,Male,49,6,213763.1972282815,1,False,False,11430.651431178234,False,False,4,GOLD,531.381499081109
-1378,18584061,Wright,559,Belgium,Female,48,1,122138.1978986478,2,False,True,17812.680623860786,False,False,3,GOLD,468.1977728780216
8713,18865489,Rivers,398,Belgium,Male,63,8,61495.2251474853,1,True,True,27128.975842022384,False,False,1,PLATINUM,573.8259520229217
9555,18733010,Butusov,518,Belgium,Female,41,9,59028.06093062651,0,False,False,27112.768227213444,False,False,5,SILVER,549.8971816212647
6490,18704931,T'ien,495,Belgium,Male,47,2,30586.75658286259,2,True,True,19322.26251938021,False,False,4,SILVER,643.1714423703656
8697,18623373,Harrell,366,Belgium,Male,38,6,188901.30419216995,0,True,False,22374.87208112661,False,False,4,PLATINUM,439.7627378162075
3066,18672803,Feng,473,Belgium,Male,49,7,101190.74476595546,2,True,False,25499.59229569484,False,True,1,PLATINUM,550.1502049266825
1930,18641727,P'eng,383,Belgium,Female,36,0,58894.03265192879,1,False,True,33883.39140299085,False,False,4,PLATINUM,569.2113399709195
2590,18775498,Keeley,397,Belgium,Male,42,7,127808.4750399537,1,False,True,26189.78288191859,False,True,3,DIAMOND,415.66788250590594
8081,18774423,Leworthy,417,Belgium,Male,44,1,77875.55122351559,2,True,False,16149.890134633892,False,False,4,SILVER,583.558143170728
4687,18775165,Sinclair,464,Belgium,Male,44,0,90224.66550295646,0,True,True,15229.309980759455,False,False,0,SILVER,640.4460095970827
8411,18557114,Fyodorova,406,Belgium,Male,52,6,146380.9064969965,0,False,False,22761.02200121176,False,False,5,SILVER,446.85217440581016
5720,18574849,Denisov,370,Belgium,Male,47,6,63402.756576453714,0,True,False,17092.741338846135,False,True,2,DIAMOND,677.6848902005471
8443,18700546,Nkemdilim,346,Belgium,Female,45,0,10921.584968554856,1,True,True,6616.72459460575,False,False,3,SILVER,590.7274879465914
8320,18774204,Thorpe,465,Belgium,Male,50,7,78564.23687545829,2,True,True,11444.927108823396,False,False,2,GOLD,652.1021171760779
5630,18664332,Riley,389,Belgium,Female,45,2,113309.80832051372,1,False,True,15548.848322307722,False,False,5,SILVER,519.7821330958283
5692,18809146,Carroll,321,Belgium,Male,41,7,104091.63485590866,2,True,True,17892.33657406099,False,False,1,SILVER,388.18918180236665
2233,18756276,Lysaght,388,Belgium,Female,44,6,194799.6783885616,1,True,False,15625.623386749472,False,False,0,DIAMOND,590.7055324214351
8843,18598719,Brookes,502,Belgium,Female,41,0,175273.1560192329,0,False,True,18982.61788756296,False,False,0,PLATINUM,551.2556060203756
-28,18778556,Sal,424,Belgium,Male,49,5,76628.12520787174,2,True,False,21192.060871947782,False,False,4,GOLD,376.48741853093975
11724,18579434,Sung,435,Belgium,Male,53,7,62443.83857898702,0,True,True,19891.29309582129,False,False,0,SILVER,503.01882359337526
5641,18692275,Bergamaschi,481,Belgium,Female,34,5,66721.88627234021,2,True,True,23078.072195866705,False,False,3,GOLD,315.6731207224109
1582,18674535,Trevisan,455,Belgium,Female,42,2,139444.39604098632,1,True,True,32143.53875488725,False,False,2,SILVER,338.6300177274566
2992,18810098,Powell,513,Belgium,Female,38,9,104332.95265749696,2,True,True,18743.81386507626,False,False,4,GOLD,306.11577366164096
5434,18760309,Nakayama,447,Belgium,Female,46,0,68311.5595710286,0,True,False,15476.835783836876,False,True,4,PLATINUM,243.12827543390696
5496,18683873,Fan,436,Belgium,Male,48,4,73522.72702666487,1,False,False,18440.470177187588,False,False,4,DIAMOND,608.4308185733794
6684,18844913,Chikwado,531,Belgium,Female,49,6,206094.60331847268,1,False,True,20641.681403024555,False,False,1,SILVER,476.6525707118116
9839,18648856,McIntyre,395,Belgium,Female,54,5,176894.2423240038,0,True,False,23915.56116331949,False,False,0,GOLD,489.6262851187323
4342,18567712,Butusov,505,Belgium,Female,52,7,146104.34458628253,2,True,True,27185.96058586892,False,False,3,GOLD,382.4370053771246
4131,18680000,Onio,470,Belgium,Male,52,12,143047.47055963145,2,True,True,25373.776289124853,False,False,0,DIAMOND,475.53549463016486
645,18564296,Jensen,463,Belgium,Female,44,8,195220.86698548443,2,True,False,24319.708157388777,False,False,5,PLATINUM,367.759404612686
8075,18790630,Burton,504,Belgium,Male,47,4,166861.84658974007,1,True,True,13873.721479825444,False,False,5,GOLD,409.00981923412746
3484,18720738,Mackenzie,434,Belgium,Female,42,1,153745.92024373612,0,False,False,8657.160933449131,False,False,5,PLATINUM,302.5883425385117
4945,18724965,Anayochukwu,405,Belgium,Male,46,7,149541.6246985668,1,True,True,25733.87279190765,False,False,4,SILVER,409.918185414239
2425,18752960,Russo,374,Belgium,Female,46,2,170578.7891911636,1,True,True,21620.103480051668,False,False,6,DIAMOND,201.5554815368788
5791,18562999,Daniels,447,Belgium,Female,42,1,140169.7286822633,2,True,False,18191.62573495726,False,False,3,GOLD,463.8793256562652
8742,18754075,Meagher,465,Belgium,Male,34,5,136352.2777680099,1,True,False,12029.576701917462,False,False,2,PLATINUM,440.5321533429472
6969,18732769,Slater,483,Belgium,Male,49,8,73610.8974962192,1,False,False,7934.690943632497,False,False,0,SILVER,223.63958202731789
2170,18775871,Hayes,390,Belgium,Male,43,4,43767.0745468861,2,True,True,17158.894056390727,False,False,0,GOLD,521.0384949472817
3883,18548647,Morgan,460,Belgium,Female,40,3,141790.30986333452,2,False,True,18489.862728767414,False,False,5,GOLD,501.6573447218783
1354,18704186,Hancock,520,Belgium,Male,46,5,125147.27041994769,2,True,True,10761.074358918007,False,False,0,GOLD,349.89634230324225
5401,18678697,Macknight,364,Belgium,Male,43,4,100006.71008033454,0,False,False,27733.51786058852,False,True,5,DIAMOND,707.3831617134796
4619,18669344,Cumbrae-Stewart,423,Belgium,Female,47,4,150216.9580212903,1,True,True,12371.837849036054,False,False,4,GOLD,531.3517529602703
4804,18664066,Chiekwugo,474,Belgium,Male,35,3,147471.75700005714,1,True,False,26659.533800992936,False,True,0,PLATINUM,301.0682227644493
5783,18657944,Glover,407,Belgium,Male,38,3,229226.07496858743,1,True,True,19260.26480154478,False,False,4,DIAMOND,364.6105823264834
5176,18726397,Agafonova,397,Belgium,Male,44,8,102541.10233410932,0,True,True,14016.791301401669,False,False,4,GOLD,457.4738341305851
6808,18734366,Ibekwe,424,Belgium,Male,48,5,161682.38317894936,1,True,True,18869.579283138384,False,False,4,PLATINUM,523.9938345830927
1266,18596737,Clark,399,Belgium,Male,48,11,166167.13842341097,1,False,False,20918.16140093185,False,False,3,GOLD,357.8906062523716
11849,18622166,Seleznyov,408,Belgium,Male,35,7,40935.18992769973,1,False,True,19603.37660299929,False,True,2,PLATINUM,333.0445195123564
8740,18737142,Mao,443,Belgium,Male,48,5,135573.53106311764,1,True,True,16015.970679027763,False,False,1,GOLD,503.95365490745087
9481,18718142,Lin,382,Belgium,Female,51,3,89259.57265810348,1,True,False,16289.932424358987,False,True,3,GOLD,371.69700512659824
3272,18643810,Lombardi,580,Belgium,Male,34,6,175517.20057338654,0,False,True,29507.37205658592,False,True,1,PLATINUM,535.2267716813936
7220,18814616,Fleming,457,Belgium,Female,46,1,109789.93169240178,1,True,False,14634.910957889202,False,False,0,DIAMOND,440.98036997416966
-1060,18699593,Taubman,382,Belgium,Female,36,2,150962.3279410615,0,True,False,18865.17102663398,False,True,1,PLATINUM,393.7153763809568
8386,18630849,Erskine,430,Belgium,Male,50,8,84746.57002242788,1,True,False,22943.977197344146,False,True,4,DIAMOND,543.3587725257981
1984,18565121,Simmons,435,Belgium,Female,46,6,122924.01906975463,1,True,True,24213.36165838934,False,False,2,GOLD,488.6448466941832
7297,18683005,Pisani,528,Belgium,Male,37,9,85169.55021742615,1,True,False,21708.814845561017,False,False,5,DIAMOND,406.5152218185823
5610,18651035,Cheng,402,Belgium,Female,36,7,214275.5196159701,2,False,False,16748.56545415775,False,True,2,SILVER,411.9153523727061
1658,18576964,Todd,440,Belgium,Female,43,0,68366.84710217452,1,True,True,17407.681880410255,False,False,2,PLATINUM,501.50053611593455
-658,18635793,Tang,441,Belgium,Male,40,5,40145.849093252335,1,True,True,17721.012634181596,False,True,4,SILVER,644.098353255992
10565,18677459,Boni,409,Belgium,Male,45,3,52736.43255175339,0,True,False,9368.145163410782,False,True,3,DIAMOND,482.2222820870493
5753,18620346,Ch'ang,406,Belgium,Female,47,9,73656.00142837611,1,True,True,22614.7214107468,False,True,4,PLATINUM,645.8557734848157
-243,18655442,Boyle,471,Belgium,Male,44,3,152487.4358317929,1,True,True,18538.457314929103,False,False,2,SILVER,597.3287382843861
4426,18661347,Fu,400,Belgium,Male,49,7,59093.37662745851,1,True,False,26673.52914577679,False,False,5,SILVER,461.6009712633767
10535,18661497,Wei,436,Belgium,Male,41,1,129957.42288850444,1,False,False,20478.16924562743,False,False,3,SILVER,544.3522142190033
4746,18731038,Thornton,433,Belgium,Male,48,3,92410.0157150404,1,False,False,20689.70525048028,False,False,0,PLATINUM,581.233662223379
7722,18616142,Tokaryev,521,Belgium,Male,51,4,176862.9273858339,1,False,False,25435.579272367828,False,False,3,GOLD,399.6249475771646
6561,18773903,Kao,507,Belgium,Female,38,6,170121.70644443555,0,False,False,16734.348994243974,False,False,1,DIAMOND,514.1717086060584
8582,18527991,Webb,485,Belgium,Female,34,2,191467.7975131297,0,True,True,15202.884094795783,False,True,0,DIAMOND,479.4132006967336
1903,18723422,Calabresi,518,Belgium,Female,52,9,76982.54216409619,0,True,True,22897.67518966483,False,False,1,GOLD,364.7486622833619
8191,18580711,Douglas,526,Belgium,Female,41,4,-4317.073484213161,0,False,True,25625.80767662312,False,False,4,DIAMOND,616.7511578841611
4239,18681347,Grosse,509,Belgium,Male,46,10,100929.51497376696,1,True,False,25340.865699034544,False,True,3,PLATINUM,238.0741037311871
12061,18582114,DeRose,486,Belgium,Female,52,5,65020.86064610229,1,False,True,20114.936667798745,False,False,4,GOLD,541.6236662069097
-190,18691191,Mistry,508,Belgium,Male,44,7,72389.20676745038,1,True,False,18981.45103186377,False,False,4,PLATINUM,571.8511519296002
8057,18690629,Chukwuemeka,407,Belgium,Male,42,4,173816.44795078156,2,True,False,17917.199516405955,False,False,2,SILVER,448.8550514949673
8285,18784032,Robertson,436,Belgium,Female,54,5,142068.2649396703,2,True,False,16827.23347766177,False,False,1,DIAMOND,364.6559870962732
7116,18806013,Kirillova,413,Belgium,Male,55,2,166214.90826991125,2,False,False,23920.008524175664,False,False,3,DIAMOND,472.8146249700101
316,18580937,Chidiegwu,538,Belgium,Female,37,0,106225.86209640828,1,True,False,18115.96854704274,False,True,1,PLATINUM,394.8313921372085
7973,18768977,Hill,569,Belgium,Female,38,5,182011.36460846016,2,True,True,22663.34848664282,False,False,2,SILVER,548.7120379457068
-456,18727290,Osborne,438,Belgium,Female,39,2,57140.60160136058,1,True,True,20157.894284754657,False,False,2,PLATINUM,576.3531287735357
365,18669650,Onwuatuegwu,483,Belgium,Male,41,0,169065.1348949033,1,True,True,17776.82699043829,False,False,1,SILVER,377.0033176275551
5543,18552777,Langlands,388,Belgium,Male,51,10,141673.71122192248,0,True,True,24085.91391418775,False,False,3,DIAMOND,382.2062775945774
6689,18704776,Mazzi,444,Belgium,Male,42,6,148347.27847130876,1,True,False,24649.35645285113,False,False,3,GOLD,406.344279283979
1892,18570793,Lord,406,Belgium,Female,50,4,76307.1443508597,2,True,False,18565.91404516028,False,False,0,PLATINUM,570.3898988041635
3491,18598320,Bruce,487,Belgium,Male,42,6,108725.38728457484,0,True,False,11987.036059572538,False,True,4,GOLD,573.4522518077401
6125,18802036,Walker,424,Belgium,Female,35,9,83718.63526039485,1,True,False,32304.67555485709,False,False,5,GOLD,467.1247983193289
6723,18746115,Hsieh,394,Belgium,Female,41,2,163776.19569440192,1,True,False,27655.74252328882,False,False,4,SILVER,364.4770129506805
9134,18522196,Pugh,477,Belgium,Male,36,7,131365.14323582262,1,True,True,17997.978040589973,False,False,5,GOLD,550.365042139206
388,18748573,Tien,443,Belgium,Female,32,2,33091.283951981655,0,True,True,25086.94737202782,False,False,2,PLATINUM,595.4174608101672
11310,18636080,Giordano,449,Belgium,Male,44,1,91501.01527302017,3,False,True,14787.506334332542,False,True,1,PLATINUM,384.0170303761623
6782,18778023,Donaldson,495,Belgium,Female,50,9,102782.51637628306,0,False,True,20970.08137279783,False,False,1,GOLD,667.2352613903893
6360,18624199,Ashton,478,Belgium,Female,41,8,193387.66012451603,1,True,False,18903.28368310627,False,False,0,GOLD,424.1555062265702
5026,18703787,Duggan,463,Belgium,Male,53,4,71656.00662584904,1,False,True,23422.08359455726,False,True,3,DIAMOND,452.8020200910101
7191,18652049,Russell,394,Belgium,Male,56,8,155052.41276797315,1,True,False,23913.168626303468,False,False,4,PLATINUM,577.0062897480552
3662,18695033,Leach,487,Belgium,Female,41,10,112029.26577141225,2,True,True,26572.73579534248,False,False,2,PLATINUM,594.1939097657556
7518,18795105,Han,535,Belgium,Female,47,0,82899.34773195609,2,True,False,22818.28503263391,False,True,4,DIAMOND,445.5037961413549
4091,18675074,Wade,463,Belgium,Female,34,7,114342.61796034226,0,True,True,19371.11537915741,False,False,4,GOLD,285.3695939810864
4679,18786478,Weber,484,Belgium,Female,41,1,180821.8641047107,2,True,False,22658.14905431924,False,True,2,SILVER,430.6388440692423
4037,18652158,Cribb,408,Belgium,Female,44,4,52910.75292540733,1,False,True,24542.198357595385,False,False,3,GOLD,541.5953378752937
7738,18647750,Spears,425,Belgium,Female,33,7,119411.79006907588,0,True,False,22275.28663024028,False,False,5,DIAMOND,232.15503002975203
5914,18660248,Li Fonti,424,Belgium,Female,44,6,70329.70257483033,2,True,True,16387.356932673167,False,False,3,PLATINUM,653.730568427164
2781,18769918,Barrera,458,Belgium,Female,55,2,125874.49126558124,2,True,False,17858.481404340495,False,False,4,DIAMOND,395.6570357048662
6086,18653672,Iadanza,493,Belgium,Male,38,2,81199.41059406011,1,True,True,22544.44356555279,False,False,1,GOLD,380.8285053997271
3944,18631259,Chao,473,Belgium,Male,39,2,218811.6147821264,2,True,True,14160.773322859242,False,False,5,PLATINUM,562.4401972051552
2300,18750772,Rudd,440,Belgium,Female,41,4,51170.157190619095,2,True,True,14777.304316051568,False,False,1,SILVER,367.6099028925613
4597,18696786,Kung,395,Belgium,Male,52,-2,168934.57724682253,1,True,False,24408.57292691474,False,False,1,PLATINUM,387.2006255374722
2624,18663431,Potter,361,Belgium,Female,44,2,131257.9461838909,2,True,True,15540.21113749955,False,False,2,PLATINUM,463.1000346074254
1929,18662095,Hamilton,389,Belgium,Female,39,0,70994.87950951424,1,True,False,13534.565845809237,False,True,3,DIAMOND,360.4848239187091
489,18731390,Chapman,347,Belgium,Female,51,5,114988.96993422943,1,True,True,21178.530517855383,False,True,1,PLATINUM,600.9677729485984
7037,18677629,Cremonesi,512,Belgium,Male,38,5,209923.5203435344,1,True,True,21862.090908527327,False,False,3,PLATINUM,372.2862145483952
10031,18516267,Zubarev,377,Belgium,Female,50,5,197228.785893559,2,True,True,16777.4783863462,False,False,4,SILVER,615.1647437607442
8299,18784179,Williamson,430,Belgium,Male,35,5,62164.11900188845,0,True,True,21379.20229555516,False,False,4,PLATINUM,633.5369976345594
10336,18662082,Huang,435,Belgium,Male,47,5,160990.18922640858,1,True,False,12468.667069797557,False,False,4,PLATINUM,349.31052663679003
4701,18783067,Christie,487,Belgium,Female,38,3,115452.37645074436,2,False,False,22888.171444650627,False,True,4,SILVER,480.4054398018528
-319,18688208,Wei,448,Belgium,Male,48,2,112412.44348762168,2,True,False,26744.00755049098,False,False,4,GOLD,422.8612896583501
8169,18747736,Powell,439,Belgium,Male,43,9,150522.9014785508,1,True,True,24947.24687865352,False,False,2,SILVER,451.2006541944738
6883,18656322,Sabbatini,504,Belgium,Male,43,2,169943.314271043,2,False,True,13419.635977429123,False,False,1,GOLD,501.2248496225312
10752,18638774,Crace,519,Belgium,Female,47,5,143432.3359980981,1,False,False,11104.246739436723,False,False,1,GOLD,404.2767654710174
6676,18669521,Okechukwu,493,Belgium,Male,39,4,127932.59723377808,1,True,True,19177.33710385646,False,False,1,SILVER,371.7373870036888
-1317,18662579,Shih,490,Belgium,Male,35,1,52029.00076372984,2,True,False,16436.604325332293,False,True,4,DIAMOND,729.68137750444
1636,18675331,White,423,Belgium,Female,43,0,123032.77046231212,2,True,True,18166.07939206337,False,False,2,DIAMOND,573.6157214453698
6921,18693894,Allardyce,456,Belgium,Female,46,1,144619.17442074596,1,False,True,12122.00902397455,False,False,3,PLATINUM,373.5832263976165
682,18621326,Chibueze,443,Belgium,Female,40,1,103161.8390389513,3,True,False,21509.52382502985,False,True,4,SILVER,302.06754714342776
9086,18605072,McGregor,423,Belgium,Female,34,8,182562.39477377865,3,True,False,17491.599871212908,False,True,3,PLATINUM,581.179974077682
1679,18697129,Elkins,407,Belgium,Male,46,-2,161757.62338508927,1,True,True,16006.405804276636,False,False,0,SILVER,461.3991116423439
4705,18609623,Rossi,377,Belgium,Male,42,4,133236.92067439167,1,False,False,26095.262213202222,False,False,3,DIAMOND,435.506175296319
3194,18603421,Chiawuotu,447,Belgium,Female,40,1,128003.3382523282,1,True,False,26500.36068211306,False,True,1,DIAMOND,347.8257061575304
4857,18635534,Moss,507,Belgium,Male,43,1,80428.76207085844,0,False,True,21686.879440538985,False,False,1,PLATINUM,379.4971047329241
6707,18593561,Howe,363,Belgium,Male,40,7,158375.40948322034,1,False,True,20462.013136507183,False,False,3,PLATINUM,682.3358199034582
-1231,18699533,Wilkinson,425,Belgium,Female,42,4,113770.48825004288,0,False,True,13121.896892955114,False,False,2,GOLD,494.67664499885217
7824,18712942,Vasilyeva,420,Belgium,Male,46,0,177340.70424093187,2,True,True,22175.95436422698,False,False,4,PLATINUM,624.3483493947261
4280,18612181,Pethard,397,Belgium,Male,43,1,130884.27172884996,1,True,False,20354.341807997225,False,False,1,GOLD,690.6860552104657
5844,18600529,Tokaryev,380,Belgium,Male,46,3,154404.1011566891,1,False,False,23950.09965873048,False,False,3,GOLD,359.037227920698
10567,18581167,Romano,398,Belgium,Female,44,5,89870.6412754782,1,True,True,20269.47187437959,False,False,2,PLATINUM,559.4145227857742
10401,18553263,Davis,381,Belgium,Male,48,2,145110.5146383017,2,True,False,18705.828677797104,False,False,1,GOLD,350.2577807361121
9508,18673845,Berry,484,Belgium,Female,42,10,214204.1458608772,1,True,True,23281.105712463028,False,False,2,DIAMOND,505.5570966442717
75,18556568,Ashbolt,500,Belgium,Female,45,1,78357.95149868268,0,True,False,23425.119300273484,False,True,3,GOLD,224.6898811706053
9724,18748350,Iadanza,454,Belgium,Female,49,4,99081.6761908784,1,True,False,22503.92790028617,False,False,2,GOLD,527.934603523068
7024,18741019,Ku,546,Belgium,Female,53,5,147362.65524163484,0,False,False,22869.492556104764,False,False,3,GOLD,379.35958233434434
5353,18572389,Tai,403,Belgium,Male,41,0,150992.38396492682,1,False,True,13038.130321199653,False,False,4,DIAMOND,524.6452020468956
8930,18668541,Wells,376,Belgium,Male,38,5,213519.769521408,1,False,True,13690.495732562316,False,False,5,GOLD,628.0239440271921
7590,18784877,Cherkasova,426,Belgium,Male,55,3,78533.18129452813,1,True,False,24083.29091086854,False,False,3,PLATINUM,498.6055715874777
1977,18571252,Ts'ui,524,Belgium,Female,35,6,71325.79908923972,0,False,True,23189.49433090723,False,False,2,PLATINUM,501.158893712912
6547,18700018,Lo,552,Belgium,Male,42,11,91636.99349997926,3,True,True,30309.14945965871,False,True,0,GOLD,272.26319382154423
2399,18818829,Nnachetam,450,Belgium,Male,51,4,187708.25802751107,0,False,True,22269.092710117675,False,False,4,PLATINUM,254.3963670787843
4725,18738234,Chu,495,Belgium,Female,56,7,167761.2018210905,2,True,False,16000.27750529323,False,False,5,GOLD,543.6118216139782
3358,18732957,Jamieson,427,Belgium,Female,52,4,73953.55174610211,0,True,True,9542.957924872984,False,False,0,PLATINUM,568.2505251269548
2577,18752458,Giordano,489,Belgium,Female,50,4,182199.09633417844,2,True,True,21524.95264999426,False,False,4,SILVER,438.7799988565298
3436,18769957,Duncan,428,Belgium,Female,43,5,67320.73041671069,0,True,True,14907.032664725522,False,False,3,SILVER,401.5610337562745
2240,18774411,Lysaght,521,Belgium,Female,42,4,228591.9677976638,1,True,False,12050.906712847784,False,False,1,DIAMOND,521.1239198489695
6377,18784700,Waters,447,Belgium,Female,44,1,174744.0290379939,2,True,True,18299.40790207147,False,True,3,DIAMOND,451.6402418157114
9740,18687522,Burns,458,Belgium,Female,40,2,67332.64974655217,2,True,False,20298.296510487027,False,False,2,SILVER,424.30380102117175
10268,18594233,Muir,386,Belgium,Male,44,11,80292.86794202455,0,True,False,20193.94598947256,False,True,1,SILVER,620.371500220085
1866,18664965,Bevan,330,Belgium,Male,40,3,29871.026929031897,2,True,False,20045.57473815161,False,False,1,GOLD,662.7718521422676
2630,18696127,Abramovich,374,Belgium,Male,49,3,138573.53822638156,0,False,False,19900.752904103407,False,False,5,SILVER,567.6612590538988
8361,18718127,Tsui,523,Belgium,Male,47,1,22438.77013499588,1,True,False,21172.007059986936,False,False,2,DIAMOND,542.2998595976405
10035,18705342,Azikiwe,446,Belgium,Female,50,0,110417.90809112565,0,True,True,23014.24313856392,False,False,4,GOLD,704.6135666431958
10440,18734495,Unwin,527,Belgium,Male,44,0,125956.82265940234,1,True,False,18350.31172981471,False,False,2,GOLD,397.9852067057448
6816,18703607,Somadina,383,Belgium,Male,43,9,139602.4871655391,2,True,True,12932.171415054405,False,False,3,DIAMOND,621.2965413638157
5796,18719914,Hsiung,372,Belgium,Female,45,0,190320.30109107908,1,False,False,22521.044543028434,False,False,2,SILVER,461.7948979594266
-1588,18585575,Campbell,398,Belgium,Male,48,2,91829.99806870424,2,False,True,20719.88165382598,False,False,4,DIAMOND,484.98728997324935
466,18732362,H?,421,Belgium,Male,40,8,104146.85969258292,0,False,False,13353.035073112927,False,False,4,SILVER,396.7910535904155
898,18631326,Genovesi,385,Belgium,Male,57,5,89362.29046786456,1,True,True,21912.25825654856,False,False,5,DIAMOND,556.1870726996993
952,18707552,Moss,413,Belgium,Male,44,13,119134.3416201638,1,False,False,21522.432770680127,False,False,2,DIAMOND,345.01650998448736
-584,18751546,Yen,411,Belgium,Female,36,1,111361.06540776802,2,True,True,21215.98488427978,False,False,5,GOLD,232.0303294924377
5495,18650711,Calabrese,383,Belgium,Male,39,7,137519.38612912377,0,True,True,25621.09064249637,False,False,1,SILVER,378.02708893266686
3614,18687445,Lai,435,Belgium,Male,43,6,195404.2397840888,0,False,True,14062.624377214574,False,False,4,DIAMOND,584.1906530255126
3053,18688630,Nebechukwu,400,Belgium,Male,50,7,73123.7569073835,1,True,False,24053.467645259858,False,False,1,GOLD,520.91461700352
5143,18808792,McKay,492,Belgium,Male,50,8,134776.63231222777,0,True,False,17325.393926817193,False,False,3,SILVER,110.9457159636132
1672,18765964,Page,470,Belgium,Male,46,2,166694.31231422687,1,True,True,25970.68231848324,False,False,3,PLATINUM,374.81038234491166
-436,18617177,Sun,484,Belgium,Female,45,1,143299.95375556988,2,True,False,13593.853606433691,False,False,3,DIAMOND,541.7412546245255
3387,18671506,Dillon,506,Belgium,Male,41,8,153570.72882522087,2,True,True,23288.1844262886,False,False,4,SILVER,442.7219297687048
6918,18611574,Lucchesi,430,Belgium,Male,45,4,117056.85351857124,2,True,False,24534.62213108901,False,False,2,PLATINUM,440.3369264456412
1715,18613120,Genovese,390,Belgium,Female,47,4,17291.46139463715,1,False,True,27826.70185710393,False,False,3,DIAMOND,340.3171142419437
-1728,18694886,Parkin,417,Belgium,Female,43,8,92729.96274961629,0,True,False,13048.530599291444,False,True,1,GOLD,465.73341868527297
8295,18637693,Gleeson,560,Belgium,Male,48,4,163856.4298895751,1,True,False,9073.15681469673,False,False,1,SILVER,394.58287189610354
5495,18606177,Chidalu,496,Belgium,Female,49,3,118495.45726916386,2,True,False,21561.95505809785,False,True,3,DIAMOND,413.1174029492453
4908,18678498,Aksyonova,443,Belgium,Male,39,8,82486.38989078828,1,True,True,18022.51986565989,False,False,2,GOLD,433.9241341693121
5292,18840658,Walker,434,Belgium,Female,42,3,89056.39312143544,2,True,False,28052.12976148293,False,False,4,GOLD,454.5433009907704
10796,18608049,Simpson,365,Belgium,Female,46,4,112190.24760180835,2,False,True,117073.61790069372,False,True,2,PLATINUM,447.90564726787545
1886,18644081,Cavenagh,437,Belgium,Male,41,3,154069.0699483598,0,True,True,68369.53202830598,False,False,3,GOLD,456.37141537905904
2598,18725777,Marshall,380,Belgium,Female,35,6,117475.31206264328,0,False,True,71100.55975194147,False,False,0,PLATINUM,575.7649373091986
5959,18723320,Rita,487,Belgium,Male,45,4,213407.8000692945,2,True,True,100618.52973985918,False,False,3,PLATINUM,480.7142619115813
7107,18723130,Fanucci,328,Belgium,Female,46,5,90648.19744030872,2,True,False,71948.96285177028,False,True,0,GOLD,391.27540424570935
4088,18609475,Owens,416,Belgium,Female,53,4,156175.03873648777,1,True,True,74516.60046637007,False,False,0,PLATINUM,379.93285855466513
-1486,18684653,Sun,310,Belgium,Female,42,3,124846.33011719523,1,True,False,123352.53836786584,False,False,2,DIAMOND,529.0201233971699
1505,18747002,Shih,412,Belgium,Female,45,9,140060.57080605938,1,False,False,35612.76771959213,False,False,2,SILVER,459.6519186614103
2089,18748108,Rowe,510,Belgium,Male,48,7,193063.20615237995,1,True,True,95145.84029394775,False,False,0,GOLD,458.6857736761983
10154,18728659,Echezonachukwu,462,Belgium,Male,48,7,57105.08102159173,2,True,True,67861.48948587151,False,True,3,GOLD,611.0533496280026
5110,18642191,Gibbons,478,Belgium,Male,46,5,76800.79687345053,1,False,False,47673.35746012767,False,False,4,GOLD,462.76566323516926
5490,18811051,Lassetter,406,Belgium,Female,49,9,108996.88055892386,0,True,False,50084.27096695806,False,False,4,DIAMOND,332.66306741717534
8951,18751961,Wright,554,Belgium,Female,34,4,186440.0274092992,1,True,True,68924.54028138414,False,False,4,PLATINUM,458.7986736293689
169,18667770,Oleary,467,Belgium,Male,52,2,169088.42188861145,0,False,False,74056.11648656867,False,False,5,GOLD,258.4314953987291
8204,18730571,McIntosh,413,Belgium,Male,39,-1,90298.8921310342,0,True,True,94568.58468962715,False,True,0,SILVER,469.3553246892806
9228,18864296,T'ien,448,Belgium,Male,48,7,45450.17683960773,1,True,True,66348.19060417239,False,False,1,SILVER,572.8446760287256
6068,18704907,Onwuka,482,Belgium,Male,42,2,21788.004450846893,1,False,True,31392.71151383979,False,False,0,GOLD,492.31080905916895
2179,18740216,Pearson,495,Belgium,Male,49,1,93328.21046095502,1,False,True,61551.009200595945,False,False,1,SILVER,515.7888728214397
2709,18642019,Hunter,434,Belgium,Male,47,1,153775.2497105819,1,False,True,72807.43247484975,False,False,4,PLATINUM,415.1379277337004
7667,18625182,White,404,Belgium,Female,37,7,100044.3740886984,0,True,True,92782.68129668488,False,False,0,PLATINUM,458.2631099838397
8876,18766297,Buccho,369,Belgium,Male,38,7,159048.4907834303,1,True,False,52177.32760972415,False,False,3,SILVER,475.3075191402726
1766,18587861,Garnsey,401,Belgium,Male,29,2,210772.0180273972,1,False,True,40516.95195144041,False,False,1,DIAMOND,378.1280252362699
1244,18698598,Fisk,438,Belgium,Female,44,0,141849.8959312953,0,True,True,49463.43231578433,False,False,5,GOLD,372.2310396988966
3459,18502632,Harper,472,Belgium,Female,50,0,114152.1824747839,1,True,True,82016.43003642373,False,False,1,SILVER,378.6274517790579
4073,18671687,Fu,557,Belgium,Male,49,8,131183.32941622703,0,True,False,161857.0716459991,False,True,0,DIAMOND,631.0028886138479
8766,18633101,Rapuluchukwu,526,Belgium,Female,31,2,113421.91775126584,4,True,False,52385.96846315676,False,True,3,PLATINUM,528.0729275314302
9294,18669633,Russell,410,Belgium,Female,58,2,153581.6718472434,1,True,True,164020.56004782053,False,True,4,DIAMOND,217.35629458391708
7558,18735108,Wong,505,Belgium,Female,35,4,73572.01501760214,0,True,False,52906.15921412029,False,True,0,SILVER,537.9161883313438
3524,18655670,Ekwueme,554,Belgium,Male,44,1,83546.13038222076,1,True,False,64034.909958172255,False,False,1,PLATINUM,400.0342177899186
4600,18781168,Walton,541,Belgium,Male,44,2,144917.75322043753,1,True,True,62218.87126891442,False,False,3,GOLD,467.9267265499951
615,18765983,Green,406,Belgium,Male,34,2,124974.1511984766,1,True,False,127329.8991617482,False,True,5,SILVER,247.89014639524325
7120,18545891,Crawford,408,Belgium,Female,51,5,33893.97708121363,1,True,False,38072.66923799753,False,True,0,DIAMOND,615.3589674253135
4715,18593762,Tsou,423,Belgium,Male,48,4,81444.93428891044,2,True,False,106925.72615581048,False,True,1,DIAMOND,650.8579291234807
5382,18606006,Brown,524,Belgium,Female,44,10,55006.335090043096,0,True,True,58704.64064876604,False,False,3,SILVER,286.0987183463933
6272,18652794,Colombo,406,Belgium,Male,48,7,115694.23348598948,0,False,True,59489.91288688948,False,True,1,GOLD,566.6915118952841
1135,18683775,Beneventi,431,Belgium,Male,45,10,171005.0600394539,1,False,False,104838.17648676036,False,False,5,PLATINUM,477.6280358565716
3746,18774327,Robson,533,Belgium,Female,40,9,164608.89037380947,1,False,True,114862.14378610448,False,False,0,SILVER,573.1628372751027
572,18636718,Harper,337,Belgium,Male,40,9,131062.01202450883,2,True,False,75704.79255389706,False,False,2,GOLD,487.4207796721184
3023,18608538,Murphy,454,Belgium,Female,38,5,62754.521110074886,1,True,False,73689.58233782591,False,False,1,SILVER,468.07801183127214
9205,18741390,Lombardo,359,Belgium,Female,42,3,151466.32650668136,1,True,True,41423.78329586451,False,False,2,PLATINUM,235.18814219606253
1,18712291,Pokrovskii,467,Belgium,Female,41,1,123599.93025414158,2,True,True,20902.82993449012,False,False,0,GOLD,542.4901099390511
2453,18698261,Allen,417,Belgium,Female,41,9,93263.57836962896,2,True,False,57469.2487687298,False,False,4,DIAMOND,641.434022012824
1013,18671436,Abbie,489,Belgium,Female,43,0,148886.41241860137,1,False,False,46220.33449381329,False,False,4,PLATINUM,190.475161616818
7796,18670229,Cocci,505,Belgium,Female,42,0,129227.7529460762,1,True,False,51262.94407642314,False,False,1,SILVER,327.8842747646404
6428,18823346,Coles,463,Belgium,Male,33,0,151425.83983003677,1,False,True,55599.450052785534,False,False,3,PLATINUM,438.5603067996301
9779,18572584,Chong,387,Belgium,Female,41,7,97506.98079594848,1,True,False,58724.55348625848,False,False,0,GOLD,536.1445329853748
1252,18846398,Pisano,450,Belgium,Female,43,0,160108.94549307865,0,True,True,82027.13182522666,False,False,2,SILVER,383.3955994480853
5415,18611106,Hsiung,392,Belgium,Female,28,4,108401.5427632494,1,False,False,52846.02907318625,False,False,3,PLATINUM,472.6422259947773
8280,18677898,Cremonesi,429,Belgium,Male,45,4,200251.08779541648,1,True,False,78996.63717920175,False,False,4,PLATINUM,510.04619518830617
-89,18766245,Maslova,451,Belgium,Female,47,1,109042.01525431962,3,True,True,24616.458860566647,False,True,0,SILVER,300.43199893083715
1826,18843138,Endrizzi,466,Belgium,Male,42,5,186164.94781271927,1,False,True,7761.071852899682,False,False,1,PLATINUM,717.5512261620178
3623,18665542,Mazzanti,425,Belgium,Male,43,1,74797.67167458878,0,True,False,76821.45349159442,False,False,1,DIAMOND,504.6902022376038
-187,18716092,Bradley,458,Belgium,Female,52,7,140081.89500462715,3,True,False,36199.46397758077,False,True,0,PLATINUM,640.6311637050459
5849,18608934,Chukwudi,440,Belgium,Female,53,3,161388.41257308924,1,False,True,60608.38822555438,False,False,1,SILVER,520.6831224603803
3284,18734143,Pickering,470,Belgium,Female,28,0,194411.085126112,1,True,False,97035.46289136058,False,False,2,PLATINUM,276.7380207501292
6373,18815089,Black,522,Belgium,Male,40,1,92390.5515030618,2,True,True,54598.77528183897,False,False,3,SILVER,529.1464703419342
714,18719432,Howells,510,Belgium,Female,49,9,43584.06169960687,2,False,True,33542.338843061,False,False,3,DIAMOND,495.1277737992449
10965,18594048,Lung,502,Belgium,Male,37,4,122672.97537478014,0,True,True,45604.68378262237,False,False,3,DIAMOND,256.17493533528653
6339,18692501,Verjus,494,Belgium,Female,45,5,121857.77235434938,2,False,False,34804.84135260261,False,False,0,DIAMOND,442.368065571914
8650,18621566,Adams,392,Belgium,Male,51,4,155971.19063091127,1,True,True,120621.33522493984,False,True,4,SILVER,489.8206376339815
208,18582185,Campbell,481,Belgium,Male,46,3,103963.0382311283,2,False,True,59607.37515435745,False,False,4,DIAMOND,455.3214403706477
5854,18493903,Wei,409,Belgium,Female,48,9,139816.7936433788,2,False,False,34935.106172678046,False,False,1,GOLD,487.91098651520446
3554,18797099,Senior,357,Belgium,Female,51,2,116044.10009638152,0,True,True,21911.773190391552,False,False,5,GOLD,399.43111664096455
10419,18643412,Dodd,450,Belgium,Male,52,10,27990.66119891441,2,True,True,44239.97831875961,False,False,3,PLATINUM,517.864757422124
4641,18798266,Feng,533,Belgium,Male,41,8,33539.04327351477,2,True,False,36352.036056752215,False,False,3,GOLD,426.7584014462541
551,18607897,Hardy,517,Belgium,Male,37,1,204706.1908585435,1,True,True,85178.90496474579,False,False,1,PLATINUM,398.8228044515235
-1170,18690970,Craig,395,Belgium,Female,47,3,91032.3084889596,1,True,True,17887.33674284082,False,False,0,PLATINUM,643.8055289363347
1396,18806579,Harris,356,Belgium,Male,54,0,173085.88950663933,2,False,True,73624.10188623762,False,False,4,GOLD,282.7513496423865
116,18682010,Nkemjika,459,Belgium,Female,38,4,52244.22301253685,1,True,False,66650.20980265351,False,True,2,SILVER,474.7044315315912
9322,18671549,Ku,455,Belgium,Female,54,0,103661.29255720654,0,True,False,43213.74279463496,False,False,4,GOLD,501.7992191956813
2359,18742278,Walker,467,Belgium,Male,42,5,156263.25520164336,2,False,False,93189.4182371226,False,False,4,GOLD,400.2052162521557
-168,18753808,Bradley,475,Belgium,Female,38,7,50654.70448816443,1,False,False,127585.450329202,False,True,5,DIAMOND,697.5466821506931
2505,18618764,Chimaobim,333,Belgium,Female,51,1,89536.77696428819,2,True,False,91426.8780063265,False,False,0,SILVER,510.4994879704045
6016,18600328,Donaldson,441,Belgium,Female,49,5,94641.94113253625,1,False,True,78878.06288072726,False,False,3,PLATINUM,425.5146119327751
5714,18764939,Percy,408,Belgium,Male,56,5,141284.539201507,2,True,True,31007.40771215237,False,False,0,PLATINUM,425.0304758262319
2961,18767826,Fleming,466,Belgium,Female,46,7,118242.3077308055,1,False,True,57690.53146317953,False,False,2,DIAMOND,515.2057244328691
2113,18594073,Fang,470,Belgium,Male,45,7,138704.03544507202,1,False,False,5177.255955510738,False,False,0,GOLD,581.0839380321136
8765,18633462,Larkin,386,Belgium,Male,50,1,217022.07599561784,0,False,False,46163.439317866985,False,False,1,PLATINUM,308.4573355067559
7670,18569808,Conti,519,Belgium,Female,46,5,142037.16774355926,1,False,True,101674.5863405843,False,True,3,SILVER,539.4469011011803
8374,18692263,Onuchukwu,438,Belgium,Male,36,1,164584.70246311912,1,False,True,11617.665152916255,False,False,4,PLATINUM,504.89795800551
6604,18571730,Duigan,532,Belgium,Female,61,4,162938.25083618873,1,True,False,25222.598926152772,False,True,4,DIAMOND,642.2141591537793
8994,18585438,Webb,360,Belgium,Female,43,1,99571.51128287794,2,True,True,38234.0602714788,False,False,2,GOLD,575.2790261993109
2365,18639597,Caldwell,499,Belgium,Female,45,3,48996.02841977073,1,True,False,8255.21102333769,False,True,3,GOLD,649.918440256066
940,18683350,Hsueh,481,Belgium,Male,41,6,161551.58098683116,1,True,False,40017.724725112086,False,True,3,GOLD,387.3814174555487
1749,18621964,Dellucci,385,Belgium,Male,39,1,132077.85342484963,1,True,True,48535.83088981512,False,False,4,SILVER,391.5264181598316
9282,18726118,Lewis,485,Belgium,Female,61,4,58607.42465945962,0,True,False,24690.32779675627,False,True,1,PLATINUM,541.5147708130227
1330,18603230,Onyemauchechukwu,374,Belgium,Female,48,4,151770.67759174074,1,True,False,750.7383767709129,False,False,0,GOLD,527.1743002458783
6424,18655571,Hughes,499,Belgium,Female,36,8,98272.23884060676,1,False,True,46514.375455531306,False,False,4,SILVER,386.24079411226575
2590,18551196,Kaodilinakachukwu,439,Belgium,Female,50,4,115791.1020472216,1,True,False,63376.127762594304,False,False,1,SILVER,612.9540448365576
3204,18784239,Griffiths,502,Belgium,Female,39,-1,127271.75342624384,0,True,True,81879.52932756381,False,True,1,PLATINUM,656.8284104744827
11236,18775476,Miller,454,Belgium,Male,44,9,151474.73835076764,1,True,True,80681.36827336495,False,False,5,DIAMOND,623.3033551820477
1013,18670567,Niu,439,Belgium,Female,42,9,132805.68130273928,2,True,True,66345.24292491534,False,False,4,SILVER,655.7130335181705
6804,18715602,Keldie,441,Belgium,Female,41,7,189094.78760131635,1,False,True,96785.51086001792,False,False,2,DIAMOND,467.1847751301253
1586,18631410,Wieck,494,Belgium,Male,48,6,106798.9136898828,0,True,True,27737.290460209555,False,False,1,GOLD,557.4661788623388
7734,18817718,Gambrell,456,Belgium,Female,38,8,107633.150057195,0,True,True,68401.26474700164,False,False,3,DIAMOND,584.7862238562427
295,18795534,Efremov,450,Belgium,Female,40,9,134120.20817371525,2,True,False,57209.05395005649,False,False,2,SILVER,521.159145838605
5252,18762492,Giordano,436,Belgium,Male,47,10,160279.52766689626,0,False,True,41135.00442618814,False,False,4,SILVER,367.3772195225128
237,18818425,Wan,461,Belgium,Female,50,2,112510.3843041716,1,False,False,15681.29210653691,False,True,4,GOLD,691.0967249410836
6550,18661289,Noble,457,Belgium,Female,39,7,127549.99350274472,1,False,True,54316.50392323313,False,True,4,GOLD,405.5043430469549
3571,18771293,Daly,469,Belgium,Female,37,3,138759.68180153018,2,False,True,86957.35757410647,False,False,2,DIAMOND,594.867001328587
3535,18729446,Sutherland,398,Belgium,Male,38,4,141035.35657168253,2,True,True,64476.58381106319,False,False,2,SILVER,321.7709718965406
1483,18697971,Uchenna,506,Belgium,Male,41,6,131505.0171958293,2,True,False,50784.68571174336,False,False,3,SILVER,424.57751090937984
6303,18651431,Chin,407,Belgium,Male,38,7,209623.7806914845,2,True,False,35886.98739569639,False,False,1,PLATINUM,308.0963587030895
4431,18579188,Zakharov,457,Belgium,Female,45,6,200228.5505310165,0,False,False,92298.85798498204,False,False,4,PLATINUM,342.7638017581223
7674,18818717,Ikemefuna,424,Belgium,Female,44,1,185903.5476114797,1,True,True,1659.361978308758,False,False,4,SILVER,192.35596874882043
7034,18558822,Moss,417,Belgium,Female,31,10,161465.7761078433,0,True,False,65181.26165605318,False,False,2,DIAMOND,471.6108019116459
9895,18782258,Vincent,435,Belgium,Female,38,6,203305.48461057563,1,False,True,93587.35227658738,False,True,1,GOLD,454.44903838591193
2932,18742887,Chinomso,492,Belgium,Male,48,3,119456.56188115764,2,True,True,56386.77565182639,False,False,5,GOLD,476.5823636723647
2373,18630371,Onyekachukwu,455,Belgium,Female,55,4,72893.45652878055,1,True,True,50664.98247575936,False,False,3,SILVER,543.685082542067
4386,18745280,Chiemenam,404,Belgium,Male,53,0,147939.14633583883,0,False,True,6391.985200686324,False,False,4,PLATINUM,400.4681201510257
5703,18677810,Genovese,475,Belgium,Female,42,2,63151.56258361144,1,True,True,36795.46109523652,False,False,1,PLATINUM,569.4317350224183
3206,18752876,Ibezimako,443,Belgium,Male,47,7,97016.41066856662,2,True,True,110466.77673463205,False,False,0,PLATINUM,407.868045782174
-1290,18800849,Mills,548,Belgium,Female,40,8,131746.15691276433,1,False,True,31885.19844602818,False,False,0,GOLD,404.9470599462703
6985,18738466,Nkemjika,515,Belgium,Male,45,8,96953.83449031254,1,True,False,29737.51657596313,False,False,4,PLATINUM,456.3992155554965
2563,18603783,Macrossan,497,Belgium,Female,49,1,13790.981866725571,3,False,False,64862.6571952612,False,True,5,SILVER,451.4748275628924
-1165,18670316,Ritchie,494,Belgium,Male,55,9,88021.65677384412,2,True,True,78185.69940639002,False,False,3,PLATINUM,715.6122185954674
2260,18740872,Denisov,444,Belgium,Male,49,9,157080.88358314885,2,True,False,110695.2265893481,False,False,2,PLATINUM,454.6615052576793
4040,18662547,Lucchesi,486,Belgium,Male,56,4,184855.7517699664,2,True,True,127848.32614221178,False,False,2,GOLD,639.3339707534041
9992,18558555,Obijiaku,453,Belgium,Male,45,2,181951.4149428444,1,True,False,41421.2606128656,False,False,1,DIAMOND,346.34114318724204
5379,18599928,Lei,461,Belgium,Male,44,5,67044.8720202436,0,True,True,35657.317754817974,False,False,3,GOLD,531.8141433378058
9261,18617910,Yashina,373,Belgium,Male,51,9,-4404.56126783845,1,False,False,56064.48070369618,False,False,0,DIAMOND,294.63035517633165
1799,18646391,Black,420,Belgium,Female,49,2,134891.4586635588,2,False,False,60103.89427926243,False,False,5,DIAMOND,371.6690735282466
1384,18716116,Ogochukwu,431,Belgium,Female,49,3,145360.5777878375,2,True,False,79876.83372257055,False,False,0,PLATINUM,271.7359329422944
2656,18792227,Fomin,502,Belgium,Male,47,0,84429.0878741859,0,True,False,14703.519546299143,False,False,2,GOLD,447.1756180536666
807,18723081,Tretiakova,426,Belgium,Male,23,6,97565.77441260696,0,False,False,71905.94213755397,False,False,0,GOLD,607.9116724520497
9091,18749663,Ikenna,408,Belgium,Female,50,3,140094.53219732965,1,False,False,20965.969349226285,False,False,4,DIAMOND,385.3085424078725
6067,18683495,Bogolyubov,463,Belgium,Female,46,7,154206.2612515839,2,True,False,64833.30828484981,False,False,1,DIAMOND,544.4533210864842
9877,18612481,Milani,522,Belgium,Female,44,7,78224.75489220442,1,False,False,48185.63985931872,False,False,2,PLATINUM,605.7719295122831
8037,18713721,Craig,446,Belgium,Female,43,10,126380.25143916644,1,True,False,68520.12670476075,False,False,2,DIAMOND,388.52566025393895
5420,18748304,Ijendu,560,Belgium,Male,40,9,120783.14379166896,1,True,True,45232.413308384974,False,False,1,DIAMOND,534.3516750282434
8108,18728146,Custance,544,Belgium,Male,42,1,180073.88436855774,2,True,False,78889.44489274213,False,False,0,SILVER,409.6013386644551
2556,18636334,Chukwukere,425,Belgium,Male,39,8,184365.22243540903,2,True,False,36718.38783164513,False,False,3,GOLD,489.2030594603273
4637,18624583,Solomina,514,Belgium,Male,41,1,114716.76337327312,0,False,True,85334.50636471316,False,False,2,DIAMOND,461.0629533784554
735,18677560,Hannaford,491,Belgium,Male,47,1,174800.4584059773,1,True,False,68115.90694585303,False,True,4,GOLD,364.9353298494827
2632,18696663,Glenny,426,Belgium,Male,54,2,44646.981532780366,0,True,False,14331.443110912807,False,True,3,PLATINUM,681.6964009932655
665,18643161,Nwankwo,468,Belgium,Female,41,7,88699.72679637,2,False,False,37094.14327961966,False,False,3,PLATINUM,239.48468991825112
1918,18710328,Kaodilinakachukwu,439,Belgium,Female,42,11,122750.19311104836,1,True,True,94149.71369625014,False,True,1,PLATINUM,253.194927036185
1670,18603901,Chandler,382,Belgium,Male,45,4,125087.68638470305,1,True,True,73341.23163326687,False,False,3,SILVER,396.4323834252603
194,18597845,Donoghue,424,Belgium,Male,54,8,111829.00234706551,2,True,True,51890.36374032388,False,True,5,DIAMOND,409.3388666806285
2077,18620858,Chu,478,Belgium,Male,44,6,146991.9812409117,0,True,True,23416.128342919343,False,False,3,PLATINUM,398.9038194929623
1905,18679531,Collins,425,Belgium,Male,44,5,173245.9190537784,1,True,True,99400.49375544928,False,False,1,SILVER,348.1857758062046
2312,18665105,Fiorentino,469,Belgium,Female,41,0,21063.130269961304,1,False,True,18216.6762174212,False,False,2,SILVER,383.5436027271738
7156,18582044,Fu,521,Belgium,Female,48,-1,60324.75657360956,0,False,True,20535.27511642656,False,True,1,PLATINUM,284.6257300898377
4321,18678902,Steiner,443,Belgium,Male,42,3,197251.7192431113,1,True,True,35792.57433984527,False,False,2,PLATINUM,438.6520878431483
7189,18638802,Chiemenam,517,Belgium,Female,49,5,104353.05160564068,0,True,False,112052.5444271363,False,True,5,GOLD,504.9165685300353
4300,18769347,Montemayor,394,Belgium,Female,53,2,178264.74099279413,2,True,True,60401.48831251259,False,False,1,GOLD,543.6406559810458
5367,18707686,Corrie,380,Belgium,Male,40,4,63559.31301399684,1,True,False,53299.64735838544,False,False,0,GOLD,505.781101273168
5043,18608571,Lettiere,553,Belgium,Male,44,4,117476.18768112749,0,True,True,4236.829926567845,False,False,5,DIAMOND,637.1113453414732
6044,18609989,Parkes,410,Belgium,Female,40,8,54104.29911528125,0,True,False,71343.333650902,False,False,1,GOLD,407.7378631786143
6002,18726241,Udegbulam,361,Belgium,Male,45,0,164190.8558670203,1,False,False,41525.0640299137,False,False,1,SILVER,503.0601071089589
7936,18770510,Riley,449,Belgium,Female,44,3,167436.7365861718,4,False,False,143162.80424097873,False,True,5,PLATINUM,410.4961792528303
7723,18751263,Yao,377,Belgium,Female,36,9,130057.55459316511,2,False,True,60391.8607270488,False,False,5,DIAMOND,421.926103865383
6381,18740508,Bates,455,Belgium,Male,39,0,225994.5171516697,2,True,False,36967.299072960894,False,False,3,DIAMOND,433.87320558747126
1666,18672149,Scott,441,Belgium,Male,48,3,57414.279586054574,2,True,True,72865.67678911139,False,False,3,SILVER,659.7697433458261
3889,18731632,Manfrin,489,Belgium,Male,43,0,158195.68308117948,2,True,False,9982.609507059098,False,False,4,SILVER,397.72723774904347
6450,18728590,Clark,409,Belgium,Male,39,4,115053.64437685994,1,True,True,17170.90389903059,False,False,5,DIAMOND,586.8796170290742
7883,18781303,Shcherbakov,392,Belgium,Female,40,7,53948.97011725399,1,True,False,46893.09288041476,False,False,1,SILVER,310.5608922059442
2143,18732419,Mazzi,462,Belgium,Male,38,8,161743.90198956503,2,True,False,51488.46808494604,False,False,2,GOLD,462.5418302684412
8965,18846200,Ugorji,398,Belgium,Male,49,3,45330.40026974483,2,False,True,79305.17601958448,False,False,3,GOLD,495.0491667184546
4272,18630247,Finch,541,Belgium,Female,45,0,179831.46489740378,0,True,True,31866.344251171813,False,True,2,SILVER,429.8271332575148
8177,18623680,Chimaraoke,459,Belgium,Female,38,0,143108.8877789472,1,False,True,41148.26066074676,False,True,4,DIAMOND,308.7862137596156
208,18671250,Woods,329,Belgium,Female,43,9,131068.38166409024,1,False,True,53909.19576554978,False,False,2,GOLD,403.266478391339
3446,18611625,Fedorov,460,Belgium,Female,50,5,14155.866849745798,2,True,False,80888.4451099441,False,True,4,PLATINUM,526.8765348566974
9058,18574202,McKenzie,442,Belgium,Male,43,6,187082.1629886957,1,True,True,31287.61119779429,False,False,1,PLATINUM,472.2102728400642
9561,18742657,Bednall,369,Belgium,Female,46,8,102486.56253169366,2,True,False,79838.52961966704,False,False,5,PLATINUM,529.3940831049406
1699,18843630,Chiemenam,487,Belgium,Male,46,6,109303.09655019623,1,False,False,132213.57228246896,False,False,4,DIAMOND,364.9125393922071
13398,18708492,Blinova,416,Belgium,Female,50,8,108148.75447544103,0,True,False,131437.00638600875,False,True,1,GOLD,578.1964212464571
2942,18591913,Mitchell,431,Belgium,Female,40,0,57571.64743659622,0,False,True,44191.96091375067,False,False,5,SILVER,668.3982862012532
2078,18779709,Kirwan,466,Belgium,Female,48,5,108134.69209122252,1,True,True,84590.07410644736,False,False,1,PLATINUM,468.4247793584744
7305,18696389,Chiazagomekpere,489,Belgium,Male,40,5,112497.7065140708,0,True,True,57193.84581468357,False,False,5,PLATINUM,393.0384726233736
2603,18809867,Keeley,479,Belgium,Male,48,7,134927.6486308598,1,False,True,36577.95420216465,False,True,5,DIAMOND,482.768819678385
9855,18673230,Mott,455,Belgium,Male,40,4,226088.9297870362,0,True,True,102066.93335262564,False,False,5,PLATINUM,561.1568473224469
9301,18600317,Nyhan,456,Belgium,Male,46,7,169905.53027640912,0,False,True,146165.96000607678,False,True,2,GOLD,416.7100000806076
5920,18659132,Denman,479,Belgium,Male,47,1,165665.7189156556,1,True,False,42884.64708038574,False,True,4,GOLD,410.994732841564
4836,18765534,Munz,475,Belgium,Female,40,5,102415.7865502949,0,True,True,92675.07891926685,False,False,3,SILVER,498.6941199272475
11058,18758157,Benford,507,Belgium,Female,40,7,84689.47875473072,2,False,False,42266.76501225932,False,False,3,DIAMOND,275.16851512973824
369,18806192,Woodard,508,Belgium,Male,48,6,198005.7715704809,2,False,True,55891.50053108334,False,False,2,PLATINUM,432.1392892498148
-517,18778078,Angelo,481,Belgium,Female,36,5,129000.89501763978,0,False,True,20879.8978612784,False,False,2,GOLD,584.4459946233959
-13,18599702,MacDonald,360,Belgium,Male,39,10,68497.49984796061,0,True,True,112179.6632428132,False,False,3,PLATINUM,454.5987814066811
6387,18754262,McClaran,318,Belgium,Male,51,4,168217.69469932182,1,True,True,58563.980064085394,False,False,1,DIAMOND,397.59810320060734
7958,18702269,Glover,513,Belgium,Female,49,9,84759.10305639134,1,True,True,94531.8467366326,False,False,5,GOLD,687.6898150560658
850,18766806,Mao,447,Belgium,Male,58,-1,70211.9601493229,0,False,True,21167.806483497257,False,False,4,GOLD,491.3296862487007
7137,18797096,Edmondson,511,Belgium,Male,47,9,186158.25116679203,1,False,True,44780.56592895028,False,False,2,SILVER,451.379866952546
4873,18749184,Joshua,355,Belgium,Male,34,5,194036.12140244665,0,True,False,65291.36734236974,False,True,3,DIAMOND,268.7107674455884
7428,18781205,Lin,398,Belgium,Male,40,9,111458.45748437624,0,False,False,97110.44780764553,False,True,3,DIAMOND,527.7657596640477
8011,18755437,Cherkasova,488,Belgium,Male,49,4,86870.99893835059,2,True,False,96063.38081462918,False,False,2,PLATINUM,633.2398775841702
5183,18618915,Ch'iu,396,Belgium,Male,47,6,112656.3507376861,0,False,False,116276.95374472308,False,True,0,DIAMOND,497.0187666259049
5543,18627483,Kung,414,Belgium,Male,45,4,127323.97372698422,1,True,False,28325.420531711858,False,False,4,GOLD,351.70937278076485
5028,18814806,Ma,475,Belgium,Male,48,8,142561.5095505409,1,True,False,92147.3457679238,False,True,1,PLATINUM,714.249986611348
6387,18677473,Pisano,493,Belgium,Male,48,5,88415.74494139134,0,True,True,54323.055342615255,False,False,1,DIAMOND,686.0687692560698
6798,18723027,Smith,383,Belgium,Female,47,1,69938.51080137608,1,True,True,98770.58560999615,False,False,3,PLATINUM,527.8587702026971
4165,18730736,Wallace,428,Belgium,Male,37,6,180159.51446075205,1,False,False,92250.88470833414,False,False,4,SILVER,602.5269722736938
4135,18645668,Odell,461,Belgium,Male,43,4,179550.8942285458,2,True,True,91933.98555406871,False,False,1,DIAMOND,521.071084476088
9116,18764195,Gosnell,415,Belgium,Male,48,8,176427.19128454846,1,True,False,123243.56270371054,False,False,3,DIAMOND,355.6901629404092
1792,18601521,Townsend,454,Belgium,Male,43,2,54439.55384220828,1,True,True,40645.36583101602,False,False,2,PLATINUM,460.4666532928962
7796,18691515,Arcuri,366,Belgium,Female,47,7,156449.78937800112,2,True,False,73771.18246155973,False,False,3,DIAMOND,588.147575818073
5679,18782306,T'ao,471,Belgium,Female,40,1,164433.96582797865,2,True,False,37226.396252616265,False,False,3,GOLD,382.36162603414607
163,18649485,Titus,329,Belgium,Male,52,3,172677.5761985693,1,True,False,53652.10147018989,False,False,5,DIAMOND,293.4070672820104
1486,18710928,Stevenson,478,Belgium,Male,43,12,105984.08175869874,1,True,False,63252.54411899457,False,True,1,SILVER,395.2051383076022
-621,18666080,Mahon,517,Belgium,Female,49,9,70417.97005348088,1,False,False,98916.9666565478,False,False,4,DIAMOND,533.54544341247
1624,18653127,Alderete,501,Belgium,Male,39,7,131785.89973168817,0,False,False,35058.033291937405,False,False,2,PLATINUM,515.5295158453647
8158,18676946,McKenzie,380,Belgium,Male,42,1,91481.10693277502,1,True,False,149394.40275516643,False,False,5,GOLD,364.4327320169795
4461,18751356,Dennis,471,Belgium,Female,38,5,68080.14671253758,2,True,False,108150.73017211028,False,False,2,GOLD,635.1570483039566
2055,18679591,Lambert,468,Belgium,Female,45,3,58815.53522537569,0,True,True,14234.781767295857,False,True,4,PLATINUM,466.806730460169
6096,18697598,Yobachi,460,Belgium,Female,38,4,64571.087503573406,1,False,False,37160.949770206505,False,False,1,GOLD,689.0938614105868
5967,18791176,Ignatyev,436,Belgium,Female,43,10,113395.23307398154,0,True,True,64596.03782109139,False,False,3,DIAMOND,611.8285797383897
-480,18625515,Boyd,401,Belgium,Male,51,4,109301.18586640508,1,True,False,81559.75531245397,False,False,2,DIAMOND,353.981805939227
1465,18678189,Yudin,489,Belgium,Male,41,5,67046.67718362791,2,True,False,96207.88320260234,False,False,3,GOLD,471.711685443858
5266,18594149,Smith,481,Belgium,Male,43,8,46100.50061718554,1,True,False,94666.33121338494,False,True,5,GOLD,416.8820722566848
7013,18731305,Tang,425,Belgium,Male,33,1,108408.01622878364,2,True,True,32681.17595979766,False,False,0,GOLD,238.0540459493816
7365,18700287,Baranova,401,Belgium,Female,43,8,95600.90999536157,1,True,False,57602.52285175186,False,True,2,PLATINUM,410.3479876735589
3556,18725255,Akhtar,345,Belgium,Male,48,3,221945.73575264728,0,True,False,138002.2692858401,False,False,4,PLATINUM,500.6266379322103
13653,18684660,Norriss,523,Belgium,Female,35,9,164072.5434219556,1,True,False,65945.98956410706,False,False,3,DIAMOND,665.5121941622335
6571,18613161,Wilder,453,Belgium,Female,40,0,66300.85155138801,0,True,False,36634.75564629407,False,True,4,GOLD,485.6760128202865
3324,18685956,Hooper,381,Belgium,Male,42,6,66144.8008733553,0,True,True,83858.75316317784,False,False,4,SILVER,554.2554070124582
3971,18664252,Chang,400,Belgium,Female,40,0,143761.48776973996,0,True,True,49587.82618507696,False,False,2,SILVER,611.1916908411265
7470,18600553,Yang,455,Belgium,Female,43,1,137693.56063264003,0,True,True,84329.07316202267,False,True,3,PLATINUM,501.042304752836
4749,18598598,Davidson,562,Belgium,Male,37,0,105037.237908612,2,True,True,98645.54323296236,False,False,3,GOLD,414.21718198952993
3413,18706032,Ponomarev,432,Belgium,Male,45,5,171529.9654723051,2,False,False,25400.46902909228,False,False,0,GOLD,435.40735036593753
2190,18762220,Vincent,439,Belgium,Female,47,-1,162386.80120963277,2,False,False,130560.7039217698,False,False,2,GOLD,349.4837525149828
9204,18637627,Jen,503,Belgium,Female,41,3,38833.07664655183,1,False,False,41843.42357123725,False,False,2,DIAMOND,521.4719419276976
7057,18689065,Ting,414,Belgium,Female,44,5,81068.9397234651,0,True,False,89674.05111609958,False,True,2,GOLD,437.1123656819433
2150,18800543,Ts'ui,511,Belgium,Male,47,2,107087.5444494197,2,True,False,43409.92343686425,False,False,2,SILVER,447.3817623091196
6499,18588931,Humphries,434,Belgium,Male,49,5,191532.22664371092,1,True,False,113827.96309366771,False,False,4,GOLD,601.0825965548971
6232,18625354,Parry,501,Belgium,Female,49,8,820.983690506393,2,True,False,78408.33266118348,False,False,3,PLATINUM,661.5183497090247
-136,18769980,Kornilova,435,Belgium,Male,50,3,80079.06247226919,2,False,False,26273.82326795939,False,False,3,DIAMOND,458.6021510620786
1763,18620582,Olejuru,538,Belgium,Male,52,2,108678.27739375371,2,False,False,59880.76380725771,False,False,2,PLATINUM,424.7773987576971
9056,18826385,Wei,449,Belgium,Female,46,0,158517.17915816736,0,True,True,40968.70175000061,False,False,0,DIAMOND,275.835854049521
8398,18833278,Biryukov,470,Belgium,Female,47,8,108367.2437315174,0,False,True,56885.94815302276,False,False,4,DIAMOND,701.8537110767614
1461,18544391,Tuan,419,Belgium,Male,42,7,135593.485298804,1,True,True,74866.48345110883,False,False,3,SILVER,611.6923467054661
6178,18736550,Fang,364,Belgium,Female,41,3,113907.97409763077,1,True,True,24802.609707100568,False,False,3,PLATINUM,699.0495977843806
3549,18592377,Ofodile,431,Belgium,Male,42,7,42307.93292191273,0,False,False,17079.068620356247,False,True,5,GOLD,525.5397740805018
6412,18640304,Waring,516,Belgium,Male,41,4,170493.74835971658,1,False,True,54188.54938432312,False,False,0,DIAMOND,467.2694501957417
1963,18634008,Aitken,419,Belgium,Female,47,3,94802.34799113692,1,True,False,83799.1283120437,False,True,3,DIAMOND,347.9249413017282
4760,18614309,Wilding,411,Belgium,Male,42,9,172391.67407851038,1,True,True,64330.4561490551,False,False,3,GOLD,441.0742640799903
3403,18605953,Yeh,413,Belgium,Female,40,13,142816.19798448353,1,True,True,76174.65144313342,False,False,2,DIAMOND,493.972524026013
3876,18683117,Bellucci,326,Belgium,Female,48,6,182638.6894403382,0,False,False,87529.8650298421,False,True,3,SILVER,449.7818961314355
3780,18587762,Murphy,438,Belgium,Female,51,3,123169.9887675013,1,True,True,20137.873530825364,False,False,1,PLATINUM,409.45920545414
6423,18632837,Pickering,419,Belgium,Female,47,9,205596.5324630105,2,False,True,82679.47562330474,False,False,5,GOLD,514.6646692095132
-1235,18687890,Barry,415,Belgium,Male,50,10,129396.2012925596,0,True,True,47961.622281936696,False,False,4,DIAMOND,440.6153195579644
2443,18642337,Longo,424,Belgium,Female,43,6,179986.03030662853,1,True,True,79526.78940983182,False,False,3,PLATINUM,246.71730863077764
9045,18711679,Ginikanwa,440,Belgium,Female,47,8,121502.45135131697,2,True,False,95982.39308324068,False,False,3,SILVER,510.2582017225783
3242,18584123,Wanliss,359,Belgium,Male,42,5,102765.61359591957,1,False,True,69282.31244165052,False,True,3,SILVER,561.4108156264474
8696,18746293,Chuang,483,Belgium,Female,46,10,115915.98518703243,2,True,True,31272.846580141097,False,False,4,PLATINUM,685.1562914322221
1655,18587173,Tao,378,Belgium,Male,52,4,165068.09000130658,1,True,True,58127.26141466141,False,False,5,GOLD,278.04080802747103
2183,18788713,Ross,411,Belgium,Female,46,7,18654.5771781002,1,True,False,41981.67277414905,False,False,1,SILVER,653.3286040251091
10478,18745336,Manna,441,Belgium,Female,49,8,103658.56473485634,1,False,True,40789.744413173146,False,False,3,PLATINUM,296.214433101483
7690,18688165,Lei,501,Belgium,Female,36,1,130033.03074589148,2,True,False,90289.50103889762,False,True,6,PLATINUM,580.7140977992907
2129,18743751,Pinto,330,Belgium,Male,50,7,203487.3926217956,0,True,False,46982.76806549586,False,True,1,SILVER,480.9740612634035
4455,18623588,Boyle,441,Belgium,Female,42,6,114995.58812278106,2,True,True,77597.17642980101,False,False,4,SILVER,627.6376195282254
4447,18537906,Matthias,472,Belgium,Female,48,3,212626.84276223552,1,True,True,73995.40631769724,False,True,3,SILVER,345.75133043870176
9584,18656636,Barrera,498,Belgium,Female,44,0,25325.10508652484,0,False,False,79638.18096308944,False,False,0,PLATINUM,556.2773346050526
8010,18672630,Duncan,431,Belgium,Female,40,8,60503.4211411155,0,False,True,95410.84023161347,False,False,3,PLATINUM,379.2608037692191
3824,18683136,Nwabugwu,459,Belgium,Female,39,2,148937.90968055703,1,True,False,26730.71579568813,False,True,3,SILVER,345.463017257297
9399,18767501,Arbour,458,Belgium,Male,49,-2,167751.721491294,0,False,False,56199.03612799232,False,True,3,SILVER,233.1528689548083
4947,18795637,Sun,391,Belgium,Male,43,3,74503.19962365548,1,True,False,127772.28407500686,False,False,4,PLATINUM,577.2453095491466
9849,18759413,Maslov,404,Belgium,Male,45,7,156391.28108341226,2,False,False,53194.012526539766,False,False,1,PLATINUM,427.5097032045634
8226,18620478,Kornilova,399,Belgium,Male,50,1,129774.6277700658,0,True,True,70882.03752478973,False,False,0,PLATINUM,344.3327931470645
6661,18757919,Ikedinachukwu,459,Belgium,Female,37,4,68968.20705637071,1,False,True,14536.65411303811,False,True,3,PLATINUM,486.6889631568762
10326,18640098,Pinto,401,Belgium,Female,48,2,133692.32722139292,2,False,True,27936.66831049352,False,False,4,SILVER,331.0682071594875
6579,18577925,Tu,430,Belgium,Male,58,2,100505.6385447864,1,False,False,34574.77778024487,False,True,2,PLATINUM,201.1120399352667
1456,18847445,Gartrell,524,Belgium,Male,46,6,80807.24998839581,1,False,False,53726.78282120856,False,True,4,DIAMOND,704.1145792972784
377,18751608,Yeh,510,Belgium,Male,34,5,151171.91677072868,3,True,True,40408.80950066959,False,True,2,PLATINUM,406.75220224799386
8675,18640597,Barling,466,Belgium,Female,40,10,132902.9573694387,1,False,False,68636.61431921499,False,False,3,SILVER,398.1127006893693
6214,18682645,Gallo,424,Belgium,Male,41,0,189895.56263431808,1,True,True,74515.60067606375,False,False,2,PLATINUM,504.9896840888276
-139,18789133,McGuirk,516,Belgium,Male,37,8,218880.3244694621,2,True,False,19216.760088200765,False,False,3,SILVER,363.0015098678644
7921,18612463,Fairley,445,Belgium,Female,42,1,80266.9615332802,1,True,False,85823.15961799667,False,False,3,PLATINUM,433.920160034184
9734,18763294,Perez,472,Belgium,Male,35,4,116237.3478900036,1,True,True,21200.172438430225,False,False,1,GOLD,382.067511362312
7778,18662570,Harrell,319,Belgium,Male,55,6,145650.37418983236,1,True,False,32158.895550891964,False,False,4,PLATINUM,379.3533133984513
8882,18579613,Goddard,446,Belgium,Female,42,5,210156.56239635564,1,True,False,56659.19768310104,False,True,1,SILVER,387.8969147230234
6815,18766689,Young,339,Belgium,Male,46,1,129975.60469561256,2,True,True,7968.263032129204,False,False,5,PLATINUM,390.7112015489407
7008,18746242,Esposito,469,Belgium,Female,48,6,19425.991465897947,3,False,True,38656.77314637397,False,False,4,DIAMOND,521.0898875247286
4455,18604167,Rizzo,505,Belgium,Female,44,8,44848.104352814655,2,False,True,105794.37332130616,False,False,1,DIAMOND,691.9653862599126
4403,18609274,Feng,402,Belgium,Male,37,4,136264.2272273323,0,True,False,78681.05393745916,False,True,2,DIAMOND,562.2420601228564
8464,18731706,Gomes,465,Belgium,Female,42,1,74161.80614738836,1,True,False,75693.69968970562,False,False,1,GOLD,421.9070572269725
11911,18620114,Chiefo,484,Belgium,Male,51,4,99627.9393645784,2,True,True,57032.17648040629,False,False,1,DIAMOND,564.4895741652148
8141,18752907,Daluchi,465,Belgium,Male,43,9,93143.27169832372,0,True,False,77837.33983037829,False,False,4,GOLD,550.8284155612819
9930,18747174,Lawrence,520,Belgium,Female,41,0,157981.22058976747,1,True,True,137152.89100905467,False,True,3,PLATINUM,564.6434384972569
7281,18650879,Iadanza,406,Belgium,Male,46,2,130629.20835826236,2,True,True,121915.6710053886,False,False,4,PLATINUM,509.4472571732038
7690,18653334,Nnonso,531,Belgium,Female,49,7,47785.1472350611,2,True,True,75140.50729315594,False,False,3,PLATINUM,413.0358560717692
4434,18545821,Bellucci,378,Belgium,Female,44,7,230532.72179907,0,False,False,75691.42219979696,False,True,2,SILVER,408.1515645589154
5179,18628874,Marsden,482,Belgium,Male,40,1,122905.9066041526,2,False,False,32205.810371316784,False,False,5,GOLD,246.14727441464544
8330,18712669,Mazzanti,484,Belgium,Female,57,5,122004.32667666784,2,False,False,120454.34019123412,False,False,4,PLATINUM,280.19649543001026
7400,18627786,Rowland,357,Belgium,Female,43,11,131536.20501522205,1,False,False,75028.05218768053,False,True,0,SILVER,437.7705616767015
9011,18670702,Becher,420,Belgium,Male,40,9,187496.64268558123,1,True,False,57200.02064752241,False,True,5,PLATINUM,467.72186150192624
6319,18772136,Madukaego,510,Belgium,Female,40,0,157010.40454496603,1,False,True,3133.9620448984315,False,False,4,SILVER,540.8620712792111
2545,18759462,Mai,380,Belgium,Female,43,5,118677.0796492001,1,False,False,66550.84769753057,False,False,3,GOLD,375.2715721152216
3171,18635348,Koch,457,Belgium,Female,39,2,150847.12411045216,1,True,False,83559.85617082615,False,False,3,DIAMOND,425.5852820010779
2264,18704558,Volkova,386,Belgium,Male,47,3,102668.06191129422,0,True,False,63169.132760600165,False,False,5,GOLD,636.2703053658452
1570,18619937,Yudina,410,Belgium,Female,41,6,108396.04260929946,0,True,True,55876.36151299843,False,False,3,PLATINUM,492.89143746611495
7137,18799580,Zaytseva,526,Belgium,Male,44,5,103700.1057705812,0,True,True,148583.5341975436,False,False,1,DIAMOND,561.2840549096168
1578,18735546,Anderson,494,Belgium,Female,44,3,98417.44651951305,2,True,True,88752.92021094628,False,False,3,PLATINUM,653.7089608534561
3298,18579491,Stone,447,Belgium,Female,50,6,180112.61950592566,1,False,True,9464.045609995805,False,False,2,GOLD,421.56736483683073
6524,18738803,H?,367,Belgium,Female,49,9,157673.83766794976,1,True,True,64454.94102829087,False,False,3,PLATINUM,368.20995004128497
8930,18572152,Samaniego,496,Belgium,Female,52,1,121987.1161799918,1,False,False,61644.13386823014,False,True,5,PLATINUM,690.1897653056888
3526,18687522,Hayward,371,Belgium,Male,41,1,55050.036499114765,1,True,True,33478.12499345906,False,False,1,GOLD,469.0146411792588
4726,18661439,Tochukwu,451,Belgium,Male,48,0,137421.47441574873,1,False,True,45090.73022719975,False,False,0,SILVER,444.99703259181376
4928,18827301,Nwabugwu,501,Belgium,Male,52,4,91348.65630220762,0,False,True,88588.37292535238,False,False,3,DIAMOND,542.5973912823662
7515,18585188,Su,438,Belgium,Female,43,5,184610.42184906712,1,True,False,102525.0457644212,False,False,3,PLATINUM,426.7986678718741
447,18654044,Turnbull,479,Belgium,Male,36,1,99079.11399653078,0,True,True,88655.27749951776,False,False,3,DIAMOND,421.0034349015253
7001,18580831,Knight,513,Belgium,Male,33,11,171433.07799843288,2,False,False,19379.91729234352,False,False,1,PLATINUM,430.6068132027892
3573,18534836,Udegbulam,418,Belgium,Male,39,10,168895.0328958206,1,True,True,23881.99231107096,False,False,1,GOLD,466.06835224225966
2717,18570451,Artemyeva,453,Belgium,Female,46,2,128565.60703154343,0,True,True,116607.8029895348,False,False,1,DIAMOND,583.6117537488329
-637,18585095,He,511,Belgium,Male,36,4,113970.21375220644,1,False,True,77877.47718062116,False,True,4,GOLD,385.3396992686343
1214,18797844,Golubev,387,Belgium,Female,41,6,142553.9592372106,1,True,True,84141.92910719906,False,False,3,SILVER,564.3526483887042
1900,18708261,Swearingen,436,Belgium,Female,47,1,76378.13544964096,0,True,False,27945.16971067015,False,False,2,SILVER,647.2248742522033
10721,18574375,Yao,424,Belgium,Male,45,3,106242.94885999717,0,True,False,57019.99655977649,False,False,2,SILVER,424.7715234919015
9790,18656341,Tretiakova,438,Belgium,Female,45,2,143315.84987579432,2,True,False,69466.11966140837,False,False,0,PLATINUM,661.9775032537872
8345,18676835,P'eng,450,Belgium,Female,56,8,108287.0584931648,0,True,False,45457.8714721157,False,True,4,GOLD,355.61980409312395
2351,18778543,Fang,402,Belgium,Male,28,3,128890.56742529126,2,True,False,32541.217782577307,False,False,3,SILVER,348.89594582927265
295,18751241,Kodilinyechukwu,553,Belgium,Male,49,2,133521.83661797587,0,True,False,94779.1388713197,False,True,1,PLATINUM,401.1783745337975
3156,18784077,Bentley,472,Belgium,Female,44,6,2570.033007595055,2,True,True,109978.67192092024,False,False,4,DIAMOND,541.0995435617223
8581,18798421,Nnamdi,309,Belgium,Male,43,1,104081.09711373557,0,False,False,83704.40596570172,False,False,4,GOLD,391.46938538161936
8096,18725259,Hsieh,393,Belgium,Female,49,2,139413.7230862658,1,True,False,127652.353852492,False,False,5,SILVER,461.7626175925952
1633,18646847,Collins,462,Belgium,Male,48,4,138468.1377598836,0,True,True,59843.53469544297,False,False,1,SILVER,493.75773426978986
2351,18833660,Yashina,452,Belgium,Female,35,6,107016.2373465554,4,True,True,71301.10835867719,False,True,4,SILVER,283.3585665236861
4920,18657318,Benson,362,Belgium,Female,43,3,107360.82119950096,2,True,False,80333.74616297019,False,False,3,PLATINUM,560.1255645335425
8749,18582842,Parkes,423,Belgium,Male,57,8,120104.68275298052,0,True,True,105311.96547729296,False,False,5,SILVER,396.7537094291393
4685,18523992,Kovaleva,471,Belgium,Female,45,8,46402.64803260834,0,True,True,70599.39424996168,False,False,0,DIAMOND,321.06704207497137
464,18762890,Cheng,521,Belgium,Female,52,1,116184.29024927843,1,False,True,49489.06056309016,False,False,2,PLATINUM,494.3202822550437
4042,18682703,Messersmith,475,Belgium,Female,57,6,52378.03512102437,1,False,True,34970.60582928338,False,False,3,PLATINUM,722.8200820457499
6703,18776705,Ricci,479,Belgium,Male,46,9,146620.901679312,1,True,True,71682.50806634997,False,False,3,SILVER,545.9398626802298
5803,18627892,Currey,376,Belgium,Male,45,4,229299.4910339947,1,True,False,82759.32524567233,False,False,1,PLATINUM,453.7264265937042
7188,18723729,Dawson,431,Belgium,Male,45,2,124628.61394279145,2,True,True,10608.182893546656,False,False,3,GOLD,471.6280636911218
1511,18682101,Blakey,399,Belgium,Female,53,1,138905.76426396868,2,True,False,60490.30305847731,False,False,2,SILVER,394.5295448133079
2738,18701400,Rozhkova,453,Belgium,Male,43,3,115681.21797359228,2,True,True,13668.189853005331,False,False,3,SILVER,459.1675594449911
-538,18603381,Chu,474,Belgium,Female,53,-1,135438.96647017586,0,True,False,55072.15805451638,False,False,0,GOLD,482.52416292708057
8258,18783954,Knight,491,Belgium,Male,38,7,90930.0199428797,1,False,False,71694.49602480554,False,False,3,SILVER,384.7662527871848
541,18660047,Chukwudi,512,Belgium,Male,35,10,145793.3329960495,1,True,False,40859.66597961605,False,False,2,DIAMOND,640.4400478656626
4435,18631623,Mason,427,Belgium,Female,43,2,50108.2666389454,1,True,False,131492.93334298208,False,False,4,DIAMOND,680.971281507076
8245,18689144,Campbell,453,Belgium,Female,29,6,106909.25275436616,0,True,True,58037.04448902676,False,False,2,GOLD,487.5154606058941
8552,18594282,Chiemenam,484,Belgium,Female,37,6,87017.23022058651,0,True,False,126333.87850309024,False,True,0,PLATINUM,453.18430062792976
3831,18770956,Mazzanti,534,Belgium,Male,41,6,147626.43550198327,1,False,True,93537.65067508836,False,True,0,GOLD,497.5654441428181
